,ingredient,allergens
0,pepperoni: pork,[]
1,"cooked chicken meat (chicken meat, water, potato starch, sea salt)",[]
2,xanthan gum and spices,[]
3,almonds natural,['tree nuts']
4,"cheddar club cheese (cheddar cheese [pasteurized milk, cheese culture, salt, enzymes], water, salt, annatto color)",['dairy']
5,coconut carnauba plant wax (used for non-sticking),[]
6,"(sugar ,glycerin ,,citric acid ,sunflower oil ,)cinnamon",[]
7,"imported pecorino romano cheese (pasteurzied sheep's milk, salt, cheese culture, enzymes)",['dairy']
8,contains less than 2% natural vanilla flavor,[]
9,mono & diglycerides salt,[]
10,potassium bitartrate,[]
11,contains less than 2%: corn syrup solids,[]
12,"vegetable shortening (monounsaturated canola oil, palm oil, palm kernel oil)",[]
13,cooked italian sausage [pork,[]
14,"vegetable broth (water, carrots, onions, celery, salt, carrot juice concentrate, sugar, yeast extract, natural flavoring, potato flour, dehydrated carrots)",['celery']
15,stevia leaf (reb mand d),[]
16,cookie dough extract,[]
17,redskin potatoes,[]
18,"filling ingredients: pre-cooked scrambled eggs (eggs, skim milk, soybean oil, corn starch, salt, xanthan gum, citric acid preservative, pasteurized process cheddar cheese blend with bacon (bacon [cured with: water, salt, sodium erythorbate, sodium nitrite. may contain: sugar, smoke flavoring, sodium phosphate], cheddar cheese [milk, cheese culture, salt, enzymes], water, sodium phosphate, food starch-modified, milkfat, sodium alginate, salt, lactic acid, sorbic acid preservative, artificial color)","['eggs', 'dairy', 'soybeans']"
19,"natural caramel flavor base (sugar, corn syrup, high fructose corn syrup, buttermilk, skim milk, butter, mono and diglycerides)",['dairy']
20,"romano cheese (pasteurized milk, culture, enzymes, salt)",['dairy']
21,"chocolate swirl(sugar, water, cocoa, corn starch, carrageenan, vanilla, natural flavor)",[]
22,dextrise,[]
23,"raw kombucha (carbonated water, sugar+, black tea leaves, green tea leaves, kombucha culture (yeast, bacteria cultures))",[]
24,enzyme and trace of lime,[]
25,"pepper & margarine(oil, water, mono & diglycerides, sodium benzoate added as preservative, lactic acid, artificial butter flavor, colored and beta carotene, vitamin a palmitate added.) wrap dough: wheat flour enriched (niacin, reduced iron, thiamin, mononitrate, riboflavin & folic acid)","['wheat', 'soybeans']"
26,"cooked long grain white rice (water, rice)",[]
27,"seasoning salt (salt, sugar, cornstarch, paprika, turmeric, onion, spice, calcium)",[]
28,precooked quinoa [water,[]
29,wild ginger 1,[]
30,less than 2% of: bacon fat,[]
31,live active cultures live active cultures: l,[]
32,seasoning [starch (corn),[]
33,organic raw almond butter,['tree nuts']
34,"dehydrated vegetables (broccoli, spinach, garlic, onion)",[]
35,"bagel (enriched flour [wheat flour, niacin, reduced iron, thiamine mononitrate {vitamin b1}, riboflavin {vitamin b2}, folic acid], water, whole wheat flour, contains less than 2% of the following: sugar, wheat gluten, yeast, salt, soybean oil, modified wheat starch, soy protein isolate, vinegar [preservative])","['wheat', 'soybeans', '**gluten']"
36,"vega protein blend (pea protein, saviseed [sacha inchi] protein, hemp seed protein, sprouted whole grain brown rice protein)",[]
37,serrano ham,[]
38,soya lecithin (emulsiifier),['soybeans']
39,"roasted garlic sauce (water, coconut milk [coconut cream, water], roasted garlic, chicken stock [chicken stock, salt], chicken fat, tapioca starch, chablis wine, yeast extract, butter ghee [milk], coconut sugar, lemon juice concentrate, roasted dehydrated garlic, sea salt, black pepper, granulated onion, xanthan gum)",['dairy']
40,pinto bean flour,[]
41,"olives (ripe olives, water, sea salt, ferrous gluconate [an iron derivative])",[]
42,garlic flavor,[]
43,"fruit juice concentrates (apple, lemon, peach, strawberry)",[]
44,contains 2% or less of: sodium acid pyrophosphate,[]
45,sugar (r) and/or glucose fructose syrup (s),[]
46,"cereal milk swirl (rice syrup, water, sugar, corn starch, natural flavor, titanium dioxide, cultured dextrose [maltodextrin], salt)",[]
47,"seasoning (maltodextrin, salt, sugar, monosodium glutamate, roast flavor [maltodextrin, natural flavor, autolyzed yeast extract, modified food starch, corn syrup solids, tricalcium phosphate, salt], paprika, onion powder, autolyzed yeast extract, garlic powder)",[]
48,"caramel filling (water, cane sugar, condensed skim milk, butter [cream, salt], cream, natural flavor, pectin, gluconic acid, xanthan gum, corn starch, sea salt, color [caramel color and annatto extract], gum arabic, sunflower lecithin, disodium phosphate, potassium sorbate added to preserve freshness)",['dairy']
49,red jalapeo,[]
50,expeller - pressed oleic safflower oil,[]
51,oil of onion,[]
52,freshly ground whole white peppercorn,[]
53,"fried bringel paste (bringel, olive oil)",[]
54,"color (turmeric, paprika, and annatto)",[]
55,cottonseed,[]
56,contains less than 2% caramel color,[]
57,"cooked italian style pizza topping (sausage [pork, mechanically separated chicken, spices, salt, water, sugar, paprika, flavorings, sodium phosphates], water, textured vegetable protein (soy flour, soy protein concentrate, caramel color]). crust: flour (wheat, malted barley), water, contains 2% or less of: soybean oil, sugar, yeast, salt, cultured wheat starch, citric acid, l-cysteine, soy lecithin (processing aid)","['soybeans', 'wheat']"
58,filling: filtered water,[]
59,"pasteurized process cheddar cheese (cheddar cheese (pasteurized milk, cheese cultures, salt, enzymes), water, cream, sodium phosphate, salt, sorbic acid, annatto coloring)",['dairy']
60,walnut oil (walnut),['tree nuts']
61,spices (including black and red pepper),[]
62,linaza y cola de caballo,[]
63,"white chocolate marshmallow bits (white chocolate [sugar, cocoa butter, milk, soy lecithin, natural flavor], dehydrated marshmallows [sugar, corn syrup, modified cornstarch, gelatin, sodium hexametaphosphate, artificial flavor, natural flavor, artificial color {blue 1}], gum acacia, sugar, confectioner's glaze)","['dairy', 'soybeans']"
64,"sundried tomatoes (sundried tomatoes, salt)",[]
65,organic sugar-beet syrup,[]
66,"spices (pepper, paprika, parsley, onion, basil, oregano, lovage, dill)",[]
67,benzoate of soda and sodium metabisulfite added as preservative,[]
68,whole rolled rye,[]
69,product contains: corn syrup,[]
70,"cheddar cheese (cultured pasteurized milk, salt, enzymes, calcium chloride)",['dairy']
71,"less than 2% of: white chocolate drizzle (sugar, cocoa butter, whole milk powder, soy lecithin added as an emulsifier and natural vanilla flavor))","['dairy', 'soybeans']"
72,"and asiago cheese (pasteurized part skim milk, cheese culture, salt, enzymes)",['dairy']
73,organic oleic sunflower oil and salt,[]
74,peppermint bark ingredients: sugar,[]
75,orange concentrate,[]
76,"garlic parmesan butter (unsalted butter [pasteurized cream, lactic acid], parmesan cheese [pasteurized cow's milk, cheese culture, salt, enzymes, powdered cellulose {anticaking agent}], roasted garlic, garlic puree [garlic, citric acid], parsley, onion salt, oregano, basil, chives, cultured skim milk, garlic salt, black pepper)",['dairy']
77,tumeric [color],[]
78,ingredients of seasoning packet: salt,[]
79,"fruit disk & peppermint starlight mix (sugar, corn syrup, citric acid, salt, apple puree, natural & artificial flavors, titanium dioxide [for color], artificial colors [red 40, yellow 5, yellow 6, red 40 lake, blue 1, red 3])",[]
80,durum (wheat) semolina,"['wheat', 'gluten']"
81,tragacanth gum,[]
82,"parmesan cheese (pasteurized part-skim milk, cheese cultures, salt, enzymes and powdered cellulose [anti-caking agent])",['dairy']
83,white corn,[]
84,fermented soybeans,['soybeans']
85,leavening salt,[]
86,"semi-sweet chocolate drops (sugar, chocolate liquor, dextrose cocoa butter, soy lecithin [emulsifier])",['soybeans']
87,organic tahini (sesame seeds),['sesame']
88,garlic (contains high fructose corn syrup),[]
89,"cultured celery juice powder (cultured celery juice powder, sea salt, organic canola oil)",['celery']
90,"romano cheese (sheep's and/or cow's milk, cheese culture, salt, enzymes) and/or parmesan cheese (cow's milk, cheese culture, salt, enzymes)",['dairy']
91,"lime juice (water, lime juice concentrate, lime oil)",[]
92,star anise,[]
93,"glucose-fructose syrup (glucose syrup, high fructose corn syrup)",[]
94,"red raspberry juice from concentrate (water, red raspberry juice concentrate)",[]
95,organic white vinegar,[]
96,sodium metabisulfite (as a preservative),"['sulphur dioxide', 'sulphites']"
97,"protein blend (whey protein isolate, dried egg whites)","['eggs', 'dairy']"
98,contains 2% or less of: white vinegar,[]
99,"toasted corn (corn, high oleic oil [contains one or more of the following: canola and/or safflower oil], sea salt)",[]
100,green leaf lettuce,[]
101,green coffee caffeine,[]
102,soybean and palm oil,['soybeans']
103,sunflower oil (30%),[]
104,kasmati rice,[]
105,milk minerals,['dairy']
106,split peas,[]
107,air popped popcorn,[]
108,"topping (imitation mozzarella blend (water, palm oil, modified potato starch, rennet casein, modified corn starch, sodium citrate, salt, sodium phosphate, natural flavor, carrageenan, lactic acid, artificial color), mozzarella (pasteurized cultured reduced fat milk, salt, enzymes), diced pepperoni made with pork-chicken added-smoke flavor added (pork, mechanically separated chicken, salt, spices, water, dextrose, seasonings (natural spice extractives, extractives of paprika, natural smoke flavor, bha, bht, citric acid), lactic acid starter culture, sodium nitrite))","['dairy', 'wheat']"
109,with 2% or less of the following: salt,[]
110,"artificial colors (yellow 5 lake, blue 1, yellow 5)",[]
111,10 apple - filtered water,[]
112,set in vegetable oil,[]
113,aniseeds,[]
114,"vegetable oil (partially hydrogenated palm kernel oil, soybean and palm oil with tbhq for freshness)",['soybeans']
115,organic psyllium,[]
116,"natural flavor (natural flavor, salt, beef fat)",[]
117,heavy cream cream,['dairy']
118,"bistro bun (enriched wheat flour [wheat flour, malted barley flour, niacin, reduced iron, thiamine mononitrate, riboflavin, folic acid], water, potato flour, sugar, canola oil, contains less than 2% of: yeast, sea salt, wheat gluten, mold inhibitors [cultured wheat starch, cultured sugar, vinegar], sodium bicarbonate, calcium sulfate, sodium acid pyrophosphate, monoglycerides, propionic acid [preservative], phosphoric acid, ascorbic acid, enzymes)","['wheat', 'gluten']"
119,"milk cream cane sugar chocolate chips (unsweetened chocolate, cane sugar, palm kernel oil, cocoa butter, soy lecithin, vanilla extract)","['dairy', 'soybeans']"
120,lemon pepper: spices (contain pepper and lemon peel),[]
121,"contains 2% or less of each of the following: breader (enriched wheat flour [enriched with niacin, ferrous sulfate, thiamine mononitrate, riboflavin, folic acid], salt, soybean oil)","['wheat', 'soybeans']"
122,alaskan snow crab legs surimi (fish protein) (contains one or more of the following: pollock and/or pacific whiting),['fish']
123,"balsamic vinegar (wine vinegar, grape must, caramel [color], contains sulfites)",['sulphites']
124,skim milk and pectin,['dairy']
125,"flagship sauce (milk, flagship cheese [pasteurized milk, salt, culture, enzymes], just jack cheese [pasteurized milk, salt, culture, enzymes], butter [cream, salt], water, wheat flour, rice starch, chipotle puree [chipotle peppers, water, tomato paste, onion, sugar, may contain 2% or less of salt, vinegar, sunflower seed oil, paprika, garlic, corn starch, spices {oregano, bay leaves, thyme, cumin, celery seed}], salt, dehydrated garlic)","['dairy', 'wheat']"
126,vt maple sugar,[]
127,"imitation monterey jack cheese (water, food starch, palm oil, whey, salt, caseinate, sodium phosphate, sorbic acid [as a preservative], carrageenan, natural flavor, artificial color, lactic acid)",['dairy']
128,"sundried tomato flavor (corn oil, virgin olive oil, dehydrated tomato, tomato powder, natural flavor, sundried tomato)",[]
129,duroc fresh pork tenderloins,[]
130,organic cultured wheat,['gluten']
131,"potato shell (potato, canola oil)",[]
132,"microbial enzymes (non-animal, rennetless)",[]
133,organic pinto beans,[]
134,pectin contains less than 0,[]
135,organic barley grass juice,[]
136,"everything bagel (unbleached enriched flour [wheat flour, malted barley flour, nacin, reduced iron, thiamine mononitrate, riboflavin, folic acid], water, bagel blend [sugar, sea salt, malted barley flour, yeast, molasses, wheat gluten, soybean oil, honey, cultured wheat starch {for added freshness}, ascorbic acid, enzymes], contains 24 or less of the following: topping mix [sesame seeds, poppy seeds, dried garlic, dried onions], sugar, wheat flour, enzymes, ascorbic acid, soybean oil, vegetable monoglycerides, guar gum, corn syrup solids, yeast, wheat gluten, distilled vinegar)","['wheat', 'gluten', 'sesame']"
137,whole buckwheat flour,[]
138,ingredients: rice,[]
139,monosodium glutamate autolyzed yeast extract,[]
140,sweetened dried cranberrries (cane sugar),[]
141,"gluten free flour (potato starch, rice flour)",[]
142,"brown rice pasta (whole grain brown rice, rice bran, water)",[]
143,organic grade a milk and cream,['dairy']
144,"orange juice powder (corn syrup solids, natural flavors (orange juice solids, orange oil))",[]
145,concentrate,[]
146,chocolate cookies (artificially flavored): ingredients: wheat flour,['wheat']
147,silicon dioxide (added as a flow agent),[]
148,cultured pasteurized goat's milk,['dairy']
149,"yogurt powder (cultured whey protein concentrate, cultured skim milk)",['dairy']
150,rice flour (white & sweet rice),[]
151,corn and/or canola oil,[]
152,ingredients: egg,['eggs']
153,"textured vegetable protein (non-gmo isolated soy protein, non-gmo defatted soy flour, corn starch, wheat protein)","['soybeans', 'wheat']"
154,"black olives (olives, water, salt, ferrous gluconate)",[]
155,"battered eggplant: (eggplant, wheat flour, soybean oil, salt, garlic powder, onion powder, oregano, parsley and pepper powder)","['eggs', 'wheat', 'soybeans']"
156,"bleached enriched flour (wheat flour, niacin, iron, thiamine mononitrate, riboflavin, folic acid)","['wheat', 'gluten']"
157,"lemon juice (lemon juice natural strength, 1/10 of 1% sodium benzoate)",[]
158,barley amylase,[]
159,5% or less of each of the following: potassium sorbate (preservative),[]
160,smoked salt,[]
161,"dough conditioner (fumaric acid, xanthan gum, mono- and diglycerides, sodium metabisulphite)","['sulphur dioxide', 'sulphites']"
162,"bittersweet chocolate drop (chocolate liquor, sugar, cocoa butter, butterfat [milk], soy lecithin, vanilla extract)","['dairy', 'soybeans']"
163,sodium bicarbonate (legvening),[]
164,"strawberry puree (strawberries, water, sugar, guar gum, natural flavors, citric acid, carrageenan)",[]
165,coconut ice cream: skim milk,['dairy']
166,fairtrade molasses,[]
167,natural flavors including smoke (contains maltodextrin),[]
168,shell eggs,['eggs']
169,organic pea shoots,[]
170,arbol pepper,[]
171,"cooked turkey (turkey breast, water, seasoning [autolyzed yeast extract, maltodextrin, salt, turkey flavor, turkey stock, flavor, gum arabic], modified food starch, salt, canola oil, carrageenan, sodium phosphate, natural flavoring, paprika)",[]
172,d-calcium pantothenate (pantothenic acid),[]
173,organic lemon essential oil,[]
174,sodium propionate and potassium sorbate (to retard spoilage),[]
175,"dijon mustard (water, mustard seed, vinegar, salt, white wine, citric acid, turmeric, tartaric acid, spices)",['mustard']
176,soybean and/or canola and/or olive oil,['soybeans']
177,humectant (glycerol),[]
178,cream cheese (cultured milk and cream),['dairy']
179,"skim milk cheese (pasteurized cultured skim milk, salt, enzymes)",['dairy']
180,"fruit juice from concentrate (apple, cherry, lemon, orange, strawberry)",[]
181,salt),[]
182,"heirloom tomatoes (italian whole peeled tomatoes [tomatoes, tomato juice])",[]
183,meat,[]
184,contains 1% or less of the following: natural flavors,[]
185,modified food starch (corn and/or potato),[]
186,whole wheat flour,"['wheat', 'gluten']"
187,"feta cheese (pasteurized milk, salt, cheese cultures, enzymes)",['dairy']
188,spirulina extract for color,[]
189,stone ground yellow corn,[]
190,"bleached enriched wheat flour (flour, niacin, ferrous sulfate or reduced iron, thiamin mononitrate, riboflavin, folic acid, high fructose corn syrup, corn syrup, shortening (tallow, hydrogenated tallow, cottonseed oil, mono and diglycerides, polysorbate 60, soy lecithin), soybean oil, palm oil, cocoa processed with alkali, shortening (tallow, hydrogenated tallow), contains 2% or less: glycerin, cornstarch, whey, modified cornstarch, baking soda, salt, inulin, calcium carbonate, sorbic acid and potassium sorbate (to retain freshness), egg, calcium sulfate, mono and diglycerides, egg whites, polysorbate 60, sodium stearoyl lactylate, dextrose, natural and artificial flavor, sodium polyphosphate, agar, titanium dioxide (color), xanthan gum, hydrogenated soybean oil, defatted soy flour, enzymes, cellulose gum, red 40 lake, locust bean gum, soy lecithin, monocalcium phosphate, sodium phosphate","['wheat', 'gluten', 'eggs', 'soybeans']"
191,"topping (oats, cane syrup, cane sugar, soy protein crisps [soy protein isolate, tapioca starch, salt], sunflower oil, protein powder [soy protein isolate, tapioca starch, salt], almonds, honey, salt, natural flavors)","['soybeans', 'tree nuts']"
192,"white miso paste1 (water, rice1, soybeans1, salt, aspergillus oryzae)",['soybeans']
193,reduced fat asadero cheese [pasteurized reduced fat milk,['dairy']
194,caprylic/ capric triglycerides,[]
195,sliced tomatoes,[]
196,"monterey jack cheese (cultured milk, salt, enzymes)",['dairy']
197,"cranberry crumbles (cranberries, sugar, sunflower oil)",[]
198,"bacon (cured with water, salt, sugar, smoke flavor, sodium phosphates, sodium erythorbate, sodium nitrite)",[]
199,edam cheese,['dairy']
200,dehydrated banana,[]
201,"strawberry ice cream (skim milk, butter, sugar, strawberry paste, corn syrup, betanin [color], mono and diglycerides, guar gum, carrageenan, sodium alginate, polyoxyethylene sorbitan monooleate [emulsifier], locust bean gum, sodium phosphate, artificial flavor, carotene [color])","['dairy', 'eggs']"
202,mono- and diglycerides (prevents foaming),[]
203,"diced tomatoes (calcium chloride, citric acid)",[]
204,potato starch and powdered cellulose,[]
205,"mustard (mustard seed, organic vinegar, salt, turmeric, spices)",['mustard']
206,ergocalciferol (vit. d2),[]
207,pumpkin spice,[]
208,calcium propionate and potassium sorbate (as preservatives),[]
209,less than 1% of: spices,[]
210,isolated soy product,['soybeans']
211,contains milk and eggs,"['dairy', 'eggs']"
212,cacao butter+,[]
213,contains less than 2% of the following: coconut oil,[]
214,"organic cultured dextrose (organic cultured dextrose, organic maltodextrin)",[]
215,"(maltodextrin, modified corn starch, vinegar)",[]
216,black carrot juice and annatto extract (for color),[]
217,banana puree concentrate,[]
218,"mayonnaise (soybean oil, water, corn syrup, egg yolk, distilled vinegar, spice, salt, calcium disodium edta added to protect flavor)","['soybeans', 'eggs']"
219,"cheese (semisoft and cheddar [pasteurized milk, cheese culture, salt, enzymes])",['dairy']
220,"chocolate sauce (corn syrup, high fructose corn syrup, water, cocoa processed with alkali, modified corn starch, sugar)",[]
221,pollock fillets sauce water,['fish']
222,"margarine (liquid and hydrogenated soybean oil, water, salt, vegetable mono and diglycerides, soy lecithin, natural and artificial flavor, bha & bht added to protect flavor, vitamin a palmitate and vitamin d3 added)",['soybeans']
223,calcium chloride citric acid,[]
224,pumpkin,[]
225,organic ground yellow mustard seed,['mustard']
226,"pecorino romano cheese (ewe's milk, salt, rennet)",['dairy']
227,"mustard (distilled vinegar, water, mustard seed)",['mustard']
228,honey roasted sesame chips,['sesame']
229,contains 2% or less of the following: soy protein concentrate,['soybeans']
230,contains less than 2 % of each of the following: corn starch,[]
231,salt honey,[]
232,"vermicelli (semolina, ferrous sulfate, nicotinic acid, thiamine mononitrate, riboflavin)",[]
233,"black beans (prepared black beans, water, sugar, salt, calcium chloride, ferrous gluconate)",[]
234,hydrolyzed gelatin,[]
235,made from okra,[]
236,corn starch and cellulose added to prevent caking,[]
237,vitamin b6 (pyridoxine hydrochloride),[]
238,"white natural cheddar cheese curds (pasteurized milk, cheese cultures, salt, enzymes)",['dairy']
239,"marshmallows (corn syrup, sugar, corn starch - modified, gelatin)",[]
240,toasted dehydrated onion,[]
241,partially hydrogenated soybean/cottonseed oil,['soybeans']
242,"soy sauce (water, soybeans, salt, sugar)",['soybeans']
243,"gluten free pizza crust (water, rice flour, tapioca flour, soybean oil, sugar, potato flour, yeast, baking powder, salt, psyllium fiber, oregano, thyme, sage, marjoram, basil, rosemary)",[]
244,egg albumen,['eggs']
245,royal icing: powdered sugar,[]
246,"artificial coloring (includes red 40 lake, yellow 6 lake, yellow 6, yellow 5 lake, blue 2 lake, blue 1 lake)",[]
247,spices (includes parsley),[]
248,"aged cayenne pepper hot sauce (aged cayenne peppers, vinegar, water, salt, spice, garlic powder, xanthan gum)",[]
249,purple sweet potato color,[]
250,glyceryl triacetate,[]
251,malt syrup (from corn and barley),[]
252,"semi-sweet chocolate chips (cane sugar, chocolate liquor, cocoa butter)",[]
253,"mustard (vinegar, mustard seed, salt, turmeric, spices)",['mustard']
254,"breadcrumb(wheat flour, brewer's yeast, salt)","['wheat', 'gluten']"
255,"margarine (palm oil, water, soybean oil, salt, mono- & diglycerides, annatto [color], calcium disodium edta [preservative], artificial flavor, vitamin a palmitate)",['soybeans']
256,textured vegetable protein {soy flour,['soybeans']
257,"seasoning (maltodextrin, salt, garlic powder, onion powder, cane sugar, tomato powder, organic cultured buttermilk powder [organic skim milk, lactic acid, cultures], organic cultured cream, organic whole milk solids, yeast extract, citric acid, organic nonfat dry milk, dehydrated parsley, natural flavors, chili pepper)",['dairy']
258,potassium sorbate (<30 ppm)],[]
259,inactive baker's yeast,[]
260,"vegetable oil (soybean, canola, and/or rice bran)",['soybeans']
261,organic cornstarch organic malt extract,[]
262,"chicken broth powder (chicken broth, salt, natural flavoring)",[]
263,psyllium seed husk,[]
264,apple paste,[]
265,carnauba wax (glazing agent),[]
266,"pasteurized process cheddar cheese (cheddar cheese [cultured milk, salt, enzymes], milkfat, water, sodium phosphate, salt, potassium sorbate [preservative], annatto [color])",['dairy']
267,freeze-dried banana,[]
268,"chicken stock (water, chicken base [chicken meat, natural chicken juices, salt, sugar, autolyzed yeast extract, maltodextrin, natural flavor, onion powder, spice extract, turmeric {color}])",[]
269,preservative (tbhq),[]
270,"beauty blend (organic mct oil from coconut, vitamin e, biotin)",[]
271,"diced jalapenos (jalapeno peppers, water, vinegar, salt, sodium benzoate, calcium chloride)",[]
272,"tomatoes (tomatoes, tomato puree, salt)",[]
273,"ingredients enriched wheat flour (enriched with niacin, reduced iron, thiamin mononitrate, riboflavin, folic acid, water scrambled eggs (pasteurized whole eggs, nonfatmilk, soybean oil, modified food starch, salt, xanthan gum, citric acid, butter flavor (maltodextrin, natural butterflavor, annatto and turmeric [added for colori), spice and/or liquid pepper extract), potatues (with sea salt, canola oil), cheese sauce (water, cheddar cheese (pasteurized milk, cheese culture, salt, enzymes), modified corn starch, soybean and/or canola oil, whey, xanthan gum, nonfat dry milk, salt, sodium phosphate, butter oil, sugar, yeast extract, paprika and annatto [color], natural flavors), vegetable oil (soybean, canola and/or corn oil), pork sausage (pork, water, salt, spices, corn syrup solids, sugar, autolyzed yeast extract, spice extractive), tomatoes (with juice, citric acid, calcium chloride), green chilies (with salt, citric acid, calcium chloride), onion contains 2% or less modified corn starch, salt, cheddar flavor (corn syrup solids, cheddar cheese (milk, cheese culture, salt, enzymes) salt, yeast extract, disodium phosphate, natural flavors, annatto[color]), spices, dough conditioners (wheat gluten, sugar, yeast, guargum, modified food starch)","['eggs', 'dairy', 'wheat', 'gluten']"
274,"non pareils (sugar, cornstarch, carnauba wax)",[]
275,red bell pepper powder,[]
276,"organic white cheddar cheese (pasteurized organic milk, cheese cultures, sea salt, vegetable enzymes)",['dairy']
277,"low-moisture part-skim mozzarella cheese (pasteurized part-skim milk, cheese culture, salt, enzymes)",['dairy']
278,"mustard (vinegar, mustard seed, salt, spices, tumeric)",['mustard']
279,"tomato puree (tomatoes, salt, citric acid)",[]
280,malt vinegar (barley gluten),['gluten']
281,"organic coconutmilk (filtered water, organic coconut cream)",[]
282,"white chocolate (sugar, cocoa butter, whole milk powder, soy lecithin (an emulsifier), vanilla (natural flavor))","['dairy', 'soybeans']"
283,vanilla flavoring,[]
284,"organic low-moisture mozzarella cheese (pasteurized organic milk, cheese cultures, sea salt, vegetable enzymes)",['dairy']
285,mono & digylcerides,[]
286,citric acid (antioxidant),[]
287,"pure vanilla extract (water, alcohol, vanilla bean extractives)",[]
288,butter oil,['dairy']
289,"salted chili (chili, water, salt) & spices",[]
290,fudge marble,[]
291,whey (from milk),['dairy']
292,"spices and herbs (including oregano, basil, paprika)",[]
293,ascorbic acid and vitamin e blend (to preserve freshness)+,[]
294,grade a cultured milk and cream,['dairy']
295,"sausage: (pork, salt, spices, flavorings)",[]
296,organic deyhydrated garlic,[]
297,yacon syrup,[]
298,"yogurt cultures (l. bulgaricus, s. thermophilus)",['dairy']
299,sesame seed butter,['sesame']
300,"milk chocolate (sugar, cocoa butter, cocoa mass, skim milk powder, butteroil, lecithin as emulsifier (soy), vanillin: an artificial flavor)","['dairy', 'soybeans']"
301,skinless chicken breast fillets containing up to 32% of a solution of: teriyaki sauce [water,[]
302,citric acid (preservative)],[]
303,cocoa clusters & chocolate topping: soy protein isolate,['soybeans']
304,"polysorbate 60), invert sugar, margarine (soybean oil",['soybeans']
305,natural flavor ++vitamins and minerals: potassium citrate,[]
306,active kefir cultures,[]
307,"pickled ginger (ginger, water, salt, sugar, vinegar)",[]
308,"seasoning (salt, maltodextrin, sugar, hydrolyzed corn protein, spices, dehydrated red bell pepper and green onion, brown sugar, natural flavors [maltodextrin, citric acid], citric acid, garlic powder, malic acid, sesame oil)",['sesame']
309,"noodled sweet potato (sweet potato, reduced sodium sea salt, black pepper)",[]
310,"wheat flour (malted barley flour, niacin, iron, thiamin mononitrate, riboflavin, folic acid) soybean oil","['wheat', 'gluten', 'soybeans']"
311,"seasoning blend (salt, celery seed, spices, paprika)",['celery']
312,"diced tomatoes (tomatoes, tomato juice, salt, citric acid, calcium chloride [firming agent])",[]
313,"chicken breast with rib meat (chicken breast meat with rib meat, water, sodium lactate, seasoning [salt, sugar, artificial chicken flavor {with hydrolyzed corn protein, autolyzed yeast extract, thiamine hydrochloride, disodium inosinate, disodium guanylate}, dextrose, natural flavoring], modified potato starch, dextrose, potassium lactate, sodium phosphates, sodium diacetate)",['**dairy']
314,chopped green chili peppers,[]
315,acacia and xanthan gums,[]
316,red & green bell pepper,[]
317,adzuki sprouts,[]
318,monk fruit[caret]1,[]
319,whole cow milk,['dairy']
320,"grain and seed blend (sunflower seeds, barley flakes, coarse corn meal, millet seed, quick oat flakes, medium rye meal, triticale flakes, wheat bran, wheat flakes, whole wheat flour, buckwheat flour, flax seed, brown rice flour)",['**gluten']
321,ground cloves,[]
322,potassium sorbate (maintains freshness)],[]
323,"milk chocolate (organic chocolate liquor, organic nonfat milk, organic whole milk powder, sugar, cocoa butter, organic blue agave inulin, sunflower lecithin, vanilla)",['dairy']
324,manufactured on shared equipment that also processes products containing tree nuts and peanuts,"['peanuts', 'tree nuts']"
325,"semi-sweet chocolate chips (sugar, chocolate liquor, dextrose, cocoa butter, soy lecithin [emulsifier], vanilla extract)",['soybeans']
326,confectioner's glaze (lac resin),[]
327,"reduced fat sweetened condensed milk (milk, skim milk, sugar, vitamin a palmitate)",['dairy']
328,"real mayonnaise (soybean oil, corn syrup, water, egg yolks, distilled and cider vinegar, salt, spices, calcium disodium edta added to protect flavor)","['soybeans', 'eggs']"
329,"proto whey protein blend (micro peptides from high-dh hydrolyzed whey protein [40% di and tripeptides], whey protein isolate, milk protein isolate)",['dairy']
330,100% non-gmo ingredients: organic oats,[]
331,contains 2% or less of blueberry puree concentrate,[]
332,ripe olives,[]
333,"natural flavor (yeast extract, dextrose, natural flavoring, tapioca maltodextrin, sunflower oil)",[]
334,"smoked ham water added (cured with water, sugar, contains 2% or less of: salt, sodium lactate, sodium phosphates, flavoring, sodium diacetate, sodium erythorbate, sodium nitrite)",[]
335,non-hydrogenated coconut oil and/or palm kernel oil,[]
336,"cooked chicken breast strips with rib meat (chicken breast meat with rib meat, chicken broth, contains 2% or less of salt, isolated soy protein, modified food starch, sodium phosphates, dried garlic, dried onion, carrageenan, natural flavor)",['soybeans']
337,paprika spices,[]
338,pecorino romano,['dairy']
339,"salad: sprouted whole grain red rice (filtered water, red rice, lime juice, himalayan pink salt, cumin powder)",[]
340,calcium stearoyl lactylate,[]
341,red bell pepper salt,[]
342,"organic vegetables (organic carrots, organic cabbage, organic potatoes, organic green beans, organic peas)",[]
343,less than 2% of: high oleic canola oil,[]
344,"sauce (water, butter, sunflower oil, hard grating cheese [milk, salt, enzymes, egg white lysozyme {to preserve freshness}], corn starch, less than 2% of: sage, vegetable fiber blend [pea, potato, psyllium extract, seaweed], salt, lactic acid, natural flavor)",['dairy']
345,"fruit from concentrate (white grape, blueberry)",[]
346,"seasoning (cane sugar, sea salt, tomato powder, brown sugar, onion powder, vinegar powder [maltodextrin, white distilled vinegar], paprika, molasses powder [molasses, silicon dioxide], applewood smoke flavor, garlic powder, yeast extract, paprika extract, spice, citric acid, canola oil)",[]
347,natural flavoring (celery powder++),['celery']
348,carboxy methyl cellulose,[]
349,organic ginger juice,[]
350,organic free range eggs,['eggs']
351,vegetable blend: carrot,[]
352,powdered cellulose (to prevent coating),[]
353,"enzymes), monterey jack cheese (pasteurized milk",['dairy']
354,dehydrated vegetables (garlic and onion),[]
355,"pineapple (pineapple, cane sugar)",[]
356,"ginger puree (ginger, citric acid)",[]
357,"dried nonfat yogurt (whey protein concentrate, skim milk, yogurt cultures (heat treated after culturing]), 2% or less of olive oil, chicken broth, modified cornstarch, lemon juice concentrate, salt, garlic, spices",['dairy']
358,organic annatto extract (color),[]
359,cooked,[]
360,almonds (45%),['tree nuts']
361,"chocolate popcorn (semi-sweet chocolate [sugar, chocolate liquor {processed with alkali}, cocoa butter, soy lecithin, vanilla], kettle corn [sugar, tapioca syrup, popcorn, sunflower oil, salt, sunflower lecithin, baking soda], confectioner's glaze, gum arabic, sugar)","['soybeans', 'dairy']"
362,rosehip powder & black pepper,[]
363,"flavor (hydrolyzed soy protein, corn protein, and wheat gluten, medium chain triglycerides, sesame oil, yeast extract)","['soybeans', 'wheat', 'sesame']"
364,powdered whole egg,['eggs']
365,ghee (conventional clarified butter ghee),['dairy']
366,wild blueberriesa,[]
367,"tomato puree (tomatoes, sea salt, citric acid)",[]
368,vitamin d vitamin b12,[]
369,pretzel m salt,[]
370,dehydrate granulated garlic,[]
371,tomato puree1,[]
372,flow agent (less than 2% microcellulose crystalline)],[]
373,contains 2% or less of the following: semi sweet chocolate,[]
374,"margarine (palm oil, canola oil, water, salt, whey [milk], soybean lecithin, monoglycerides, natural flavor, vitamin a palmitate, citric acid, vitamin d3)","['dairy', 'soybeans']"
375,"cultivated blueberries (sugar, sunflower oil)",[]
376,sauce packets: sugar,[]
377,sunflower nuts,[]
378,"cheddar cheese blend (pasteurized milk, cheese cultures, sea salt, enzymes, whey buttermilk, annatto, lactic acid, citric acid, spices)",['dairy']
379,"fudge swirl (sugar, peanut oil, cocoa processed with alkali, whey powder, salt, soy lecithin)","['peanuts', 'dairy', 'soybeans']"
380,"citric acid), egg yolks",['eggs']
381,"seasoned chicken (chicken breast meat with rib meat, water, salt)",[]
382,"grated cheese (parmigiano, pecorino, hard cheese)",['dairy']
383,cauliflower,[]
384,"dark chocolate (sugar, chocolate liquor, cocoa butter, chocolate liquor processed with alkali, soy lecithin [emulsifier], salt, vanilla)",['soybeans']
385,"margarine (palm oil, water, salt, mono and diglycerides, soy lecithin, artificial flavor, beta carotene [color], vitamin a palmitate)",['soybeans']
386,contains 2% or less of: baking soda,[]
387,"enzyme modified egg yolk (egg yolk, salt, enzyme)",['eggs']
388,"cultured organic pear juice (filtered water, organic pear juice concentrate, calcium citrate, lactobacillus plantarum 299v)",[]
389,"lemon hummus (cooked chickpeas [water, chickpeas], tahini [ground sesame], soybean oil, water, garlic, salt, citric acid, potassium sorbate to maintain freshness, natural flavor, malic acid, lemon oil, lemon juice)",['sesame']
390,"seasonings (paprika, spices, salt, garlic powder, onion powder, modified corn starch, sugar, sodium diacetate, spice extracts, paprika extract, citric acid)",[]
391,malt extract (barley),['gluten']
392,black pepper and sea salt,[]
393,"organic dried sweetened cranberries (organic cranberries, organic cane sugar, organic sunflower oil)",[]
394,"vegetable oil (interesterified sunflower oil, palm oil, lecithin, tocopherols, citric acid)",[]
395,"yellow #6 ), sodium bicarbonate, artificial flavors and soy lecithin (an emulsifier)",['soybeans']
396,vegetable fat,[]
397,"roasted vegetables (onions, red peppers, green peppers, canola oil, salt, spice)",[]
398,sweet potato juice,[]
399,"chocolate (contains: sugar, chocolate liquor (processed with alkali), cocoa butter, soy lecithin (an emulsifier), vanilla)","['soybeans', 'dairy']"
400,white bone candy: dextrose,[]
401,2% or less of: buttermilk,['dairy']
402,extractives of turmeric and annatto (color),[]
403,organic compatible alcohol,[]
404,cider vinegar,[]
405,"egg salad (eggs, mayonnaise [soybean oil, water, whole eggs and egg yolks, vinegar, salt, sugar, lemon juice {from concentrate}, oleoresin paprika, natural flavors, calcium disodium edta {used to protect quality}], vinegar, potassium sorbate [preservative], salt, sodium benzoate [preservative], spice, nisin preparation, natural flavor)","['eggs', 'soybeans']"
406,non-hydrogenated vegetable oil (palmolein),[]
407,"color(caramel, yellow 5, yellow 6)",[]
408,folic acida,[]
409,"vegetable shortening (palm oil, hydrogenated palm oil, mono- and diglycerides, polysorbate 60)",[]
410,"organic soy enzymes), organic maltodextrin, organic soy bean oil, wax, amorphous silica and sunflower lecithin",['soybeans']
411,rice syrup solids,[]
412,cholecalciferol (vitamin d3),[]
413,natural fontina cheese: pasteurized part skim milk,['dairy']
414,organic dry roasted hulled sesame seeds,['sesame']
415,organic cashew butter,['tree nuts']
416,almonds (nuts),['tree nuts']
417,sorbitan monostearate (emulsifier),[]
418,"passion fruit juice from concentrate (filtered water, passion fruit juice concentrate)",[]
419,cheese sauce mix: whey,['dairy']
420,"blue cheese (cultured pasteurized milk, salt, enzymes)",['dairy']
421,acid whey,[]
422,water pecans modified corn starch,['tree nuts']
423,"enriched wheat flour (unbleached wheat flour, malted barley flour, niacin, iron (reduced iron), thiamine mononitrate, riboflavin, folic acid)","['wheat', 'gluten']"
424,"swiss cheese (pasteurized cow's milk, cheese culture, salt, enzymes)",['dairy']
425,"vanilla yogurt coating (sugar, fractionated palm kernel oil, nonfat dry milk, nonfat yogurt powder [cultured nonfat milk], soy lecithin, vanilla)","['dairy', 'soybeans']"
426,"enriched flour (bleached wheat flour, malted barley flour, niacin, iron, thiamine mononitrate, riboflavin, folic acid)","['wheat', 'gluten']"
427,"vegetable seasoning (salt, sugar, dehydrated vegetables (to include parsley, celery, garlic, and onion), spices, and herbs)",['celery']
428,sugar; all purpose flour; hershey's special dark chips (sugar; chocolate; cocoa butter; cocoa processed with alkali; milk fat; contains 2% or less of: lecithin (soy); natural flavor; milk); palm oil; hershey dutch cocoa; egg whites; nonfat dry milk; soy flour; sugar cane fiber; salt; sodium bicarbonate; natural and artificial flavor; rice starch; cellulose; sodium acid pyrophosphate; calcium carbonate; sodium aluminum phosphate; silica; mono and diglycerides,"['eggs', 'dairy', 'soybeans', 'wheat', 'gluten']"
429,"vegetable oil (corn oil, sunflower oil, canola oil and/or palm oil)",[]
430,"cookie pieces (dates, organic chocolate (organic unsweetened chocolate, organic coconut sugar, organic cocoa butter), cashews)",['tree nuts']
431,"spring mix (baby lettuces [lollo rossa, tango, red and green oak, red leaf, green leaf], baby greens [tatsoi, mizuna, red and green chard, red and green mustard, frisee, arugula], baby spinach, radicchio, kale, ingredients may vary by season)",[]
432,cooked cracked wheat,[]
433,bleached enriched flour,"['wheat', 'gluten']"
434,vegetable broth (peas & carrot),[]
435,"organic chocolate cookie bits (organic wheat flour, organic cane sugar, organic expeller-pressed sunflower oil, organic malted black barley flour, organic cocoa, baking soda)","['wheat', 'gluten']"
436,colours added: red 40 (e129),[]
437,milk ingredients,['dairy']
438,high frutose corn syrup,[]
439,"organic sour cream (cultured pasteurized non fat milk, pasteurized cream, acidophilus & bifidus cultures, microbial enzymes)",['dairy']
440,blackstrap molasses,[]
441,"seasoning (salt, spices, dextrose)",[]
442,habanero chilli,[]
443,vermouth,[]
444,less than 1% sodium benzoate (as preservative),[]
445,porchetta [pork,[]
446,roasted pecans: pecans,['tree nuts']
447,whole milk,['dairy']
448,"salt), pineapple (pineapple",[]
449,mandarin oranges segments,[]
450,titanium dioxide for color,[]
451,lipolyzed cream,['dairy']
452,less than 1% of: gum acacia,[]
453,organic shells (organic durum wheat semolina),"['wheat', 'gluten']"
454,"romano cheese from cow's milk (pasteurized milk, cultures, salt, enzymes)",['dairy']
455,sauce: organic tomato pulp,[]
456,calcium lactate (milk),"['dairy', 'lactose']"
457,"dehydrated soy sauce (soy sauce [wheat, soybeans, salt], maltodextrin, salt) hydrolyzed soy protein (contains salt, caramel color) garlic powder","['soybeans', 'wheat']"
458,organic alkalized cocoa,[]
459,"filling (sauteed eggplant [eggplant, tomato pulp, olive oil, sunflower oil, garlic, salt, citric acid], breadcrumbs [wheat flour, salt, natural yeast], mozzarella cheese [milk, salt, rennet], tomato [tomato, salt], provolone cheese [milk, salt, rennet], sunflower oil, lactose, basil [basil, sunflower oil, salt, baking soda {acidity regulator}], salt, garlic)","['eggs', 'wheat', 'dairy', 'lactose']"
460,"diced tomatoes (diced tomatoes, tomato juice)",[]
461,"crackers (enriched flour [wheat flour, niacin, reduced iron, vitamin b1 (thiamin mononitrate), vitamin b2 (riboflavin), folic acid], canola oil [with tbhq for freshness], modified corn starch, sugar, salt, leavening [sodium acid pyrophosphate, baking soda, monocalcium phosphate], dextrose, soy lecithin)","['wheat', 'soybeans']"
462,"pepperoni (pork, beef, salt, spices, dextrose, lactic acid starter culture, oleoresin of paprika, flavorings, sodium ascorbate, natural smoke flavor, sodium nitrite, bha, bht, citric acid)",[]
463,"maraschino cherries (cherries, corn syrup, high fructose corn syrup, sugar, natural flavor, carrageenan, sodium benzoate and potassium sorbate [preservatives], citric acid, red 40, sulfur dioxide)","['sulphur dioxide', 'sulphites']"
464,calcium propionate preservative,[]
465,100% natural rolled oats,[]
466,ingredients: precooked long grain white rice [enriched with niacin,[]
467,"spices (garlic, parsley, onion, cayenne, ginger, mace, marjoram, cardamom, nutmeg, tarragon, dill, bay leaf, clove, coriander, saffron)",[]
468,"tomato sauce (salt, calcium chloride, citric acid)",[]
469,sulfur dioxide (sulfites) (preservative),"['sulphur dioxide', 'sulphites']"
470,"emulsifiers (monoglycerides, sodium stearoyl-2-lactylate, propylene glycol mono fatty acid esters, datem, methylcellulose, xanthan gum, carob bean gum, polysorbate 60)",[]
471,5% or less of each of the following: malic acid,[]
472,and not more than 2 % silicon dioxide added as an anticaking agent,[]
473,"dough conditioners (contains one or more of the following: sodium stearoyl lactylate, calcium stearoyl lactylate, monoglycerides, mono- and diglycerides, distilled monoglycerides, calcium peroxide, calcium iodate, datem, etholyxated mono- and diglycerides, enzymes, ascorbic acid)",[]
474,corn starch modified,[]
475,"oat base (water, oats)",[]
476,"chicken and pork stock soup base (pork stock, gelatin, chicken meat, pork fat, salt, yeast extract, sugar, tocopherol)",[]
477,"tomato puree (tomato paste,water)",[]
478,"pasta (durum wheat flour, eggs, water, dried tomato)","['eggs', 'wheat', 'gluten']"
479,orange coating [sugar,[]
480,"pepitas (pepitas, vegetable oil (may contain one or more of the following: peanut, canola, sunflower, soybean)","['peanuts', 'soybeans']"
481,less than 2% of bell peppers,[]
482,"vegetable shortening (palm and soybean oils, mono- and diglycerides, polysorbate 60)",['soybeans']
483,yeast caramel color and sodium sulfite,[]
484,"oven roasted turkey breast (turkey breast, salt)",[]
485,"orange base (orange, lemon, and grapefruit juices)",[]
486,"contains 2% or less of: leavening (sodium acid pyrophosphate, sodium bicarbonate)",[]
487,sorbic acid and potassium sorbate,[]
488,vegetable glycerine,[]
489,"ghirardelli chocolate chips (60% cocoa, semi-sweet) dried cherries",['**dairy']
490,"preservative blend (calcium propionate, sodium propinate, potassium sorbate and citric acid)",[]
491,"salt), salted almonds (almonds",['tree nuts']
492,sugar ++vitamins and minerals: potassium citrate,[]
493,"antioxidant (soy lecithin, ascorbyl palmitate, lessathen -tocopherol)",['soybeans']
494,fd&c red 40,[]
495,"filling mixture: ricotta cheese (pasteurized whey, cream, vinegar, salt)",['dairy']
496,organic orange peel,[]
497,distilled white vinegar and filtered water,[]
498,pepper sauce,[]
499,beef livers,[]
500,"sour cream solids (cultured cream, nonfat milk)",['dairy']
501,"tomato soup (water, tomato paste, modified cornstarch, distilled white vinegar, salt, rice flour, sodium benzoate added as a preservative, citric acid, onion powder)",[]
502,organic liquid cane syrup,[]
503,almondsa,['tree nuts']
504,"enriched durum wheat semolina (semolina, niacin, ferrous sulfate, thiamine mononitrate, riboflavin, folic acid)]","['wheat', 'gluten']"
505,concentrated pear juice,[]
506,spice extract,[]
507,"chili powder (chili pepper, salt, spices, garlic, ethoxyquin [to retain color])",[]
508,organic tortilla: organic whole wheat flour,"['wheat', 'gluten']"
509,rubbed sage,[]
510,fd&c yellow n5 (artificial color),[]
511,"white cheese [american cheese (cultured milk, salt, enzymes)",['dairy']
512,"honey roasted pecans (pecans, honey coating [ sucrose, wheat starch, honey, maltodextrin, xanthan gum] canola, sunflower, peanut and/or soybean oil, sugar, salt)","['peanuts', 'wheat', 'soybeans']"
513,"mustard [(vinegar, water, mustard, salt, turmeric)",['mustard']
514,contains 2% or less of: toasted sesame oil,['sesame']
515,dried parsley spices,[]
516,"butter blend (palm oil, water, butter [cream, salt], contains less than 2% of salt, non-fat dry milk solids, sodium benzoate [a preservative], soy lecithin, artificial flavor, vitamin a [palmitate added], beta carotene [color])","['dairy', 'soybeans']"
517,"chili peanuts (dry roasted peanuts, non-gmo canola oil, sea salt, chili powder, citric acid, paprika)",['peanuts']
518,dried shiitake mushrooms,[]
519,"cheddar and blue cheese (pasteurized milk, cheese cultures, salt, enzymes)",['dairy']
520,lactic cultures and natamycin,[]
521,organic concentrated carrot juice,[]
522,dehydrated green onions,[]
523,"white chocolate chips (sugar, cocoa butter, whole milk, soy lecithin [an emulsifier], vanilla)","['dairy', 'soybeans']"
524,"veggie straws (potato flour, potato starch, corn starch, tomato paste, spinach powder, salt, sugar, beetroot powder [color], turmeric)",[]
525,natural flavors and spice,[]
526,"syrup (white grape juice, brown rice syrup)",[]
527,"spinach wrap enriched unbleached flour (wheat flour, niacin, reduced iron, thiamine mononitrate, riboflavin, folic acid)","['wheat', 'gluten']"
528,pasteurized organic whole milk,['dairy']
529,organic black beans,[]
530,"spicy cheese crackers: enriched flour (wheat flour, niacin, reduced iron, vitamin b1 [thiamin mononitrate], vitamin b2 [riboflavin], folic acid)","['wheat', 'gluten']"
531,rennet],[]
532,contains 2% or less of: corn meal,[]
533,pasteurized grade a reduced fat milk,['dairy']
534,garlic (0.2%),[]
535,medium chain triglyceride,[]
536,pretzel wheels,[]
537,contains less than 2% of organic maltodextrin,[]
538,"fat free yogurt (cultured pasteurized grade a nonfat milk, kosher gelatin, lactic acid esters of mono and diglycerides, citric acid, natural flavor, malic acid, yogurt cultures [l. bulgaricus, s. thermophilus], acesulfame potassium, sucralose)",['dairy']
539,organic cooked brown rice,[]
540,"spices (basil, spice)",[]
541,"artificial flavors and colors (yellow #5, yellow #6, red #40.) guava filling: guava pulp",[]
542,"sweet earth curry seitan (water, vital wheat gluten, natural soy sauce, ginger, garlic, kombu)","['soybeans', 'wheat', 'gluten']"
543,"organic spices (organic coriander, organic white pepper, organic nutmeg, organic mace, organic ginger, organic paprika)",[]
544,"organic filling (organic ricotta cheese (organic milk, organic vinegar, salt), organic low-moisture mozzarella cheese (pasteurized organic milk, cheese cultures, sea salt, vegetable enzymes), organic parmesan cheese (pasteurized organic milk, cheese cultures, salt, enzymes), organic unsalted butter (organic sweet cream), organic bread crumbs (organic wheat flour, sea salt, organic cane sugar, yeast), organic sweet whey, organic non-fat dry milk, natural flavors, 2% or less of organic potato starch, salt)","['dairy', 'wheat', 'gluten']"
545,green and black olives,[]
546,organic expeller-pressed vegetable oil (organic sunflower oil and/or organic canola oil),[]
547,soft red winter wheat flour,"['wheat', 'gluten']"
548,beet extract for color,[]
549,and malic acid,[]
550,koji spores (aspergillus oryzae)] white miso [rice,[]
551,cocoa (dutch process),[]
552,cyanocobalamin (b12),[]
553,yeast extract powder,[]
554,"cream cheese (pasteurized milk & cream, cheese culture)",['dairy']
555,"leavening (sodium acid, pyrophosphate, sodium bicarbonate)",[]
556,"spices (including black pepper, rosemary, garlic, lemon peel, onion, xanthan gum (thickener), natural flavor, citric acid, sodium benzoate (a preservative), potassium sorbate (a preservative), calcium disodium edta to protect flavor, beta carotene (for color)",[]
557,salt enzymes],[]
558,"crab meat (pasteurized crabmeat, sodium acid pyrophosphate to retain color)",['fish']
559,"chicken flavor (chicken fat, chicken broth, natural flavor [rosemary extractive])",[]
560,"dried red pepper sauce (aged red peppers vinegar, salt, garlic)",[]
561,dehydrated potatoes,[]
562,"color added (paprika, turmeric oleoresin, annatto extract)",[]
563,"turkey stock (water, cooked turkey meat including natural turkey juices, salt, maltodextrin, onion powder, nonfat dry milk, sugar, autolyzed yeast extract, turkey fat, yeast extract, spices, lactic acid, citric acid, disodium inosinate and disodium guanylate, extract of paprika [color], caramel color, natural flavor)",['dairy']
564,calcium chloride and spices,[]
565,"jalapeno (jalapeno peppers vinegar, water)",[]
566,"confectioner's coating (sugar, palm kernel oil, nonfat milk powder, anhydrous milkfat, natural flavor, soy lecithin (an emulsifier))","['dairy', 'soybeans']"
567,roasted poblano peppers,[]
568,less than 2% of: scallions,[]
569,"tortilla chips (stone-ground corn, sunflower oil, salt)",[]
570,"alaskan pollock fillets breadcrumb coating enriched bleached wheat flour (flour, niacin, iron, thiamin mononitrate, riboflavin, folic acid)","['wheat', 'gluten']"
571,lactobacillus plantarum heal 19,[]
572,"coating (coconut oil, sugar, cocoa, cocoa processed with alkali, soy lecithin, salt, artificial flavor)",['soybeans']
573,"artificial colors (red 40, blue1)",[]
574,"hot sauce seasoning (salt, modified starch, maltodextrin, dextrose, paprika, citric acid, monosodium glutamate, red 40 lake, sucrose, natural flavors, vinegar, caramel [for color], onion powder, garlic powder)",[]
575,basted nte 16% added solution of water,[]
576,"icing sugar (sugar, maltodextrin)",[]
577,"cooked lentil zucchini orzo pasta (lentil flour, water, zucchini puree)",[]
578,sesame oil salted chili pepper,['sesame']
579,and green bell pepper,[]
580,unrefined cane sugar,[]
581,prepared garbanzo beans,[]
582,sodium lactate disodium citrate,[]
583,chicken broth powder,[]
584,"almonds (almonds, peanut and/or canola oil, butter, natural flavor, salt)","['tree nuts', 'peanuts']"
585,rendered turkey fat,[]
586,"vegetable oil (soybean, palm and palm kernel oil with tbhq for freshness)",['soybeans']
587,fd & c yellow #5,[]
588,erythorbic acid (to promote color retention),[]
589,garbanzo beanz,[]
590,whey+,['dairy']
591,"enriched bleached wheat flour (flour, niacin, iron, thiamine, riboflavin, folic acid)","['wheat', 'gluten']"
592,"freeze dried orange peel (orange peel, invert sugar, citric acid)",[]
593,gluten free oat fiber,[]
594,"roasted red pepper (fire roasted red peppers, water, salt, citric acid)",[]
595,contains less than 2% of the following: cornstarch,[]
596,crust: whole grain oats,[]
597,organic wonton strips: organic wheat flour,"['wheat', 'gluten']"
598,"unbleached enriched flour (wheat flour, niacin, reduced iron, thiamine mononitrate [vitamin b1], riboflavin [vitamin b2], folic acid)","['wheat', 'gluten']"
599,"organic soy milk (filtered water, whole organic soybeans, carrageenan, sea salt, natural flavor)",['soybeans']
600,natural flavors (yeast extracts),[]
601,oxidants (ascorbic acid)],[]
602,non-dairy lactic acid,['**dairy']
603,"baking powder (baking soda, sodium acid pyrophosphate, monocalcium phosphate)",[]
604,"baking powder (sodium acid pyrophosphate, baking soda)",[]
605,biodynamic organic vanilla bean,[]
606,"cilantro lime sauce (water, sunflower oil, roasted poblano chilies, cilantro, parsley, dehydrated garlic, roasted garlic, lime juice concentrate, jalapeno, sea salt, lemon peel, lemon juice concentrate, tapioca starch, spices, sunflower lecithin, xanthan gum, citric acid, monkfruit extract)",[]
607,"pomegranate juice (filtered water, pomegranate juice concentrate)",[]
608,100% whole grain,[]
609,"artificial colors (yellow 5, yellow 6, blue 1, red 40)",[]
610,potato starch [to prevent caking]),[]
611,natamycin ( a natural mold inhibitor),[]
612,lingonberry juice from concentrate,[]
613,organic peeled chestnuts,['tree nuts']
614,lemon and salt,[]
615,"artificial colors (including fd&c blue 1, fd&c red 40)",[]
616,bees wax/ carnauba wax,[]
617,celery],['celery']
618,"organic coconut aminos (coconut sap, sea salt)",[]
619,blue agave nectar,[]
620,"unbleached enriched flour (wheat flour, niacin, reduced iron, thiamine mononitrate {vitamin b1}, riboflavin {vitamin b2}, folic acid)","['wheat', 'gluten']"
621,cultured skim milk and milk,['dairy']
622,filtered wood smoke (to promote color retention) sauce ingredients: water,[]
623,"seasoning (whey, salt, natural flavors (with pasteurized milk, cultures, enzymes), sugar, cheddar cheese (milk, salt, cheese cultures, enzymes), yeast extract, cream, garlic powder, nonfat milk)",['dairy']
624,"sorbitan tristearate), dark chocolate (sugar",[]
625,"fudge ribbon (powdered sugar [sugar, corn starch], peanut oil, cocoa, chocolate liquor, salt, soy lecithin)","['peanuts', 'soybeans']"
626,"garam masala (coriander, red chili, cumin, clove, anister, fennel seeds, black pepper, bay leaves, cinnamon, dry mango, salt, curry leaves)",[]
627,sweetcream buttermilk whey,['dairy']
628,pork raised without antibiotics,[]
629,contains 1% or less of coconut oil,[]
630,"romano cheese (pasteurized sheep's milk, cheese cultures, salt, enzymes egg yolks, dehydrated garlic, worcestershire sauce (distilled white vinegar, molasses, water, sugar, onions, anchovies, salt, garlic, cloves, tamarind extract, natural flavorings, chili pepper extract), salt, lemon juice concentrate, black pepper, xanthan gum, anchovy powder","['dairy', 'eggs', 'fish']"
631,black carrot extract (for color) pectin,[]
632,"parmesan cheese (cultured pasteurized part skim milk, salt, enzymes)",['dairy']
633,organic dehydrated cane syrup,[]
634,toasted coconut [coconut,['tree nuts']
635,"dried mango (mango, sugar, citric acid, sulfur dioxide [to preserve color], yellow 5, yellow 6)",['sulphur dioxide']
636,vanilla flavored coconut milk yogurt alternative,['**dairy']
637,pre-cooked,[]
638,niacinamide,[]
639,organic pepitas seeds,[]
640,topping ingredients: sugar,[]
641,ingredient: chicken 1st and 2nd wing portions,[]
642,onion powder,[]
643,stabilizers (carob bean and/or xanthan and/or carrageenan gums),[]
644,(that we are proud of!) water,[]
645,"tomatoes (whole peeled tomatoes, tomato juice, basil, salt, citric acid) tomato puree",[]
646,tbhq and/or ascorbic acid to preserve freshness,[]
647,"parmesan cheese (pasteurized part-skimmed cow's milk, salt, cheese culture, enzymes)",['dairy']
648,"poke sauce (soy sauce (water, wheat, soybeans, salt), sugar, sriracha hot chili sauce (chili pepper, vinegar, garlic, sugar, salt, water, natural flavors, xanthan gum), sesame oil, water, vinegar, xanthan gum)","['soybeans', 'wheat', 'gluten', 'sesame']"
649,ketchup seasoning {sugar,[]
650,"emulsifier (propylene glycol mono-and diesters of fats and fatty acids, mono-and diglycerides, soybean lecithin, citric acid [preservative])",['soybeans']
651,"salt), clam broth concentrate (clam broth",[]
652,whey solids (milk),['dairy']
653,tamarind,[]
654,psyllium husk (a natural fiber),[]
655,"rice cereal (rice, sugar, salt, malt flavor, niacinamide, iron, vitamin b2 [riboflavin], folic acid)",[]
656,natural honey flavor],[]
657,ginger root powder (3%),[]
658,sauce ingredients: high fructose corn syrup,[]
659,salt and yeast,[]
660,monoglycerol esters of fatty acids,[]
661,contains less than 2% of organic carrot puree,[]
662,vegetable shortening (palm oil with monoglycerides),[]
663,"romano cheese (pasteurized part-skim cow's milk, cheese culture, salt, enzymes)",['dairy']
664,"multigrain bread (water, white whole wheat flour [wheat, malted barley] wheat gluten, sunflower seeds, brown sugar, flaxseed, wheat bran, crecked wheat, oatmeal, rye meal, honey, barley flakes, millet, buckwheat flour, yeast, molasses, palm oil, cultured wheat flour, contains less than 2% of each of the following: wheat germ, salt, enzymes, monoglycerides, vinegar, sea salt, maltodextrin, yeast extract, flavor and rice flour concentrate, ascorbic acid, preservatives [propionic acid, phosphoric acid] topping: rolled oats)","['wheat', 'gluten']"
665,"enriched flour (flour, niacin, reduced iron, thiamine mononitrate, riboflavin, folic acid)","['wheat', 'gluten']"
666,"milk chocolate (sugar, cocoa butter, chocolate liquor, nonfat dry milk, milkfat, lactose, soy lecithin [an emulsifier], vanillin [artificial flavor], salt)","['dairy', 'soybeans', 'lactose']"
667,apple cider vinegar (diluted to 5% acidity with water),[]
668,prebrowned in vegetable oil,[]
669,black pepper oil,[]
670,"enriched flour (unbleached wheat flour, niacin, reduced iron, thiamine mononitrate, riboflavin, folic acid, corn syrup, water, modified corn starch, glycerine, eggs, salt, baking soda, natural and artificial flavor mono and diglycerides, fd&c yellow #5, icing: fondo icing sugar, kosher fish gelatin, natural and artificial flavor fd& c yellow #5","['eggs', 'fish']"
671,"dark chocolate chunks (sugar, chocolate liquor, cocoa butter, soy lecithin, salt and vanilla)",['soybeans']
672,"artificial sweeteners (aspartame 0,7 g/100 g] and acesulfame k [0,2 g/100g]) and artificial colors (yellow 5, red 40 and blue 1)",[]
673,contains 2% or less of: rye,[]
674,calcium silicate (an anticaking agent),[]
675,salt and calcium disodium edta added to promote color retention,[]
676,"dates (dates, dextrose and/or oat flour)",[]
677,"vegetable oil (canola, soybean, palm and palm kernel, corn starch, dried cranberries, natural flavor, soy lecithin, salt, citric acid, baking soda",['soybeans']
678,colouring agent: ammonia sulphite caramel,[]
679,calcium (calcium carbonate),[]
680,"yogurt (cultured grade a low fat milk, nonfat dry milk, modified food starch, agar, pectin, and carrageenan)",['dairy']
681,organic pomegranate juice concentrate,[]
682,organic fennel seeds,[]
683,"pretzels (enriched wheat flour [wheat flour, niacin, reduced iron, thiamin mononitrate, riboflavin, folic acid], canola oil and/or soybean oil, salt, corn syrup, barley malt extract, leavening [contains one or more of: yeast, sodium bicarbonate, ammonium bicarbonate])","['wheat', 'gluten']"
684,"cheeses (parmesan, romano, ricotta, asiago)",['dairy']
685,"spices (including basil, oregano)",[]
686,vanilla light ice cream: skim milk,['dairy']
687,invert syrup,[]
688,2% non gmo tapioca derived from organically grown yucca root,[]
689,"garam masala(cinnamon, coriander, cumin, clove, black pepper, black cardamom, green cardamom, fennel, rose petal, bay leaf, mace, long pepper and nutmeg)",[]
690,flour [wheat flour,"['wheat', 'gluten']"
691,"white cheddar cheese (pastuerized milk, cheese cultures, salt, enzymes)",['dairy']
692,dry roasted pumpkin seeds,[]
693,red bell pepper ingredients: red bell pepper,[]
694,calcium disodium edta (maintain freshness),[]
695,alic acid,[]
696,"2% or less of natural chicken seasoning (maltodextrin, salt, chicken broth, natural flavors torula yeast, caramelized sugar (sugar, water))",[]
697,coated with: dextrose,[]
698,"maple cured turkey breast (turkey breast, turkey broth, honey, contains less than 2% of: salt, maple syrup, sugar, sodium phosphate, sodium erythorbate, sodium nitrite. coated with: caramel color, sugar, gelatin, brown sugar, natural flavor)",[]
699,"snowflake pretzels (enriched wheat flour [wheat flour, niacin, reduced iron, thiamin mononitrate, riboflavin, folic acid], corn syrup, salt, vegetable oil [may contain one or more of the following: canola oil, corn oil, soybean oil], vital wheat gluten, sodium bicarbonate, yeast)","['wheat', 'gluten']"
700,"vermont cheddar cheese (pasteurized milk, cheese cultures, salt, enzymes, annatto [vegetable color])",['dairy']
701,"vegetable and noodle mix: cooked pasta (water, semolina wheat flour, wheat gluten)","['wheat', 'gluten']"
702,non pareil capers,[]
703,green aniseed,[]
704,basil (8.8%),[]
705,strawberry pureea1,[]
706,carob pods,[]
707,expeller-pressed canola oil,[]
708,"dark chocolate (sugar, chocolate liquor [processed with alkali], cocoa butter, butter oil [milk], soy lecithin [emulsifier], vanilla flavor)","['dairy', 'soybeans']"
709,"chocolate coating (chocolate, erythritol, inulin, cocoa butter, milk, soy lecithin vanilla, salt, stevia leaf extract)","['dairy', 'soybeans']"
710,"vegetable oil (contains one or more of the following: canola oil, soybean oil, corn oil)",['soybeans']
711,organic inulin (prebiotic fiber),[]
712,"and anti-caking agent {potato starch}), anchovy fillets (anchovies",['fish']
713,"bbq sauce (water, brown sugar, soy sauce (water, wheat, soybeans, salt), sugar, apple cider vinegar, onions, corn starch, chili pepper, gochujang paste [red miso paste (water, soybeans, rice, sea salt, microbial starter), brown sugar, malt syrup, red chili puree (red chili peppers, salt, citric acid), malt vinegar, soybean oil, flavor, soy sauce (water, soybeans, salt), ancho chili powder, cayenne pepper, salt, citric acid, yeast extract, extractives of paprika, sesame oil, xanthan gum], distilled vinegar, sesame oil, garlic, salt, natural flavors, xanthan gum, torula yeast extract, spices)","['soybeans', 'wheat', 'sesame']"
714,organic dried pineapple pieces,[]
715,"ricotta (pasteurized whole milk, vinegar, salt)",['dairy']
716,soy},['soybeans']
717,"dark chocolate pieces (sugar, chocolate liquor, cocoa butter, soy lecithin, natural flavor, salt)",['soybeans']
718,cooked organic white jasmine rice,[]
719,"sour dough (organic unbleached flour [wheat flour, ascorbic acid (natural dough conditioner), niacin [vitamin b-3], iron [ferrous sulfite], thiamin mononitrate [vitamin b-1], riboflavin [viatmin b-2], folic acid], filtered water, organic evaporated cane sugar, yeast, sea salt, sunflower oil)","['wheat', 'gluten']"
720,"drizzle (sugar, palm oil, palm kernel oil, maltodextrin, nonfat dry milk, color [yellow 6 lake, yellow 5 lake, blue 2 lake], soy lecithin, soybean oil, natural and artificial flavor)","['dairy', 'soybeans']"
721,orange puree,[]
722,"tomato puree (tomato concentrate, salt)",[]
723,probiotics (bacillus coagulans),[]
724,roasted peanuts [peanuts,['peanuts']
725,yogurt: cultured pasteurized nonfat milk,['dairy']
726,silicon dioxide (added to prevent caking),[]
727,"artificial colors (yellow 6, red 40, yellow 5, blue 1, blue 2 lake, yellow 6 lake, red 3, blue 1 lake, yellow 5 lake)",[]
728,dates and dextrose,[]
729,whole grain white whole wheat flour,['gluten']
730,"wheat free tamari (water, whole soybeans, salt, vinegar)",['soybeans']
731,reconstituted organic raspberry juice,[]
732,dried bell pepper,[]
733,chocolate cake pieces [unbleached unenriched wheat flour,['gluten']
734,"flour (bleached wheat flour, malted barley flour, niacin, iron, thiamin mononitrate, riboflavin, folic acid)","['wheat', 'gluten']"
735,dried sardine extract,['fish']
736,chicken breast [chicken breast,[]
737,"tomato puree (water, tomato paste, onions, celery, spinach, salt, soybean oil, romano cheese (made from pasteurized cows milk, cheese culture, salt and enzymes, corn starch, and cellulose), olive oil, natural flavor","['dairy', 'soybeans', 'celery']"
738,tomato extract (for color),[]
739,crumble topping: brown sugar,[]
740,onion and tricalcium phosphate (to make free flowing),[]
741,"romano cheese (pasteurized cow's milk, cheese cultures, salt, enzymes)",['dairy']
742,"ruby red grapefruit juice (water, ruby red grapefruit juice concentrate)",[]
743,"2 % or less of butter (pasteurized cream, salt)",['dairy']
744,apocarotenal color,[]
745,salt contains less than 2%: corn syrup solids,[]
746,rice (150g): water,[]
747,"cheddar cheese (pasteurized milk, cheese culture, salt, enzymes, annatto [vegetable color], potato starch and powdered cellulose added to prevent caking)","['dairy', 'gluten']"
748,cottonseed oil and salt,[]
749,"mozzarella cheese blend: low moisture part-skim mozzarella cheese (pasteurized milk, cultures, salt, enzymes)",['dairy']
750,"less than 2% of: cooked vegetables (carrot, onion, celery)",['celery']
751,"sour cream powder (sour cream [cream cultures, lactic acid], cultured nonfat milk solids, citric acid)",['dairy']
752,bean meal,[]
753,caramel coloring,[]
754,"candied orange (orange peel, glucose syrup, sugar)",[]
755,turmeric and paprika,[]
756,french fried potatoes [potatoes,[]
757,contains 2% orless of the following: vanilla flavor,[]
758,lemon peels,[]
759,natural orange flavor,[]
760,spices (including cumin),[]
761,contains two percent or less of: cornstarch,[]
762,nisin (vegan),[]
763,mechanically separated turkey,[]
764,"contains 2% or less of each of the following: enriched wheat flour (wheat flour [enriched with niacin, ferrous sulfate, thiamine mononitrate, riboflavin, folic acid], salt, soybean oil)","['wheat', 'soybeans']"
765,"cottage cheese (grade a skim milk, cream, contains less than 2% of the following: salt, guar gum, calcium sulfate, locust bean gum, carrageenan, mono and diglycerides, sodium and monopotassium phosphate, dextrose, water, citric acid, lactic acid, phosphoric acid, natural flavoring, calcium chloride, cultures, enzymes)",['dairy']
766,modified tapioca and corn starches,[]
767,non-hydrogenated canola oil,[]
768,"semisweet chocolate chips (sugar, chocolate liquor, cocoa butter, dextrose, soy lecithin, natural flavor)",['soybeans']
769,potassium sorbate (added to protect flavor),[]
770,curry leaves powder,[]
771,"lemon cream cheese (52%): mascarpone (cream (milk), water, milk proteins, cornflour, sea salt, lactic starter culture)",['dairy']
772,"seasoning (salt, dehydrated onion, dextrose, sour cream (cream, nonfat milk, cultures), cultured nonfat milk, evaporated cane sugar, yeast extract, lactic acid, dehydrated garlic, natural flavors, spices, citric acid)",['dairy']
773,pasteurized whey,['dairy']
774,crab seasoning powder,[]
775,tricalcium phosphate,[]
776,calcium olives,[]
777,orange colored frosting swirls [corn syrup,[]
778,"cookie: enriched flour (wheat flour, niacin, reduced iron, thiamine mononitrate, riboflavin, folic acid, vegetable oil (palm), sodium bicarbonate, natural and artificial flavor, salt, soy lecithin. caramel: sugar, corn syrup, butter (pasteurized cream, salt), canola oil, invert sugar, evaporated milk (milk solids - nonfat, milk fat and whey solids), dairy whey, salt, soy lecithin (an emulsifier), vanilla","['wheat', 'dairy', 'soybeans']"
779,"preservatives (sodium propionate, citric acid, potassium sorbate, sodium benzoate)",[]
780,sugar and sodium bicarbonate,[]
781,"jalapeno peppers in brine (jalapeno peppers, salt)",[]
782,"enriched pasta: [durum flour (niacin, ferrous sulfate, thiamine mononitrate, riboflavin, folic acid)]; sauce: whey","['wheat', 'dairy']"
783,"flavor base {sweetened condensed whole milk (whole milk, sugar)",['dairy']
784,"texturized vegetable protein (textured soy flour, soybean oil, salt, autolyzed yeast extract, hydrolyzed corn protein, natural smoke flavoring, thiamine hydrochloride, dextrose, disodium inosinate and disodium guanylate)",['soybeans']
785,"artificial colors (yellow 5, blue 1, yellow 6, red 3, red 40)",[]
786,"vegetable oil (contains one or more of the following: cottonseed, corn sunflower, soybean)",['soybeans']
787,organic expeller pressed soy lecithin,['soybeans']
788,roasted tomatoes,[]
789,chia seed protein,[]
790,organic orzo (organic semolina flour),[]
791,spices and chipotle chile powder,[]
792,"organic beef flavor (organic beef flavor, sea salt)",[]
793,"cake crunch (bleached wheat flour, sugar, palm oil, caramel color, cocoa, sodium bicarbonate, salt, artificial flavor, soy lecithin)","['wheat', 'soybeans']"
794,"banana base {banana puree (bananas, citric acid, ascorbic acid)",[]
795,baby lima beans,[]
796,white hominy corn grits,[]
797,"caramelized onions (onion, natural onion flavoring)",[]
798,"cream cheese (pasteurized milk and cream, cheese culture, salt, stabilizer blend [carob bean, xanthan, guar gums])",['dairy']
799,"white chocolate (sugar, cocoa butter, milk, skim milk, soy lecithin, natural flavor)","['dairy', 'soybeans']"
800,"beef and modified food starch product (beef, water, less than 2% modified food starch, salt, sodium phosphate, onion powder, garlic powder)",[]
801,organic assam tgfop,[]
802,fresh whitefish,['**fish']
803,"seasoning (salt, buttermilk, natural flavors, coconut oil, maltodextrin, garlic powder, yeast extract, sour cream [cream, nonfat milk, cultures], dextrose, onion powder, tomato powder, cream, citric acid, cultured nonfat milk, spices [including celery seed], paprika, sugar, lactic acid, malic acid, vinegar, nonfat milk, sodium caseinate)","['dairy', '**gluten']"
804,"vegetable colors (annatto, turmeric extracts)",[]
805,"natural color (may contain: red cabbage extract, turmeric, annatto, beet juice, caramel color, purple carrot juice, glycerin, citric acid, water)",[]
806,blueberry balsamic swirl: sugar,[]
807,"bread crumbs (whole wheat flour, yeast, sugar, salt)","['wheat', 'gluten']"
808,and calcium sulfate (added to prevent caking),[]
809,flax seed powder,[]
810,"dehydrated garlic parmesan cheese (pasteurized milk, salt, powdered cellulose (as an anticaking agent), lipase, microbial enzyme, bacterial culture, natamycin)",['dairy']
811,organic matcha powder (organic green tea),[]
812,organic sugar organic vanilla extract,[]
813,"honey turkey breast (turkey breast meat turkey broth, honey, sugar, salt, sodium phosphate sodium erythorbate, sodium nitrite)",[]
814,protex (hydrolised protein),[]
815,no additional ingredients,[]
816,contains 2% or less of the following: butter (cream),['dairy']
817,"artificial colors (blue 1, yellow 5, red 40)",[]
818,natural flavors (including smoke flavor),[]
819,"enriched macaroni product [(wheat flour, niacin, iron [ferrous sulfate], thiamine mononitrate, riboflavin, folic acid)","['wheat', 'gluten']"
820,corn syrup contains 2% or less: modified cornstarch,[]
821,"doughnut (enriched wheat flour (wheat flour, niacin, reduced iron, thiamine mononitrate, riboflavin, folic acid), water, palm oil, soybean oil, sugar. contains 2% or less of each of the following: yeast, soy lecithin, hydrogenated soybean oil, mono and diglycerides, salt, wheat gluten, monocalcium phosphate monohydrate, dried milk powder, egg yolks, bht, cellulose gum, calcium propionate (to maintain freshness), lecithin, oat fiber, ascorbic acid, sorbitan monostearate, tocopherols); filling (water, corn syrup, high fructose corn syrup, modified food starch, high oleic canola & fully hydrogenated cottonseed oils, salt, natural and artificial flavor, artificial color, sodium benzoate (to maintain freshness), phosphoric acid, polysorbate 60, potassium sorbate (to maintain freshness), yellow 5, yellow 6); icing (sugar, water, corn starch, cocoa powder (processed with alkali), corn syrup solids, soybean oil and/or palm oil, chocolate liquor, enzyme modified soy protein, polysorbate 60, salt, sodium caseinate (milk), sodium hexametaphosphate, mono and diglycerides, soy lecithin)","['wheat', 'gluten', 'dairy', 'eggs', 'soybeans']"
822,l-cysteine],[]
823,"leavening(sodium aluminum phosphate, and sodium bicarbonate)",[]
824,organic dark brown sugar,[]
825,sodium ascorbate (source of vitamin c),[]
826,sodium benzoate as a,[]
827,"roasted garlic base (roasted garlic, salt, corn maltodextrin, natural flavorings, cornstarch, canola oil, sesame oil)",['sesame']
828,natural antioxidant (rosemary oil),[]
829,"turkey flavor (contains turkey fat, lactose [milk])",['dairy']
830,"artichokes (artichoke hearts, water, salt, citric acid)",[]
831,"margarine (palm oil, soybean oil, water, salt, contains less than 2% of each of mono & diglycerides, soy lecithin, citric acid, natural flavor, vitamin a palmitate, vitamin d3)",['soybeans']
832,"spice blend (oregano, basil)",[]
833,fancy grade cashews,['tree nuts']
834,beta carotene and vegetable juice (color),[]
835,"turkey (breast, broth, honey, 2% or less sugar, sodium phosphate, sodium diacetate, sodium erythrobate, sodium nitrite, nat smk flvr)",[]
836,contains less than 2% of: chili peppers,[]
837,cabernet wine (contains sulfites),['sulphites']
838,unsweetened chocolate (cocoa mass) and vanilla (natural flavor),[]
839,contains 1% or less of the following: natural and artificial flavors,[]
840,cheeses [low moisture part skim mozzarella,['dairy']
841,"sea salted roasted cashews (cashews, peanut and/or cottonseed oil, sea salt)","['peanuts', 'tree nuts']"
842,rice,[]
843,"milk chocolate (sugar, cocoa butter, dry whole milk, chocolate liquor, nonfat dry milk, soy lecithin, natural vanilla flavor)","['dairy', 'soybeans']"
844,rose hip puree,[]
845,spices},[]
846,calcium beta-hydroxy-beta-methylbutyrate,[]
847,"vegetable oil (soybean oil, cottonseed oil and/or canola oil)",['soybeans']
848,duck liver,[]
849,"dough conditioners (calcium acid pyrophosphate, mono- and diglycerides, fumaric acid, bromelain)",[]
850,coconut grated,[]
851,"ricotta cheese (whey. milk, culture, salt, citric acid)",['dairy']
852,"pretzel dough: enriched bleached wheat flour (wheat flour, malted barley flour, niacin, reduced iron, thiamine mononitrate, riboflavin, folic acid)","['wheat', 'gluten']"
853,spices extractives,[]
854,"enriched pasta (wheat flour, niacin, ferrous sulfate, thiamine mononitrate, riboflavin and folic acid)","['wheat', 'gluten']"
855,organic lemon extract,[]
856,"guacamole (hass avocado, tomatillo, dehydrated onion, sea salt, jalapeno pepper, dehydrated garlic, garlic, dehydrated cilantro, dehydrated jalapeno, cilantro essential oil)",[]
857,"organic white rice flour organic millet flour organic sorghum flour arrowroot sourdough starter (organic sorghum flour, water) organic sunflower seeds organic poppy seeds xanthan gum kosher salt",[]
858,bacterial culture,[]
859,"romano cheese (made from 100% pasteurized sheep's milk, bacterial culture, salt, rennet)",['dairy']
860,tetrasodium edta (for freshness),[]
861,"gravy (water, modified corn starch, wheat flour, salt, maltodextrin, monosodium glutamate, beef fat, chicken fat, corn syrup solids, sugar, caramel color, pork stock, onion powder, natural flavors [including extractives of celery seed], spices, rice bran oil, not more than 2% silicon dioxide added to prevent caking)","['wheat', 'gluten', 'celery']"
862,"cookie mix: enriched wheat flour (wheat flour, malted barley flour, niacin, reduced iron, thiamine mononitrate, riboflavin, folic acid)","['wheat', 'gluten']"
863,"salt leavening (baking soda, monocalcium phosphate, sodium acid pyrophosphate)",[]
864,dried rosemary,[]
865,brown sugar,[]
866,"louis style spareribs (pork st. louis style spareribs, water, salt, sodium phosphate, soybean oil, bha, bht, propyl gallate.)",['soybeans']
867,"seasoning (maltodextrin, dried whey, sugar, onion powder, sour cream powder [sour cream solids (cream, nonfat milk, bacterial cultures), cultured nonfat milk, citric acid], spice, citric acid, canola oil, salt, monosodium glutamate, flavor, silicon dioxide)","['dairy', 'wheat', 'soybeans']"
868,standardized with sugar,[]
869,salt and barley malt whey whole rolled oats,['dairy']
870,organic pumpkin powder,[]
871,"seasoning (turbinado sugar, soy sauce powder (wheat, soybeans, salt), onion garlic, flavoring, spice)","['wheat', 'soybeans']"
872,"flavoring (dextrose, natural and artificial flavors, polysorbate 80)",[]
873,"cream of mushroom soup seasoning (spray dried shortening [coconut oil, corn syrup solids, sodium caseinate, mono & diglycerides and sodium silicoaluminate], modified food starch, wheat flour, maltodextrin, salt, dehydrated mushroom, sugar, natural butter flavor [milk], onion powder, mushroom flavor, xanthan gum spice)","['dairy', 'wheat', 'gluten']"
874,calcium sulfate locust bean gum,[]
875,"poultry ingredients (turkey, mechanically separated turkey)",[]
876,"cooking wine(rice, sugar, lactic acid caramel, succini acid, contained under 14% ethyl alcohol)",[]
877,"seasoning (salt, maltodextrin, evaporated cane sugar, natural lime flavor with other natural flavors, citric acid, vinegar, orange peel)",[]
878,"wafers (wheat flour, sugar, soybean and palm oil, cocoa processed with alkali, contains 2% or less of dextrose, corn syrup, caramel color, high fructose corn syrup, food starch-modified, salt, corn flour, artificial flavor, baking soda, soy lecithin, annatto extract for color, turmeric extract for color)","['wheat', 'soybeans']"
879,mustard oil,['mustard']
880,xanthan gum (stabilizer),[]
881,"enriched four (unbleached, wheat flour, niacin, reduced iron, thiamine mononitrate [vitamin b1], riboflavin [vitamin b2], folic acid)","['wheat', 'gluten']"
882,lemon),[]
883,"non fat buttermilk (water, skim milk powder, corn starch, agar, pectin, culture)",['dairy']
884,"batter mix (modified potato starch, wheat flour, tapioca dextrin, modified corn starch, salt, spice, garlic powder, onion powder, hot sauce [aged cayenne peppers, vinegar, salt, garlic powder], tomato powder, maltodextrin, extractives of paprika, leavening [sodium acid pyrophosphate, sodium bicarbonate], sorbitol, xanthan gum)","['wheat', 'gluten']"
885,imported italian extra virgin olive oil,[]
886,salt and cream of tartar,[]
887,"topping (imitation mozzarella blend (water, palm oil, modified potato starch, rennet casein, modified corn starch, sodium citrate, salt, sodium phosphate, natural flavor, carrageenan, lactic acid, artificial color), mozzarella (pasteurized cultured reduced fat milk, salt, enzymes), cooked sausage made with pork- chicken added (pork, mechanically separated chicken, water, seasonings (spices, salt, dextrose, paprika, bht, tbhq, citric acid))",['dairy']
888,watermelon flesh,[]
889,"seasoning (salt, corn syrup solids, spices, hydrolyzed soy protein, lemon juice solids, natural flavor)",['soybeans']
890,organic toasted coconut,[]
891,organic reconstituted pink grapefruit juice,[]
892,"emulsifiers (sorbitan monostearate, polysorbate 60, mono and diglycerides, sodium propionate and phosphoric acid [preservatives])",[]
893,vegetable oil (coconut and canola oil),[]
894,organic lemon flavors,[]
895,cream cheese frosting: powdered sugar,['dairy']
896,roasted red pepper marinara ingredients: water,[]
897,salt,[]
898,"apple dessert (water, sugar, rehydrated apples, modified food starch, dehydrated apple flakes [calcium stearate], natural and artificial flavor [natural and artificial flavor, caramel color, vanilla extractives], spices, citric acid, salt, dried egg yolks)",['eggs']
899,yuca,[]
900,"ingredients: crust (enriched flour (wheat flour, malted barley flour, niacin, ferrous sulfate, thiamine mononitrate, riboflavin, folic acid], water, modified food starch, yeast, sugar, contains 2% or less of each of the following: palm oil, natural butter flavor, soy lecithin, salt, sodium bicarbonate, cellulose gum, guar gum, xanthan gum, wheat flour, ascorbic acid, enzymes, may contain: silicon dioxide, wheat starch, vital wheat gluten, soybean oil, monocalcium phosphate monohydrate), cheeses (whole milk mozzarella cheese [pasteurized milk, cheese culture, salt, enzymes], parmesan cheese [pasteurized milk, cheese cultures, salt, rennet], romano cheese [pasteurized milk, cheese cultures, salt, rennet], asiago cheese [pasteurized milk, cheese cultures, salt, rennet]), sauce (water, tomatoes, seasoning [sugar, salt, modified corn starch, xanthan gum, spices], garlic), pepperoni (pork, beef, salt, contains 2% or less of spices, dextrose, lactic acid starter culture, oleoresin of paprika, sodium nitrite, bha, bht, citric acid, may also contain dehydrated garlic, flavoring, sodium ascorbate), genoa salami (pork, beef, salt, dextrose, lactic acid starter culture, spices, sodium ascorbate, sodium nitrite, garlic powder, bha, bht, citric acid), ham with natural juices (cured with water, salt, sodium lactate, dextrose, sodium phosphate, sodium ascorbate, sodium nitrite), vegetable oils (coconut oil, canola oil, high oleic soybean oil and/or high oleic canola oil), mineral oil, soy lecithin, oat fiber, oregano, dehydrated garlic, dehydrated basil","['wheat', 'dairy', 'soybeans', 'gluten']"
901,"organic dark chocolate (organic chocolate liquor, organic dried cane syrup, organic cocoa butter, organic soy lecithin (emulsifier), organic vanilla extract)","['soybeans', 'dairy']"
902,"dried sweetened cranberries (cranberries, sugar, sunflower oil)",[]
903,"reconstituted juice blend (white grape juice, pear juice, blackberry juice)",[]
904,sodium citrate and carrageenan,[]
905,bourbon vanilla beans],[]
906,"hazelnut flour (hazelnuts, safflower oil, tbhq to maintain freshness)",['tree nuts']
907,"whites syrup (glucose, sugar, water, molasses, salt)",[]
908,and apocarotenal,[]
909,"bulletproof xct oil powder (caprylic and capric triglycerides, tapioca dextrin)",[]
910,organic millet (pearl & sprout),[]
911,organic roasted peanuts,['peanuts']
912,cooked shredded beef steak,[]
913,and annatto (for color),[]
914,"natural flavors), lemon juice concentrate, olives (olives",[]
915,"caesar dressing (soybean oil, water, parmesan cheese [pasteurized milk, cheese cultures, salt, enzymes], egg yolks, red wine vinegar, contains less than 2% of worcestershire sauce [distilled vinegar, molasses, sugar, water, salt, onion, anchovy, garlic, spice, tamarind extract, natural flavors, chili pepper extract], salt, lemon juice concentrate, garlic, spice, mustard seed, anchovy extract, xanthan gum, dehydrated onion, dehydrated garlic)","['soybeans', 'dairy', 'eggs', 'mustard']"
916,and a trace of of lime,[]
917,organic roasted pumpkin seeds,['tree nuts']
918,blackcurrant (product of poland),[]
919,mickey candies: dextrose,[]
920,"chicken flavor (salt, chicken broth, natural flavors)",[]
921,vitamins & minerals: calcium carbonate,[]
922,"dark chocolate (chocolate liquor, sugar, cocoa butter, soy lecithin, natural vanilla flavor)","['soybeans', 'dairy']"
923,soy ginger sauce: water,['soybeans']
924,benzoate of soda (as a preservative) and sodium bisulfate (to preserve color),[]
925,light red kidney beans,[]
926,"vegetable oil (soybean, canola, palm and/or corn oil)",['soybeans']
927,"beef base (roasted beef and concentrated beef stock, salt, hydrolyzed soy, corn and wheat protein, corn ol, sugar, autolyzed yeast extract, alavorings [contains oleoresin of celery seed], maltodextrin, whey, dextrose, caramel color)","['wheat', 'dairy', 'soybeans']"
928,spicy pepper flakes,[]
929,red habanero peppers,[]
930,"peanut butter flavored candies (peanut coating [maltitol, palm and palm kernel oil, peanut flour, nonfat milk, whey, peanuts, salt, soy lecithin, milk fat], maltitol, water, gum acacia, titanium dioxide color, confectioner's glaze, natural flavor, yellow 5 lake, yellow 6 lake, carnauba wax, yellow 6, blue 2 lake, red 40 lake)","['peanuts', 'dairy', 'soybeans']"
931,"creole seasoning (salt, spices, paprika, granulated garlic, granulated onion, and less than 2% tri-calcium phosphate to prevent caking)",[]
932,"milk chocolate (sugar, chocolate milk powder, soy lecithin and vanilla)","['dairy', 'soybeans']"
933,disodium inosinate and guanylate (flavor enhancers) & caramel color,[]
934,oregon cherries,[]
935,"italian cheese blend (mozzarella cheese [pasteurized part-skim milk, cheese cultures, salt, enzymes, potato starch, corn starch, cellulose (anti-caking agent)], parmesan cheese (parmesan cheese (pasteurized milk, cheese cultures, salt, enzymes), powdered cellulose (to prevent caking)]), pizza sauce (vine-ripened fresh tomatoes, blend of extra virgin olive oil and sunflower oil, salt, oregano, granulated garlic, black pepper and naturally derived citric acid), crimini mushrooms","['dairy', 'wheat']"
936,disodium inosinate and disodium guanylate},[]
937,"milk chocolate flavored candy pieces (sugar, partially hydrogenated palm kernel oils, cocoa, whey, nonfat milk powder, soy lecithin, vanilla, corn syrup, gum arabic, artificial coloring [includes yellow 5 lake, red 40 lake, blue 1 lake, blue 2 lake, yellow 6 lake, titanium dioxide], confectioner's glaze [carnauba wax, beeswax, shellac])","['dairy', 'soybeans']"
938,mono and diesters of fats and fatty acids,[]
939,organic forest honey,[]
940,puffed amaranthao,[]
941,"italian seasoning (oregano, marjoram, thyme, basil, rosemary, sage)",[]
942,"oil blend (canola oil, olive oil)",[]
943,"maraschino cherries (cherries, corn syrup, high fructose corn syrup, sugar, citric acid, natural flavor, sodium benzoate and potassium sorbate (preservatives), carrageenan, red 3, sulfur dioxide)",['sulphur dioxide']
944,sodium benzoate as preservatives,[]
945,less than 2% of spices,[]
946,organic wheat grass powder,"['gluten', 'wheat']"
947,"honey mustard dressing (mustard [distilled vinegar, water, mustard seed, salt, spices], water, soybean oil, cane sugar, white wine vinegar, honey, salt, mustard flour, dried onion, dried garlic, xanthan gum, agave syrup, natural flavor)","['soybeans', 'mustard']"
948,aloe pulp (>15%),[]
949,raw organic goji berry powder,[]
950,lactic acid (for acidity),[]
951,sea clams and sea clam juice,"['**fish', '**shellfish']"
952,contains less than 2% of: burgundy wine,[]
953,all natural ingredients: water,[]
954,cooked sausage patty: pork water,[]
955,elderflower flavor,[]
956,butter cream,['dairy']
957,alpha-tocopherol acetate,[]
958,contains 1% or less of: spice,[]
959,"colors (red 40, blue 1, yellow 5)",[]
960,"french bread (enriched unbleached wheat flour (flour, malted barley flour, niacin, reduced iron, thiamine mononitrate (b1), riboflavin (b2), folic acid), water, powdered cellulose, soybean oil, palm oil, contains 2% or less of sugar, salt substitute (sodium gluconate, potassium chloride, sodium, chloride), yeast, dough conditioners (sweet whey, ammonium sulfate, l-cysteine, hydrated monoglycerides, enzyme) soy lecithin)","['wheat', 'soybeans', 'dairy']"
961,graziers certified pasteurized cream,['dairy']
962,pepperoni ingredients: pork,[]
963,"gluten-free reduced sodium tamari (water, soybeans, salt)","['soybeans', 'gluten']"
964,100% whole grain oat flour,[]
965,"marsala type flavor (maltodextrin, natural flavor, triacetin)",[]
966,+ cellulose gel,[]
967,chili seeds,[]
968,oleoresin of turmeric,[]
969,organic macadamia nuts,['tree nuts']
970,lactic ferments,[]
971,"fruit and vegetable mix (strawberry, cranberry, banana, mango, orange, beetroot, kale, carrot)",[]
972,"margarine (soy, palm, modified palm, canola, palm kernel and/or modified palm kernel oil, water, sugar, salt, whey, mono- and diglycerides, soy lecithin, preservatives [sodium benzoate, potassium sorbate], citric acid, natural flavor, beta-carotene [color], vitamin a palmitate, vitamin d3)","['soybeans', 'dairy']"
973,dried red peppers,[]
974,"medium chain triglycerides), dried onions, seasoning (maltodextrin",[]
975,dried balsamic vinegar (contains maltodextrin),[]
976,contains two percent or less of soy lecithin,['soybeans']
977,"carrot and tomato; pasta (wheat, egg); tuna (18%)","['wheat', 'eggs', '**fish']"
978,"roasted peanuts (peanuts, vegetable oil [peanut oil, cottonseed oil, soybean oil and/or sunflower oil], sea salt)",['peanuts']
979,"white meat chicken (chicken, salt, sodium phosphate, natural flavors)",[]
980,"neufchatel cheese (pasteurized milk and cream, cheese culture, salt, stabilizers, {carob bean, xanthan and guar gums}., water, onions, white vinegar, garlic (garlic, water, phosphoric acid, sodium benzoate), modified corn starch, green onion, lemon pepper seasoning (monosodium glutamate, black pepper, salt, malic acid, dehydrated onion and garlic, sugar, lemon flavoring), salt, preservative (sodium acetate, salt, sodium diacetate), cayenne pepper, citric acid, potassium sorbate as a preservative, sodium benzoate as a preservative","['dairy', 'eggs']"
981,"stabilizer blend (xanthan gum, carrageenan, corn starch)",[]
982,poblano pepper strips,[]
983,"seasoning (whey, salt, sugar, onion powder, garlic powder, torula yeast, spices, dried parsley, maltodextrin, canola oil, olive oil, soybean oil, rosemary extract, natural flavors)",['dairy']
984,vegetable shortening (palm oil),[]
985,spices (including chive),[]
986,crushed red pepper flakes,[]
987,high oleic sunflower oil (tocopherols and rosemary extract [to preserve freshness]),[]
988,"dehydrated vegetables (garlic, onion)",[]
989,tree nuts,['tree nuts']
990,"leavening (ammonium bicarbonate, sodium acid pyrophosphate, sodium bicarbonate)",[]
991,organic brazil nuts,['tree nuts']
992,expeller pressed high oleic safflower and/or sunflower oil,[]
993,chickpeas (water & chickpeas),[]
994,"cooked penne pasta (water, enriched semolina flour [durum wheat flour, niacin, reduced iron, thiamine mononitrate, riboflavin, folic acid], canola oil, wheat gluten, egg whites, agar, carrageenan, locust bean gum, xantham gum)","['wheat', 'eggs']"
995,peach ingredients: cultured non fat milk,['dairy']
996,roasted tomato,[]
997,"havarti cheese (pasteurized milk, cheese cultures, salt, enzymes)",['dairy']
998,strawberry puree water,[]
999,folic acid and vitamin d,[]
1000,sodium metabisulfite added as a color stabilizer,"['sulphur dioxide', 'sulphites']"
1001,"sea salt toffee (sugar, butter, sea salt, soy lecithin, citric acid)","['soybeans', 'dairy']"
1002,organic chopped onions,[]
1003,"flavoring (hydrolized corn protein, maltrdextrin, salt, corn flour, onion powder, natural flavoring, garlic powder)",[]
1004,baby kale,[]
1005,caffeine,[]
1006,organic chicken flavora,[]
1007,contains less than 2% of the following: canola oil,[]
1008,"semisweet chocolate chips (sugar, chocolate liquor, cocoa butter, dextrose, soy lecithin [emulsifier], vanillin [artificial flavor])","['soybeans', 'tree nuts']"
1009,paprika & paprika extract (color),[]
1010,"seasoning (maltodextrin, slat, sugar, onion powder, spices garlic powder, torula yeast, citric acid, vinegar, dill weed, natural flavors, salad mustard solids [distilled vinegar, mustard seed, salt, turmeric], with not more than 2% of sunflower oil and silicon dioxide [processing aid])",['mustard']
1011,"baby lettuce blend (green romaine lettuce, red romaine lettuce, green oak lettuce, red oak lettuce, green tango lettuce, red tango lettuce, green leaf lettuce, red leaf lettuce, lolla rossa)",[]
1012,2% or less of maltodextrin,[]
1013,"cream cheese blend (pasteurized cultured milk, cream, skim milk and whey, palm oil [fruit of palm], salt, stabilizers [xanthan, carob bean, guar])",['dairy']
1014,organic soy sauce [water,['soybeans']
1015,organic flame raisins,[]
1016,"cooked pasta (water, durum wheat semolina)","['wheat', 'gluten']"
1017,made with calcium alginate casing,[]
1018,natural almond extract,['tree nuts']
1019,bran,[]
1020,cinnamon and other spices,[]
1021,black pepper,[]
1022,"artificial color (water, high fructose corn syrup, glycerine, yellow 5, sugar, modified food starch, blue 1, citric acid, sodium benzoate and potassium sorbate (preservatives), carrageenan gum, xanthan gum)",[]
1023,frosting mix: dextrose,[]
1024,rubbed with: salt,[]
1025,baby red chard,[]
1026,organic whole grain corn masa flour,[]
1027,contains 2% or less of chicken fat,[]
1028,flame roasted red peppers,[]
1029,refined coconut oil,['tree nuts']
1030,"chicken seasoning (sea salt, maltodextrin, chicken broth, yeast extract, sugar, rice starch, onion and garlic powders, turmeric [color], chicken fat, chicken meat, natural flavors, oleoresin turmeric [color], spice)",[]
1031,purple hull peas,[]
1032,color (beta-carotene),[]
1033,"white chocolate (sugar, hydrogenated palm kernel oil, nonfat milk powder, soy lecithin (an emulsifier), salt and natural flavor)","['dairy', 'soybeans']"
1034,"shrimp paste (shrimp, salt)",['fish']
1035,soya lecthin (an emulsifier) and vanilla,['soybeans']
1036,"strawberry filling (cane sugar, strawberries, water, modified corn starch, strawberry flavor with other natural flavors, citric acid and fruit and vegetable juice concentrate for color)",[]
1037,"greek seasoning (spices, garlic, corn syrup solids, lemon juice solids, natural flavor, modified food starch, olive oil powder, maltodextrin)",[]
1038,jalapeno peppers and citric acid,[]
1039,"reduced fat cheddar cheese (pasteurized low fat milk, cheese cultures, salt, enzymes, annatto [color], vitamin a palmitate)",['dairy']
1040,"cheese mix: part skim milk mozzarella cheese (pasteurized milk, cheese cultures, salt, enzymes)",['dairy']
1041,whole grain wehani rice,[]
1042,licorice extract,[]
1043,turkey breast meat,[]
1044,contains less than 1% of: lactase enzyme,['lactose']
1045,"toasted coconut (dried coconut flakes, sugar, dextrose, salt)",['tree nuts']
1046,spices (includes mustard),['mustard']
1047,"cultured cream (cream, cultures, non-fat dry milk)",['dairy']
1048,"grated cheese (pasteurized milk, salt, microbial rennet)",['dairy']
1049,"organic worcestershire sauce (water, organic vinegar, organic gluten free tamari [water, organic soybeans salt], organic sugar, salt, organic garlic powder, organic onion powder, organic spices)","['soybeans', '**gluten']"
1050,sandwich cookies also contain: oats,[]
1051,teriyaki sauce ingredients: water,[]
1052,"vanillin (an artificial flavor)), corn syrup, sugar, coconut with sodium metabisulfite (to promote color retention), brown sugar, dairy crew, condensed milk, partially hydrogenated palm kernel oil, butter, nuts (almonds","['dairy', 'tree nuts']"
1053,"cheddar cheese (pasteurized milk, cheese culture, salt, enzymes, annatto vegetable color], anti-caking blend [potato starch, powder cellulose])",['dairy']
1054,beets,[]
1055,contains 2% or less of each of the following: dehydrated onion,[]
1056,mono calcium phosphate,[]
1057,safflower oil or organic sunflower oil,[]
1058,100% lemon juice,[]
1059,vegetable oil (palm oil and soybean oil),['soybeans']
1060,organic strawberry juice concentrate,[]
1061,"korean seasoning (tamari powder [soy sauce {fermented soybeans and salt}, maltodextrin, salt], encapsulated salt [sodium chloride, hydrogenated oil {contains one or more of fully hydrogenated soybean, cottonseed or palm oil}], sugar, spices, tomato powder, toasted sesame oil, garlic powder, yeast extract, ascorbic acid, natural flavors, citric acid)","['soybeans', 'sesame']"
1062,ab vitamin (folic acid),[]
1063,"seasoning (whey powder, salt, garlic powder, dextrose, natural flavor, maltodextrin [corn], onion powder, buttermilk powder, yeast extract, spice and coloring [paprika], corn starch-modified, spice, maltodextrin [potato], butter [cream, annatto], non-fat dry milk, cheddar cheese powder [cultured milk, salt, enzymes], sugar)",['dairy']
1064,blue sugar: sugar,[]
1065,topping: powdered sugar,[]
1066,oregano leaves,[]
1067,orange juice from concentrate,[]
1068,ketogenic creamer blend [coconut oil,[]
1069,soluble tapioca fiber (from cassava),[]
1070,leaveing,[]
1071,milk calcium complex,['dairy']
1072,"shredded cheddar-jack cheese (cheddar cheese [pasteurized milk, cheese cultures, salt, enzymes, and annatto vegetable color], monterey jack cheese [pasteurized milk, cheese cultures, salt, enzymes], corn starch [anti-caking agent])",['dairy']
1073,"cake batter pudding (whole milk, cream, sugar, whole eggs, modified corn starch, natural flavor, salt, annatto [color])","['dairy', 'eggs']"
1074,date sugar,[]
1075,teff,[]
1076,waffle coating: wheat flour,"['gluten', 'wheat']"
1077,"contains 2% or less of the following: butter (cream, salt)",['dairy']
1078,hydrogenated glucose syrup,[]
1079,alaskan pollock fillets,['fish']
1080,milk powder (cow's milk),['dairy']
1081,"minced pimiento (pimiento, sodium alginate and guar gum, calcium chloride)",[]
1082,"margerine (palm oil, soybean oil, soybean lecithin, mono- and diglycerides, potassium sorbate, artificial butter flavor, beta carotene, vitamin a palmitate)",['soybeans']
1083,navy beans (cooked),[]
1084,"blueberries (blueberries, high fructose corn syrup, glycerol, citric acid, calcium lactate, potassium sorbate [preservative], natural flavor, pectin methyl esterase, sodium benzoate [preservative])",[]
1085,soybean & coconut oils,['soybeans']
1086,reconstituted black carrot juice,[]
1087,ingredients: american basmati white rice,[]
1088,"heavy cream (cream, carrageenan)",['dairy']
1089,and spelt,[]
1090,milk solids minimum 18%,['dairy']
1091,"parmesan cheese (pasteurized cow's milk, cheese culture, salt, enzymes)",['dairy']
1092,organic flavor,[]
1093,porcini powder,[]
1094,annatto extract and turmeric extract for color,[]
1095,contains 2% or less of the following: whole wheat flour,"['gluten', 'wheat']"
1096,"chocolate coated candy (dark chocolate [sugar, chocolate liquor, cocoa butter, milk fat, soy lecithin, vanillin], sugar, gum arabic, corn syrup, yellow 5 lake, red 40 lake, yellow 6 lake, blue 2 lake, blue 1 lake, yellow 6, blue 1, yellow 5, modified coconut oil, confectioner's glaze [carnauba wax, beeswax, shellac])","['dairy', 'soybeans', 'shellfish']"
1097,"cheddar cheese sauce cheddar cheese (milk, cheese culture, salt, enzymes)",['dairy']
1098,"lemon zest (lemon peel, sugar, lemon oil)",[]
1099,"fish broth (water, cooked fish, salt, whey, sugar, natural flavoring, yeast extract, onion powder)","['fish', 'dairy']"
1100,whole grain sorghum,[]
1101,contains less than 2% of caraway seeds,[]
1102,"garlic), basil, oregano, dehydrated garlic, vegetable oils (coconut oil",[]
1103,jerusalem artichoke inulin,[]
1104,"parmesan and romano cheese (part skim milk, cheese cultures, salt, enzymes)",['dairy']
1105,contains less than 2% of the following ingredients: modified food starch,[]
1106,"corn tortillas (corn flour [corn, calcium sulfate, sorbic acid, benzoic acid, fumaric acid, guar and/or cmc gum, enzymes, sucrose with a trace of lime)",[]
1107,"romano cheese (pasteurized sheep skim milk, cheese cultures, salt, enzymes)",['dairy']
1108,"enzyme modified egg yolk (egg yolks, salt, enzyme)",['eggs']
1109,"nonpareils (sugar, corn starch, confectioner's glaze, yellow 5, red 3, carnauba wax, blue 1, red 40, yellow 6, blue 2)",[]
1110,tapioca syrup,[]
1111,"whole grain mix (bulgur wheat, wheat, rye, oats, barley, triticale, corn, millet)","['gluten', 'wheat']"
1112,turmeric potato filling: potato,[]
1113,dandelion greens juice,[]
1114,and 100% pure love!!!,[]
1115,contains less than 2% of pea fiber,[]
1116,a b vitamin (calcium pantothenate),[]
1117,monopotassium phosphate,[]
1118,"peanut butter chips (partially defatted peanuts, sugar, partially hydrogenated vegetable oil [palm kernel and soybean oil], corn syrup solids, dextrose, reduced minerals whey [milk], salt, vanillin, artificial flavor, soy lecithin)","['peanuts', 'dairy', 'soybeans']"
1119,"mayonnaise (soybean oil, water, egg yolks, distilled vinegar, contains 2% or less of: corn syrup, salt, spice, lemon juice concentrate, calcium disodium edta [protects flavor])","['soybeans', 'eggs']"
1120,sorbitol from fruit and vegetables (coconut),[]
1121,"canola oil blend (canola oil, virgin olive oil)",[]
1122,"sour cream (cultured pasteurized light cream, nonfat milk, enzymes)",['dairy']
1123,mixed tocopherols preservative,[]
1124,"coconut flakes (coconut, sugar, dextrose, salt)",[]
1125,lemon pulp,[]
1126,degerminated milled corn,[]
1127,corn gluten,[]
1128,"vanilla icing (powdered sugar [sugar, corn starch], sugar, water, corn syrup, vegetable shortening [liquid canola oil, palm oil, palm kernel oil], salt, polysorbate 60, xanthan gum, locust bean gum, guar gum, titanium dioxide [color], natural flavor, sorbic acid [preservative])",[]
1129,+cocoa butter cane sugar,[]
1130,"pepitas (pepitas, sunflower oil, salt)",[]
1131,"contains 2% or less of the following: baking powder (sodium bicarbonate, sodium aluminum sulfate, corn starch, calcium sulfate, monocalcium phosphate)",[]
1132,calcium propionate(to retard spoilage),[]
1133,ground chicken,[]
1134,"beef flavor concentrate (beef broth [beef stock, water], yeast extract, beef flavor, caramel color, potato flour, onion powder, garlic powder, flavor, beef fat)",[]
1135,yellow corn flour (with traces of lime),[]
1136,organic american cheese [organic milk,['dairy']
1137,"seasoned chicken raised without antibiotics (chicken [boneless skinless chicken breast with rib meat, water, potato starch, vinegar, salt], soybean oil, spices, dehydrated garlic, dehydrated onion, sea salt)","['soybeans', 'eggs']"
1138,"organic shirokoshi (water, organic soybeans, organic rice, salt, yeast, koji culture)",['soybeans']
1139,"color (carrot, apple, black currant)",[]
1140,flavor (includes enzyme modified butter fat),['**dairy']
1141,dried turmeric (color),[]
1142,"extra virgin olive oil infused with tabascoa brand crushed red pepper (red pepper, distilled vinegar, salt)",[]
1143,"organic cheddar cheese (pasteurized organic milk, cheese culture, salt, enzymes)",['dairy']
1144,"filling: chicken chorizo (chicken, spices, water, sea salt, garlic powder, paprika extract, paprika, rosemary extract)",[]
1145,"leavening (baking soda, sodium bicarbonate, sodium aluminum phosphate)",[]
1146,beef pork,[]
1147,"crushed capers (capers, water, vinegar, salt)",[]
1148,organic toasted sesame oil,['sesame']
1149,beet root juice,[]
1150,"organic chocolate(chocolate liquor, sugar, cocoa butter, soy lecithin, vanilla)",['soybeans']
1151,organic expeller pressed sesame seed oil xanthan gum,['sesame']
1152,yellow 6 and red 40,[]
1153,chicken broth dry,[]
1154,pucker up candy: dextrose,[]
1155,yolks,['eggs']
1156,bicarbonate,[]
1157,organic yellow bell pepper,[]
1158,grains: corn,[]
1159,white truffle juice [water,[]
1160,"cranberries (cranberries, cane sugar, vegetable glycerine, citric acid, sunflower oil)",[]
1161,hydrogenated vegetable oil (palm kernel and/or palm),['soybeans']
1162,5% or less of sodium phosphate,[]
1163,dehydrated spices,[]
1164,"vegetable shortening ([contains one or more of the following: palm and/or soybean oil], with emulsifier [propylene glycol mono- and diesters, mono- and diglycerides, soy lecithin] with preservative [bht, citric acid])",['soybeans']
1165,grill flavor modified corn starch,[]
1166,sodium metabisulfite (e 223) (retain color),"['sulphur dioxide', 'sulphites']"
1167,and palm kernel oils,[]
1168,"vitamins and minerals (vitamin a palmitate, calcium carbonate, niacinamide, reduced iron, zinc oxide, pyridoxine hydrochloride, riboflavin, thiamin hydrochloride, folic acid)",[]
1169,"chicken and beef (pork, mechanically separated chicken, beef, salt, contains 2% or less of: spices, dextrose, lactic acid starter culture, oleoresin of paprika, sodium ascorbate, natural smoke flavor, flavoring, sodium nitrite, bha, bht, citric acid)",['**dairy']
1170,"lemon puree (lemon juice, sugar, lemon pulp, lemon juice concentrate, ground lemon peel, lemon oil)",[]
1171,"brewed tea (filtered water, black tea leaves)",[]
1172,french vanilla flavor,[]
1173,organic sprouted khorasan wheat,"['gluten', 'wheat']"
1174,ingredients not present in regular mayonnaise,[]
1175,"whole grain flour blend (quinoa, amaranth, millet, sorghum, teff)",[]
1176,spices (including chile pepper and red pepper),[]
1177,"contains 2% or less of garlic (garlic, water)",[]
1178,peanut butter (dry roasted blanched peanuts),['peanuts']
1179,"shrimp (with salt, sodium tripolyphosphate)",['shellfish']
1180,"artificial flavor), nonfat dry milk, cocoa (processed with alkali), candy cane pieces (sugar","['**dairy', 'soybeans']"
1181,artificial color (lemonade only),[]
1182,made from fancy durum flour and pasteurized eggs,"['**dairy', 'eggs', 'gluten', 'wheat']"
1183,jalapeno peppers (includes dehydrated),[]
1184,potato flour],[]
1185,unsweetened chocolate (processed with alkali),[]
1186,heavy cream 40%,['**dairy']
1187,organic spelt,[]
1188,"imitation vanilla (water, vanillin, ethyl vanillin and other aldehydes, propylene glycol)",[]
1189,"crust: enriched wheat flour (flour, niacin, reduced iron, thiamine mononitrate, riboflavin, folic acid, enzyme)","['gluten', 'wheat']"
1190,"algae oil (algae oil, mixed tocopherols)",[]
1191,coconut and/or palm kernel oil,[]
1192,fish stock,['fish']
1193,and beet powder (for color),[]
1194,"chicken enchilada (yellow corn tortilla [water, yellow corn flour with a trace of lime, guar gum, xanthan gum], cooked seasoned chicken [chicken dark meat, water, potato starch, salt, natural flavors, spice, lime oil], organic tomatillos, sour cream [cultured milk, cream], corn starch, sea salt)","['**dairy', 'gluten', 'wheat']"
1195,"yogurt powder (nonfat dry milk, citric acid, lactic acid, natural flavors, cultures)",['**dairy']
1196,"salt free bread crumbs [enriched bleached soft wheat flour (enriched with niacin, reduced iron, thiamin mononitrate, riboflavin, folio acid)","['gluten', 'wheat']"
1197,"silicon dioxide (used at less than 1% as an anticaking, free flow agent)",[]
1198,"raspberry vinaigrette (water, sugar, red wine vinegar, red raspberry puree, apple juice concentrate, contains less than 2% of: raspberry juice concentrate, salt, xanthan gum, natural flavor)",[]
1199,organic dried onions,[]
1200,"tuna (light tuna, water, salt)",[]
1201,"orange drink concentrate (sugar, water, natural and artificial flavors, citric acid, apple concentrate, orange concentrate, lime concentrate, tangeine concentrate, grapefruit concentrate, modified food starch, ascorbic acid, natural gum, potassium sorbate, sodium benzoate, fd&c yellow 5, fd&c yellow 6, thiamine mononitrate)",[]
1202,vegetable fiber (chicory),[]
1203,"sprinkles: icing sugar (sugar, cornstarch)",[]
1204,lemon puree,[]
1205,seasoning blend [cane sugar,[]
1206,"cinnamon sugar churro (sugar, unenriched wheat flour, butter (cream, salt), soybean oil, pasteurized eggs, cinnamon, salt)","['wheat', 'gluten', 'dairy', 'eggs']"
1207,swiss cheese flavor [enzyme modified swiss cheese {milk,['dairy']
1208,"pickle brine (water, vinegar, salt, natural flavors)",[]
1209,contains live and active cultures l casei,[]
1210,organic tomato,[]
1211,vapor distilled water,[]
1212,& flavorings,[]
1213,almond butter (dry roasted almonds),['tree nuts']
1214,potassium sorbate and sorbic acid (preservatives),[]
1215,cultured milk and reduced fat milk,['dairy']
1216,silicon dioxide (to make free flowing) natural flavor,[]
1217,natural smoked flavor,[]
1218,"2% or less of chili garlic sauce (salted chili peppers [chili peppers, salt], sugar, water, rice vinegar, dried garlic, salt, corn starch)",[]
1219,cognac,[]
1220,"dark chocolate (cocoa mass, sugar, cocoa butter, lactose, skimmed milk powder, milk fat, sunflower lecithin, natural vanilla flavor)","['dairy', 'lactose']"
1221,black pepper],[]
1222,lactis c,[]
1223,degermed yellow cornmeal,[]
1224,less than 2% of dehydrated onion,[]
1225,"enriched wheat flour (flour, malted barley flour, reduced iron, niacin, thiamin mononitrate (vitamin b1), riboflavin (vitamin b2), folic acid)","['wheat', 'gluten']"
1226,chaga mushroom powder,[]
1227,reduced fat milk,['dairy']
1228,pasilla negra chile,[]
1229,"mushroom base (mushrooms, salt, maltodextrin [from corn], yeast extract, sugar, soy flour, onion and garlic powder, corn oil, natural flavors)",['soybeans']
1230,"bread crumbs (bleached wheat flour, dextrose, salt, yeast, partially hydrogenated soybean oil, calcium propionate)","['wheat', 'gluten', 'soybeans']"
1231,potassium sorbate and tbhq (preservatives),[]
1232,shrimp (penaeus vannamei),['shellfish']
1233,organic sesame paste,['sesame']
1234,"cheddar cheese with chipotle peppers (pasteurized milk, chipotle peppers, cheese culture, salt, enzymes)",['dairy']
1235,citrci acid,[]
1236,baking soda],[]
1237,partially hydrogenated vegetable oil (palm kernel and/or soybean and/or cottonseed oil),['soybeans']
1238,glycerine gelatin,[]
1239,and 2% or less of salt,[]
1240,organic minced garlic,[]
1241,"pure vanilla extract (water, alcohol {35%}, sugar, vanilla bean extractives)",[]
1242,"cooked natural chorizo sausage (pork, spices, water, paprika, salt, natural flavorings, dried vinegar)",[]
1243,garlic and onion oil,[]
1244,freshness preserved by calcium propionate,[]
1245,"vanilla extract), cocoa, locust bean gum",['dairy']
1246,"green bell pepper and beer (malted barley, corn syrup, hops, yeast)",['gluten']
1247,filling: coconut fat,['tree nuts']
1248,dark brown sugar,[]
1249,brown flax,[]
1250,"coloring (includes yellow 5, blue 1, yellow 6, red 40, yellow 5 lake, blue 1 lake, yellow 6 lake, red 40 lake, blue 2 lake, blue 2)",[]
1251,contains egg,['eggs']
1252,"confectioners glaze), pineapple (cane sugar",[]
1253,"cake mix (sugar, enriched bleached wheat flour (wheat flour, niacin, reduced iron, thiamine mononitrate, riboflavin, folic acid), vegetable oil shortening (palm oil), wheat starch, leavening (baking soda, monocalcium phosphate, sodium aluminum phosphate), artificial strawberry bits (sugar, yellow corn flour, dextrose, modified food starch, canola oil, corn starch, maltodextrin, citric acid, natural and artificial flavor, red 40 and blue 2), emulsifier (propylene esters, mono and diglycerides, sodium stearoyl lactylate), salt, xanthan gum, cellulose gum, natural and artificial flavor, citric acid, colored with (red 40 lake))","['wheat', 'gluten']"
1254,calcium fd&c reds 40 and 3,[]
1255,grade a grassfed reduced fat organic milk,['dairy']
1256,"color added (titanium dioxide, beta carotene)",[]
1257,"dark chocolate chips (cocoa, sugar, cocoa butter, butter, soy lecithin, vanilla natural flavor)","['dairy', 'soybeans']"
1258,"jalapeno mash (jalapeno peppers, vinegar, salt)",[]
1259,cane caramel,[]
1260,less than 2% of caramelized onion,[]
1261,prepared light red kidney beans,[]
1262,less than 2% of: calcium carbonate,[]
1263,"enriched wheat flour (wheat flour (wheat flour, niacinamide, reduced iron, thiamin mononitrate, riboflavin, folic acid), degermed yellow corn meal, whole wheat, vegetable oil (contains one or more of the following oils: canola, sunflower, soybean), sugar, whey, contains 2% or less of: buttermilk, salt, corn syrup solids, enzyme modified skim milk cheese (pasteurized skim milk, whey protein, cheese cultures, salt, enzymes), yeast, sour cream powder (cream, nonfat dry milk, cultures), maltodextrin, sodium bicarbonate, molasses, onion powder, malt syrup, calcium carbonate, paprika, natural flavor, color (yellow lakes 5 & 6 and other color added), trisodium phosphate, sodium ascorbate, bht (a preservative), reduced iron, vitamin a palmitate, zinc oxide, niacinamide, vitamin d, folic acid, pyridoxine hydrochloride, riboflavin, thiamin mononitrate, enzymes, vitamin b12","['wheat', 'gluten', 'dairy']"
1264,"honey powder (refinery syrup, honey) salt",[]
1265,ground tofurky gluten-free sausage: water,['gluten']
1266,"vegetable oil (cottonseed, peanut, soybean and/or sunflower)]","['peanuts', 'soybeans']"
1267,"jalapeno peppers (jalapeno pepper, vinegar, salt, citric acid)",[]
1268,contains less than 2% of: sea salt,[]
1269,flavor (with safflower oil),[]
1270,cultured corn sugar,[]
1271,"sun dried tomatoes (sun dried tomato, so2, citric acid, glucose)","['sulphur dioxide', 'sulphites']"
1272,"roasted garlic (sunflower oil, natural flavor)",[]
1273,prepared horseradish,[]
1274,whey protein concentrate natural flavor,['dairy']
1275,cabernet wine (contains salt),[]
1276,potassium sorbate (as a preservative),[]
1277,contains 1% or less of soybean oil,['soybeans']
1278,cashewnuts,['tree nuts']
1279,"worcestershire sauce (water, vinegar, salt, sugar, malic acid, molasses, citric acid, dehydrated onion and garlic, food gums (arabic, xanthan, guar, cellulose), spices, dextrose, natural flavors, smoke flavor)",[]
1280,blood orange juice,[]
1281,"milk chocolate (sugar, cocoa butter, chocolate liquor, milk, sunflower lecithin, vanilla extract)",['dairy']
1282,organic expeller pressed palm fruit oil,[]
1283,fudge syrup [corn syrup water,[]
1284,"roasted salted pecans (pecans, canola oil, salt)",['tree nuts']
1285,starter distillate,[]
1286,potassium sorbate and calcium disodium edta used to protect quality,[]
1287,pasteurized part-skim cow's milk,['dairy']
1288,organic whole milk powder (rbst free),['dairy']
1289,soybean oil,['soybeans']
1290,lactobacillus acidophilus,[]
1291,"spices (including turmeric, celery seed, red pepper, paprika)",['celery']
1292,"cacciatore sauce (crushed tomato (tomatoes, salt, citric acid), chopped tomato (vine-ripened tomatoes, tomato puree, salt, citric acid), suntan pepper, mushroom, onion, canola oil, olive oil, soy lecithin, xanthan gum, garlic, basil, sea salt, black pepper, nisin)",['soybeans']
1293,"contains one or more of the following non-hydrogenated oils: (corn oil, palm oil, canola oil, soybean oil, cottonseed oil, and/or sunflower oil)",['soybeans']
1294,"and artificial flavors), white drizzle (sugar",[]
1295,flour and salt,['gluten']
1296,canola oil and spices,[]
1297,"blueberry nuggets (dextrose, sugar, wheat flour, modified corn starch, soybean oil, natural and artificial flavor, blueberries, cellulose gum, citric acid, corn maltodextrin, blue 2 lake, red 40 lake)","['wheat', 'soybeans']"
1298,no nitrates or nitrites added,[]
1299,"paprika oleoresin [for color]), modified cornstarch, annatto extract, spice",[]
1300,"pure dark and milk chocolate and white cocoa butter (sugar, chocolate liquor processed with alkali, cocoa butter, butter oil, milk, soy lecithin (an emulsifier), vanilla)","['dairy', 'soybeans']"
1301,"enriched egg noodles (durum wheat flour, egg, niacin, iron, [ferrous sulfate], thiamine mononitrate, riboflavin, folic acid)","['eggs', 'wheat']"
1302,"vegan margarine (vegetable oil blend, palm fruit, canola and olive oils, water, salt)",[]
1303,"sprinkles (icing sugar [sugar, corn starch], palm kernel oil, modified corn starch, corn starch, shellac, sunflower lecithin, fd&c yellow #5, fd&c blue #1, mica-based pearlescent pigment, polysorbate 60)",[]
1304,kombu,[]
1305,"vegetable oil (sunflower, safflower, canola, corn, cottonseed and/or rice)",[]
1306,"organic fudge sauce (organic cane sugar, water, organic cocoa [processed with alkali], organic tapioca starch, organic chocolate liquor)",[]
1307,"organic grain and seed blend (organic cracked wheat, organic sunflower seeds, organic pumpkin seeds, organic brown flax seeds, organic sesame seeds, organic black sesame seeds, organic rolled oats, organic steel cut oats, organic millet, organic brown rice, organic golden flax, organic spelt flakes, organic tri-colored quinoa, organic sorghum, organic buckwheat groats, organic kamut khorasan wheat flakes, organic chia seeds, organic poppy seeds, organic barley flakes, organic triticale flakes, organic soft white wheat flakes, organic rye flakes, organic amaranth, organic corn meal, organic red wheat bran)","['sesame', 'wheat']"
1308,expeller-pressed non-gmo canola oil,[]
1309,10% quinoa,[]
1310,active yogurt cultures l,['dairy']
1311,dried golden california figs,[]
1312,organic chile pepper powder,[]
1313,"oatmilk (water, oats)",[]
1314,"seasoning (maltodextrin sugar, salt, spices, tomato powder, brown sugar, onion powder, torula yeast, vinegar, molasses, natural flavors, extractives of paprika, citric acid, with not more than 2% of sunflower oil and silicon dioxide [processing aid])",[]
1315,fairtrade dried coconut,['tree nuts']
1316,xanthan gum (natural food fiber),[]
1317,"cinnamon swirl french toast (bread [enriched flour {wheat flour, malted barley flour, niacin. reduced iron. thiamine mononitrate, riboflavin, folic acid}, water, sugar, wheat flour, soybean oil with citric acid preservative, eggs, contains 2% or less of: cinnamon, salt, yeast, sorbitan monosterate, corn starch, calcium sulfate, enzymes, ascorbic acid {dough conditioner}], egg mix [whole eggs, whey, sugar, nonfat milk. contains 2% or less of: soybean oil, natural vanilla flavor, salt, xanthan gum, natural butter flavor, citric acid])","['eggs', 'dairy', 'soybeans', 'wheat']"
1318,(contains organic cane sugar),[]
1319,paprika},[]
1320,cultured pasteurized grade a skim milk,['dairy']
1321,"organic filling: organic yellow cheddar cheese {(pasteurized organic milk, cheese cultures, sea salt, vegetable enzymes, organic annatto (color)}, organic pepper jack cheese (pasteurized organic milk, cheese cultures, salt, organic jalapeno peppers, vegetable enzymes), organic mozzarella cheese (pasteurized organic milk, cheese cultures, sea salt, vegetable enzymes), water, organic white cheddar cheese (pasteurized organic milk, cheese cultures, sea salt, vegetable enzymes), contains 2% or less of organic corn starch, organic garlic powder, organic green chile peppers, organic onion powder, organic spice, sea salt",['dairy']
1322,"leavening (sodium anid pyrophoshate, sodium bicarbonate monocalcium phosphate, calcium sulfate) with starch",[]
1323,"frozen egg yolk mix (egg yolk, sugar)",['eggs']
1324,pistachios (sea salt),['tree nuts']
1325,organic cracked rye,[]
1326,bicarbonate of soda and salt,[]
1327,onion extract,[]
1328,contains 2% or less of each of: guar gum,[]
1329,"red chili pepper""""",[]
1330,hydrolyzed corn and soy proteins,['soybeans']
1331,"spice mix (onions, pepper, garlic, tamarind, chili, cinnamon, star anise, clove, cardamom, nutmeg)",[]
1332,"raspberry ripple (high fructose corn syrup, water, raspberries, apples, modified cornstarch, strawberries, citric acid, locust bean gum, natural and artificial flavors, salt, potassium sorbate, cellulose gel gum, red 40, caramel [color], blue 1)",[]
1333,"dried blueberries (blueberries, sugar)",[]
1334,unbleached unenriched wheat flour,"['gluten', 'wheat']"
1335,wheat gluten and yeast,"['gluten', 'wheat']"
1336,organic parboiled rice,[]
1337,"part-skim mozzarella cheese (pasteurized part-skim milk, cheese culture, salt, enzymes)",['dairy']
1338,olive oil (20%),[]
1339,"leavening (sodium aluminum phosphate, sodium bicarbinate, monocalcium phosphate)",[]
1340,"toasted bread crumbs [enriched flour (wheat flour, malted barley, niacin, ferrous sulfate, thiamin mononitrate (vitamin b1), riboflavin (vitamin b2), folic acid)","['gluten', 'wheat']"
1341,"vegetable oil (contains one or more of the following: canola oil, soybean, cottonseed, sunflower, corn)",['soybeans']
1342,"bread (enriched wheat flour [wheat flour, niacin, reduced iron, thiamin mononitrate, riboflavin, folic acid], water, contains 2% or less of each: soybean oil, salt, yeast, sugar, wheat gluten, malted barley flour, dextrose, enzymes, ascorbic acid, vegetable protein, guar gum, corn meal)","['gluten', 'wheat', 'soybeans']"
1343,monocalcium potassium sorbate (preservative),[]
1344,"banana chips (banana, coconut oil, sugar, natural banana flavoring)",['tree nuts']
1345,"bean blend (garbanzo bean flour, navy bean flour, red lentil flour)",[]
1346,"milk chocolate (sugar, cocoa butter, milk, chocolate liquor, nonfat milk, soy lecithin, vanilla powder)","['dairy', 'soybeans']"
1347,ammonium bicarbonate (raising agent),[]
1348,"organic white cheddar seasoning (organic cheddar cheese [organic cultured pasteurized milk, salt, enzymes], organic nonfat milk, organic buttermilk, organic whey, salt, disodium phosphate)",['dairy']
1349,"egg nog base (cane sugar, organic egg yolks, filtered water, spices [cinnamon, nutmeg, ginger, cloves], natural flavor, annatto extractive [color], turmeric extractive [color])",['eggs']
1350,"crackers [enriched wheat flour (wheat flour, niacin, reduced iron, thiamine mononitrate, riboflavin, folic acid)","['wheat', 'gluten']"
1351,"cayenne pepper sauce (aged cayenne red peppers, distilled vinegar, water, salt, garlic powder)",[]
1352,"enriched bleached wheat flour (niacin, iron [reduced], thiamine mononitrate, riboflavin, folic acid, malted barley flour)","['wheat', 'gluten']"
1353,"salt), lime juice concentrate, modified cornstarch, basil, spearmint, natural flavor",[]
1354,roasted dehydrated garlic,[]
1355,"cheddar cheese seasoning: [cheddar cheese {(pasteurized milk, cheese cultures, salt, enzymes)",['dairy']
1356,"crisp rice (rice, sugar, salt, malt, brown sugar)",[]
1357,"crust: vegetable blend (cauliflower, water, broccoli, carrots, cabbage, kale)",[]
1358,palm and sunflower in variable proportion,[]
1359,carrageenan modified corn starch,[]
1360,thai red rice,[]
1361,emulsifier product [propylene glycol monostearate,[]
1362,"caramel sauce (organic tapioca syrup, water, molasses, pea protein, natural flavor, organic cocoa butter, sodium citrate, salt, pectin)",[]
1363,"hot sauce (cayenne red peppers, vinegar, salt, garlic)",[]
1364,butterfat,['dairy']
1365,high oleic expeller pressed safflower oil,[]
1366,"caramel apple chips (apples, safflower, sunflower and/or canola oil, corn syrup, sugar, maltodextrin, modified corn starch, citric acid, ascorbic acid [vitamin c], natural flavoring, carmel coloring)",[]
1367,"leavening (sodium bicarbonate, sodium aluminium phosphate)",[]
1368,plums,[]
1369,"margarine (soybean oil, palm oil, water, salt, mono- and diglycerides, skim milk, soy lecithin, preservative [sodium benzoate], artificial flavor, vitamin a palmitate, beta-carotene color)","['soybeans', 'dairy']"
1370,contains 2% or less of the following: slat,[]
1371,vegetable oil (soy / palm oil),['soybeans']
1372,"organic coconutmilk (filtered water, organic coconut)",[]
1373,organic arrowroot,[]
1374,poblano peppers,[]
1375,organic coconut,['tree nuts']
1376,"cooked organic black lentils (water, organic black lentils)",[]
1377,sesame seed and celery protein,"['sesame', 'celery']"
1378,"mangoes (mangoes, sugar, water, corn starch, natural flavor, lemon juice concentrate, annatto extract (for color))",[]
1379,"organic spice extractives (organic cinnamon, organic clove, organic capsicum)",[]
1380,"baker's cheese (nonfat milk, lactic acid, cultures)",['dairy']
1381,paprika extractives (for color),[]
1382,stevia extract (sweetener) and pumpkin,[]
1383,soy lecithin],['soybeans']
1384,"salt (salt, tricalcium phosphate [anti-caking agent])",[]
1385,"low moisture mozzarella cheese (pasteurized milk, cheese culture, salt, enzymes)","['dairy', 'wheat', 'gluten']"
1386,"margarine butter blend (palm oil, butter [cream, salt], water, salt, mono-and diglycerides, sodium benzoate preservative, citric acid preservative, natural flavor, vitamin a palmitate, beta-carotene color)","['dairy', 'soybeans']"
1387,cream (adds a trivial amount of fat),['dairy']
1388,cotton candy extract [sucrose,[]
1389,pure oats,[]
1390,"enriched vermicelli (wheat flour, niacin, ferrous sulfate [iron], thiamin mononitrate, riboflavin, folic acid)","['wheat', 'gluten']"
1391,"marshmallow (corn syrup, water, sugar, modified corn starch, titanium dioxide, artificial flavor, potassium sorbate as preservative, citric acid)",[]
1392,"seasoning (salt, modified food starch, sodium phosphates, chicken broth, and natural flavors)",[]
1393,"cranberry juice (water, cranberry juice concentrate)",[]
1394,sunflower oil or non-organic corn oil,[]
1395,"organic feta cheese (pasteurized organic milk, cheese culture, salt, microbial enzymes, organic potato starch [to prevent caking])",['dairy']
1396,ground red pepper and cumin,[]
1397,cellulose powder added to prevent caking,[]
1398,organic sprouted whole grain spelt berries,[]
1399,organic nutmeg,[]
1400,silicon dioxide (added to help prevent caking),[]
1401,"arborio rice (water, rice)",[]
1402,"non-dairy creamer (partially hydrogenated soybean oil, corn syrup solids, sodium caseinate [milk protein], mono-and diglycerides, dipotassium phosphate, and lecithin)","['soybeans', 'dairy']"
1403,roasted garlic alfredo sauce: water,[]
1404,vanilla extract and baking soda],[]
1405,"seasoning (extra virgin olive oil, garlic, parsley, sea salt, roasted granulated garlic)",[]
1406,contains 1% or less of: sea salt,[]
1407,freeze dried raspberries,[]
1408,purple carrot extract,[]
1409,cochneal,[]
1410,may contain: peanut,['peanuts']
1411,less than 2%: eggs,['eggs']
1412,ferric orthophosphate (a source of iron),[]
1413,"extract blend (onion, black pepper, celery, garlic)",['celery']
1414,sodium and potassium lactate,[]
1415,"spices (including chili pepper, cumin, ginger)",[]
1416,"leavening (sodium aluminum phosphate, baking soda)",[]
1417,"unbleached high gluten flour (enriched whet flour, niacin, reduced iron, thiamine mononitrate, riboflavin, folic acid, potassium bromate)","['gluten', 'wheat']"
1418,elderberry extract,[]
1419,"margarine (liquid and hydrogenated soybean oil, water, salt, less than 2% of vegetable mono and diglycerides, soy lecithin, natural and artificial flavor, bha & bht added to protect flavor, vitamin a palmitate and vitamin d3 added)",['soybeans']
1420,ingredients: organic pinto beans,[]
1421,"organic bread crumbs (organic wheat flour, water, yeast, sea salt)","['gluten', 'wheat']"
1422,criminl mushrooms,[]
1423,riboflavin [b2],[]
1424,"taco sauce: tomato puree (water, tomato paste)",[]
1425,"nut blend (roasted cashews, roasted almonds, sunflower oil, palm oil)",['tree nuts']
1426,"provolone cheese with smoke flavor (pasteurized milk, cheese culture, salt, enzymes, natural smoke flavor)",['dairy']
1427,"color (paprika, turmeric extract)",[]
1428,gellan gum and stevia extract,[]
1429,"enrichment blend (calcium sulfate, ferrous sulfate, niacin, thiamin mononitrate, riboflavin, folic acid, tricalcium phosphate)",[]
1430,"cooked salmon (salmon, salt)",['fish']
1431,organic mint extract,[]
1432,artificial strawberry flavor and red # 40 food color,[]
1433,wheat,"['gluten', 'wheat']"
1434,"cream (78%) (sugar, cocoa, corn starch, vegetable oil, natural identical chocolate flavor)",['dairy']
1435,"dehydrated cheddar cheese (cultured pasteurized milk, salt, enzymes)",['dairy']
1436,"seasoned cream cheese (cream cheese [pasteurized milk and cream, cheese culture, salt, stabilizers {guar gum, carob bean gum, xanthan gum}], unsalted butter [pasteurized cream, natural flavorings], shaved parmesan cheese [pasteurized part - skimmed cow's milk, cheese cultures, salt, enzymes and cellulose {to prevent caking}], granulated garlic, salt, chives, parsley, black pepper, basil, dill, thyme)","['dairy', 'eggs']"
1437,"artificial colors (fd&c red 40, titanium dioxide)",[]
1438,soup base ingredients: salt,[]
1439,"mixed fruit concentrate (pineapple, pear, peach)",[]
1440,sodium benzoate added as a preservative,[]
1441,processing emmental cheese [emmental,['dairy']
1442,yellow chiles,[]
1443,"cinnamon streusel (sugar, wheat flour [wheat flour, malted barley flour], palm oil, cinnamon, natural flavor)","['gluten', 'wheat']"
1444,green chilies (green chilies and citric acid),[]
1445,peach powder,[]
1446,"liquid whole eggs (pasteurized whole eggs, citric acid)",['eggs']
1447,"organic dark chocolate (unsweetened chocolate, sugar, cocoa butter )",['dairy']
1448,pectin and live active cultures: s,[]
1449,"soy flou cream cheese (pasteurized milk and cream cheese culture, salt, carob bean gum)","['dairy', 'soybeans']"
1450,spice oils (turmeric & annatto),[]
1451,and biotin,[]
1452,folic acid,[]
1453,"enriched long grain rice (iron, niacin, thiamine mononitrate, folic acid)",[]
1454,"baking powder (sodium diphosphate, sodium hydrogen carbonate)",[]
1455,"tomato to puree (water, tomato paste)",[]
1456,"flavor (yeast extract, natural flavor)",[]
1457,borlotti beans,[]
1458,"organic seasoning (organic spices, organic celery)",['celery']
1459,pork brains,[]
1460,annatto (color)},[]
1461,"vanilla chips (cane sugar, palm kernel oil, sunflower lecithin, vanilla extract)",['soybeans']
1462,and sodium benzoate (added as a preservative),[]
1463,honey (9. 5%),[]
1464,"flavors (artificial lime, orange, raspberry & banana)",[]
1465,green jalapeno peppers,[]
1466,"steak sauce seasoning (sugar, salt, romano cheese (cow's milk, rennet, enzymes, salt), dehydrated onions, spices, spice extractives, garlic powder)",['dairy']
1467,cocoa powder [processed with alkali],[]
1468,bacon cured with: water,[]
1469,potassium phosphate and calcium lactate and magnesium lactate (electrolyte sources),[]
1470,garlic salt and lime,[]
1471,contains 2% or less of each of the following: hydrolyzed soy protein,['soybeans']
1472,stearic acid,[]
1473,"food starch prepared (water, modified food starch, methylcellulose)",[]
1474,unsweetened chocolate processed with alkali,[]
1475,"organic dark chocolate (chocolate liquor, sugar, cocoa butter, soy lecithin [emulsifier], vanilla extract)",['soybeans']
1476,"sauce (tomato puree, tomato paste, water, cane sugar, red wine vinegar, salt, canola oil, ground oregano, black pepper)",[]
1477,"enriched bleached flour (wheat flour, niacin, iron, thiamine mononitrate, riboflavin, folic acid)","['wheat', 'gluten']"
1478,calcium acid pyrophosphate,[]
1479,european cultures,[]
1480,and clove,[]
1481,"baking powder (organic potato starch, cream of tartar, sodium bicarbonate)",[]
1482,"chipotle hot sauce (white distilled vinegar, red fresno peppers, apple cider vinegar, salt, cane sugar, onion, garlic)",[]
1483,"avocados (avocado, salt, ascorbic acid [to maintain natural color], citric acid)",[]
1484,brandy vinegar,[]
1485,"cooked shrimp (shrimp,salt)",['shellfish']
1486,"salad dressing (soybean oil, water, sugar, egg yolks [egg yolks, salt], white distilled vinegar, sea salt, modified potato starch, lemon juice, fruit and vegetable juice [for color], xanthan gum)","['soybeans', 'eggs']"
1487,blue 1],[]
1488,enriched long grain rice [niacin,[]
1489,whole grain teff seeds,[]
1490,natural madagascar vanilla flavor,[]
1491,"mozzarella cheese (low moisture part skim mozzarella cheese [pasteurized part skim milk, cultures, salt, enzymes], powdered cellulose to prevent caking)",['dairy']
1492,"starch (corn, potato)",[]
1493,"heavy cream sauce (shortening powder [soybean oil, corn syrup solids, sodium caseinate, mono & diglycerides], corn maltodextrin, sweet cream solids, salt, sugar, garlic powder, lemon juice powder [corn syrup solids, lemon juice, lemon oil], natural butter flavor)","['soybeans', 'dairy']"
1494,natural flavor (fermented wheat flour),"['wheat', 'gluten']"
1495,"unsalted butter (sweet cream, natural flavoring)",['dairy']
1496,dehydrated red and green peppers,[]
1497,"dark chocolate (+cacao beans, evaporated cane sugar, +cocoa butter, sunflower lecithin)","['soybeans', 'dairy']"
1498,organic heirloom cacao,[]
1499,margarine vegetable oil blend [palm fruit,[]
1500,"anti-caking blend (potato starch, corn starch and powdered cellulose, natamycin [a natural mold inhibitor])",[]
1501,a b vitamin (niacin),[]
1502,contains two percent or less of wheat starch,"['wheat', 'gluten']"
1503,shallots,[]
1504,"mixed milk cheese (pasteurized sheep and cow's milk, cheese cultures, salt, enzymes)",['dairy']
1505,"sauce: (tomato puree, tomatoes, com oil, salt, olive oil, pepper, spices and garlic)",[]
1506,cultured nonfat dry milk,['dairy']
1507,gluten free whole grain oats,[]
1508,"hershey's special dark syrup (high fructose corn syrup, corn syrup, water, cocoa processed with alkali, sugar, salt, mono- and diglycerides, xanthan gum, polysorbate 60, artificial flavor)",[]
1509,spice oils (turmeric and annatto),[]
1510,dried figs with potassium sorbate added as a preservative,[]
1511,dried onions1,[]
1512,"ketchup (red ripe tomatoes, distilled vinegar, high fructose corn syrup, salt, onion, spices, natural flavor)",[]
1513,soluble corni fiber,[]
1514,"udon noodles (water, wheat flour, salt)","['wheat', 'gluten']"
1515,mono- and di-glycerides of fatty acids (emulsifier),[]
1516,"artificial colors (incl. fd&c red 3, red 40, yellow 5, blue 1, titanium dioxide)",[]
1517,"preservatives (sodium benzoate, sodium propionate, potassium sorbate, sorbic acid)",[]
1518,colored with paprika and turmeric extracts,[]
1519,dry coconut,['tree nuts']
1520,breadcrumb coating: bleached wheat flour,"['wheat', 'gluten']"
1521,"hoisin sauce (soybeans, wheat, sugar, water, tomato paste, salt, lemon, caramel color, garlic, vinegar, chili)","['soybeans', 'wheat', 'gluten']"
1522,gummy trees: sugar,[]
1523,"contains 2 % or less of: asiago and romano cheeses (cultured pasteurized cow's milk, salt, enzymes)",['dairy']
1524,"roux flavor (flavor, toasted wheat flour, butter, gum arabic)","['dairy', 'wheat', 'gluten']"
1525,soybean or cotton oil,['soybeans']
1526,and onion powder,[]
1527,"organic enzymes (organic cornstarch, organic soybean lecithin, enzymes [plant based], tri-calcium phosphate)",['soybeans']
1528,"certified colors (fd&c blue #1, blue #2, red #40, yellow #6 and yellow #5 lakes and red #3)",[]
1529,"celery powder and sea salt (pork, water, sea salt, may contain: sugar, brown sugar, vinegar, flavorings, evaporated cane syrup, sodium lactate, celery juice and/or celery powder, lactic acid starter culture [not from milk])",['celery']
1530,wild oregano,[]
1531,"organic yogurt (organic whole milk, organic skim milk powder, non gmo yogurt cultures)",['dairy']
1532,non-gmo expeller pressed sesame oil,['sesame']
1533,"brownies (margarine (palm oil, saybean oil, salt, mono & diglycerides, artificial flavor, annatto (color), vitamin a palmitate), sugar, enriched wheat flour wheat flour, thiamine mononitrate, niacin, riboflavin (vitamin b2), reduced iron, folic acid)","['dairy', 'wheat', 'gluten']"
1534,fermented lactics,[]
1535,water - guava pulp apple,[]
1536,"pasteurized process american cheese (cultured pasteurized milk and skim milk, buttermilk, milk fat, salt, sodium phosphate, milk protein concentrate, acetic acid, lactic acid, enzymes)",['dairy']
1537,mango juice concentrate,[]
1538,dehydrated red and green bell peppers,[]
1539,steviol glycoside,[]
1540,"strained yogurt (grade a pasteurized skimmed milk and cream, cultures)",['dairy']
1541,"dehydrated organic herbs (parsley, oregano)",[]
1542,"peanuts (peanuts, canola oil and/or peanut oil and/or sunflower oil, salt)",['peanuts']
1543,corn syrup; less than 2% of: citric acid,[]
1544,organic ground paprika,[]
1545,colored butterbean,[]
1546,"vegetable marinara sauce (tomato puree [water, tomato paste], diced tomatoes [tomatoes, citric acid], zucchini, carrots, red and yellow bell peppers, eggplant, onions, onion puree, olive oil, sunflower oil, sugar, natural flavors, tapioca starch, salt, garlic, garlic puree, thyme, marjoram, ground black pepper)",[]
1547,contains 2% or less of: cocoa processed with alkali,[]
1548,"leavening (sodium aluminum phosphate, sodium bicarbonate, and monocalcium phosphate)",[]
1549,"feta cheese (pasteurized milk, salt, cheese culture, enzymes, potato starch [to prevent caking])",['dairy']
1550,vegetable and fruit juice color,[]
1551,"sour cream (cultured cream, nonfat milk)",['dairy']
1552,"seasoning blend (tarragon, salt, spices, dehydrated garlic, dehydrated onions, xanthan gum)",[]
1553,"mozzarella cheese: low moisture part skim mozzarella cheese (pasteurized part skim-milk, cheese cultures, salt, enzymes, powdered cellulose added to prevent caking)",['dairy']
1554,"worcestershire sauce (distilled vinegar, molasses, corn syrup, water, salt, caramel color, garlic powder, sugar, spices, tamarind, natural flavor, sulfiting agent [ammonium bisulfite, sulfur dioxide])","['sulphur dioxide', 'sulphites']"
1555,oat fiber],[]
1556,"dried mango (mango, cane sugar, citric acid)",[]
1557,raising agent: sodium bicarbonate,[]
1558,"salt 2% fish sauce (anchovy fish, salt sugar) 1",['fish']
1559,"and/or high oleic canola oil), mineral oil, soy lecithin",['soybeans']
1560,"banana chips (banana, coconut oil, sugar and banana flavor)",['tree nuts']
1561,organic stone-ground wheat crackers: organic unbleached wheat flour,"['wheat', 'gluten']"
1562,"cheeses (low moisture part skim mozzarella and parmesan cheeses [cultured pasteurized part skim milk, salt, enzymes], white cheddar and provolone cheeses [cultured pasteurized milk, salt, enzymes])",['dairy']
1563,tomatoes tomatoes,[]
1564,carmine and fd&c red no,[]
1565,"cream cheese (pasteurized milk and cream, cheese culture, salt, guar gum, carob bean gum, xanthan gum)",['dairy']
1566,salt powder soup : salt beef monosodium glutamate,[]
1567,breader [bleached wheat flour,"['wheat', 'gluten']"
1568,organic shredded coconut,[]
1569,"fiber blend (lemon fiber, pea fiber, potato fiber, psyllium fiber, sea weed fiber)",[]
1570,artificial cherry flavor,[]
1571,"chocolate chips (sugar, unsweetened chocolate, coconut oil, soy lecithin, vanilla, salt)",['soybeans']
1572,"hard grated cheese (cultured milk whey, salt, enzymes)",['dairy']
1573,yellow 5 aluminum lake,[]
1574,"lime juice powder (corn syrup, lime juice, lime oil)",[]
1575,crushed flax seeds,[]
1576,ascorbic acid as an antioxidant,[]
1577,tannic acid,[]
1578,filling: [beef,[]
1579,ester gum,[]
1580,parmesan cheese: pasteurized part-skim milk,['dairy']
1581,vitamin blend [tripotassium citrate,[]
1582,soup mix potato starch,[]
1583,"anchovy paste (anchovy, salt, olive oil, acetic acid)",['fish']
1584,filling ingredients: organic tomato,[]
1585,pinto beans,[]
1586,"mushroom seasoning (baked mushrooms including juices, salt, potato flour, dried whey, butter [cream, flavorings], sugar, autolyzed yeast extract, flavorings, potassium sorbate, disodium inosinate, disodium guanylate)",['dairy']
1587,powdered sugar,[]
1588,caramel color (contains sulfites),['sulphites']
1589,and beta carotene,[]
1590,uncured turkey breast,[]
1591,"spices and herbs (including black pepper, oregano, marjoram, and thyme)",[]
1592,"organic chocolate chips (organic sugar, organic chocolate liquor, organic cocoa butter organic soy lecithin [emulsifier])",['soybeans']
1593,dairy product solids (milk),['dairy']
1594,"enriched wheat flour (wheat flour, niacin, reduced iron, thiamine mononitrate, riboflavin, enzyme, folic acid)","['wheat', 'gluten']"
1595,select farmland black angus or higher certified angus beef,[]
1596,"vegetable oil shortening (soybean oil or canola oil, modified palm oil, soy lecithin, and/or partially hydrogenated soybean oil)",['soybeans']
1597,selected mustard seed,['mustard']
1598,"shrimp base (shrimp, salt, maltodextrin, hydrolyzed soy protein, soy flour, sugar, dried whey and cultured whey, dried onion and garlic, corn oil, autolyzed yeast extract, natural flavors, xanthan gum, and oleoresin paprika)","['shellfish', 'dairy', 'soybeans']"
1599,organic raw coconut nectar,[]
1600,"dough conditioner (mono- and di-glycerides, ethoxylated mono- and di-glycerides, sodium stearoyl lactylate, ascorbic acid)",[]
1601,seasoning [sea salt,[]
1602,"guajillo pepper puree (guajillo chile peppers, citric acid)",[]
1603,cottonseed oil and/or soybean oil,['soybeans']
1604,and lime oil,[]
1605,"chipotle paste (chipotle peppers, water, salt and acetic acid)",[]
1606,organic butter (cream),['dairy']
1607,"peanut butter filling: organic peanut butter (organic dry roasted peanuts, organic expeller pressed palm oil, salt)",['peanuts']
1608,red radish color,[]
1609,may contain 2% or less of paprika,[]
1610,"vegetable oil (sunflower, safflower, canola, palm and/or corn oil)",[]
1611,natural white truffle flavor with other natural flavors,[]
1612,lemon slices,[]
1613,celery stock,['celery']
1614,ingredients: grade a fat free milk,['dairy']
1615,"chocolate cookies (sugar, wheat flour, coconut and palm oils, cocoa, cocoa processed with alkali, caramel color, corn syrup, salt, sodium bicarbonate, soy lecithin)","['wheat', 'soybeans', 'dairy']"
1616,kernels peanuts oil and/or cottonseed oil and/or soybean or and/or canola oil and/or sunflower oil,"['peanuts', 'soybeans']"
1617,bht,[]
1618,and potassium sorbate (a preservative),[]
1619,"icing: (icing sugar [sugar, corn starch], vegetable oil shortening [canola oil, palm oil, palm kernel oil, monoglycerides, polysorbate 60], invert sugar, margarine [soybean oil, palm oil, water, salt, whey, monoglycerides, soy lecithin, natural flavor, annatto extract {color}, turmeric extract {color}, vitamin a palmitate, vitamin d3], corn syrup, water, modified corn starch, nonfat dry milk, mono- and diglycerides, artificial flavor, salt, red 40 lake, red 3, beet powder {color})","['dairy', 'soybeans']"
1620,tangerines,[]
1621,organic vanilla flavor powder,[]
1622,ginseng extract (panax),[]
1623,"fruit purees (strawberry, raspberry, orange, and grape)",[]
1624,fully cooked in vegetable oil,[]
1625,"parmesan cheese (part skim pasteurized cow's milk, cheese cultures, salt, enzymes)",['dairy']
1626,"hydrogenated vegetable oil (coconut oil, palm kernel oil)",[]
1627,"including (red # 40, red #3)",[]
1628,"garlic flavored butter sauce (sunflower oil, butter, palm oil, dehydrated onion, powdered cream, white wine [contains sulfites], dried red pepper, natural garlic flavor, dried parsley, mixed tocopherols [antioxidant])","['dairy', '**sulphites']"
1629,"peanut butter cups (sugar, coconut oil, cocoa processed with alkali, nonfat milk, milk, soy lecithin, natural flavors, peanut butter [peanuts, salt])","['peanuts', 'dairy']"
1630,"vegetable oil (consisting of corn, cottonseed, canola, sunflower or soybean oil)",['soybeans']
1631,fermented and pasteurized whole halkidikis olives,[]
1632,dry roasted unblanched almonds,['tree nuts']
1633,fd&c yellow #5 & #6,[]
1634,"anchovy paste (anchovy, olive oil, acetic acid)",['fish']
1635,partially hydrogenated soybean,['soybeans']
1636,made of: invert sugar,[]
1637,"roasted almonds (almonds, canola and/or cottonseed oil, salt, butter)","['tree nuts', 'dairy']"
1638,under 2% taurine,[]
1639,"smoked provolone cheese (cultured pasteurized milk, salt, enzymes, natural smoke flavor)",['dairy']
1640,"tamari soy sauce (water, soybeans, salt, sugar)","['soybeans', 'wheat']"
1641,kashmiri chili,[]
1642,four cheese flavor [cheese blend {cheddar cheese,['dairy']
1643,"organic vegetable blend (organic escarole, organic endive, organic radicchio, organic carrots)",[]
1644,mini peppers,[]
1645,"cookie pieces (enriched wheat flour [wheat flour, niacin, reduced iron, thiamin mononitrate, riboflavin, folic acid], sugar, vegetable oil [soybean, palm, palm kernel], dextrose, yellow corn flour, cocoa processed with alkali, invert sugar, chocolate, leavening [baking soda, monocalcium phosphate], salt, cornstarch, natural flavor, soy lecithin, whey)","['wheat', 'soybeans', 'dairy']"
1646,"oyster sauce (soy sauce [soybeans, wheat flour, salt, water], water, sugar, oyster extract, modified tapioca starch, salt, sodium lactate, vinegar, oyster flavor, caramel color)","['soybeans', 'wheat']"
1647,"low-moisture part-skim mozzarella cheese (pasteurized part-skim milk, cheese culture, salt and enzymes)",['dairy']
1648,annatto extract and turmeric (color),[]
1649,nutrition blend: niacinamide,[]
1650,"textured vegetable protein (soy flour, caramel color, and fd&c red #3)",['soybeans']
1651,flour (wheat); egg yolks,"['eggs', 'wheat']"
1652,japonia rice,[]
1653,ammonium glutamate,[]
1654,contains less than 2% of the following: organic vanilla extract,[]
1655,"seasoning (tomato powder, spices, salt, onion powder, garlic powder, maltodextrin, sugar, safflower oil, yeast extract, lime juice powder [maltodextrin, lime juice solids, natural flavors], disodium guanylate, disodium inosinate, paprika extract [color], natural flavor)",[]
1656,halved cherries colored red with carmine,[]
1657,mint flavor,[]
1658,"chicken and beef (pork, mechanically separated chicken, beef, salt, spices, dextrose, lactic acid starter culture, oleoresin paprika, sodium ascorbate, flavoring, sodium nitrite, bha, bht, citric acid)",[]
1659,"partially hydrogenated vegetable shortening (contains one or more of the following: partially hydrogenated soybean oil, cottonseed oil)",['soybeans']
1660,"organic brown sugar (organic sugar, organic molasses)",[]
1661,"chicken flavor (salt, hydrolyzed soy protein, yeast extract, sugar, onion powder, natural flavor, turmeric)",['soybeans']
1662,citric acid (added as a preservative only),[]
1663,"filling (vegetable fat [palm, sunflower, rapeseed], sugar, skimmed milk powder, milk sugar, cocoa powder, soy lecithin [emulsifier])","['dairy', 'soybeans']"
1664,contains less than 2% of: modified cornstarch,[]
1665,with 2 percent or less of the following: corn starch,[]
1666,refined wheat flour,"['wheat', 'gluten']"
1667,"nut and seed flour blend (almonds, sunflower seeds, flax seeds)",['tree nuts']
1668,organic amaranth puffs,[]
1669,and less than 2% of soy protein isolate,['soybeans']
1670,and silicon dioxide (<2% added to prevent caking),[]
1671,boneless skinless chicken breasts,[]
1672,"sugared egg yolk (sugar, egg yolk)",['eggs']
1673,powdered butter milk,['dairy']
1674,dark sweet cherries,[]
1675,starch-modified,[]
1676,"white cheddar cheese cubes (cheddar cheese (pasteurized milk, cheese culture, salt, enzymes), powdered cellulose (to prevent caking), natamycin (a natural mold inhibitor).)",['dairy']
1677,spirulina extract (color),[]
1678,"catfish (fish, water, sodium phosphates [to retain moisture], salt)",['fish']
1679,contains less than 1% of fructose,[]
1680,contains 2% or less of the following: soybean and/or canola oil,['soybeans']
1681,dairy cream,['dairy']
1682,less than 1% lemon juice concentrate,[]
1683,"balsamic vinegar (red wine vinegar, grape must)",[]
1684,"cooked pasta (water, durum semolina flour, niacin, ferrous sulfate, thiamine mononitrate, riboflavin, folic acid)",['gluten']
1685,"organic vegetable blend (organic broccoli, organic cauliflower, organic carrots, organic kale, organic mushrooms, organic zucchini, organic squash, organic spinach)",[]
1686,freeze dried shrimp,['shellfish']
1687,natural berry,[]
1688,elderberry juice concentrate (color),[]
1689,hazelnuts 2,['tree nuts']
1690,natural flavors and phosphoric acid,[]
1691,"soup base: fish sauce (anchovy extract, salt, water)",['fish']
1692,"monterey jack cheese (cultured pasteurized milk, salt, microbial enzymes)",['dairy']
1693,non-amidated fruit pectin,[]
1694,"crust (unenriched wheat flour (wheat flour, malted barley flour), water, soybean oil, sugar, sea salt, malt (malted barley, corn grits), whole milk mozzarella cheese (pasteurized milk, cheese cultures, salt, enzymes), beef crumble (beef, water, salt, caramel color), cheeseburger sauce (tomato concentrate (made from fresh ripe tomatoes, sugar, distilled vinegar, salt, onion powder, spices, natural flavor), yellow mustard (distilled vinegar, water, #1 grade mustard seed, salt, turmeric, paprika, spice, natural flavor and garlic powder), buttermilk powder, canola oil, salt, ascorbic acid), yellow cheddar cheese (pasteurized milk, cheese cultures, salt, enzymes, annatto color), kosher dill pickles (cucumbers, water, vinegar, salt, calcium chloride, 1/10th percent sodium benzoate (as a perservative), natural spices and flavors, edta (perserves freshness), turmeric (for color)), ketchup (tomato concentrate made from red ripe tomatoes, distilled vinegar, sugar, salt, onion powder, spices, natural flavorings), minced onions","['wheat', 'dairy', 'soybeans', 'mustard']"
1695,"maltodextrin gum blend (guar, xanthan, carob bean)",[]
1696,"cheddar cheese (pasteurized milk, cheese cultures, salt, enzymes, annatto [color], potato & corn starch [to prevent caking], natamycin [mold inhibator)",['dairy']
1697,organic chipotle pepper puree,[]
1698,fresh pressed ginger juice,[]
1699,brazils,['tree nuts']
1700,"yellow coloring (salt, yellow 5)",[]
1701,fudge core: corn syrup,[]
1702,"fudge chunks (sugar, coconut oil, cocoa processed with alkali, cocoa, butter oil, soy lecithin, natural flavors)","['soybeans', 'dairy']"
1703,invert cane syrup,[]
1704,sodium benzoate (to maintain freshness),[]
1705,dried prunes with pits,[]
1706,sodium metabisulphite and enzymes,"['sulphur dioxide', 'sulphites']"
1707,"cheese (milk, cheese cultures, salt, enzymes)",['dairy']
1708,"confectionary coating (sugar, coconut oil, cocoa powder, nonfat milk powder, whole milk powder, anhydrous milkfat, soy lecithin, natural flavors)","['dairy', 'soybeans']"
1709,pretzel crisps: wheat flour,"['wheat', 'gluten']"
1710,organic egg yolk,['eggs']
1711,butter flavored oil [partially hydrogenated soybean oil,['soybeans']
1712,"organic spices (organic basil, organic oregano, organic thyme) organic garlic powder",[]
1713,"natural and artificial flavor (contains milk, sulfites)","['dairy', 'sulphites']"
1714,organic blue agave,[]
1715,"enzyme modified cheddar cheese solids (milk, cheese culture, salt, enzymes, calcium chloride)",['dairy']
1716,"cheddar cheese sauce: (whey, dairy product solids, salt, cheddar cheese [milk, cheese culture, salt, enzymes], modified cornstarch. contains 2% or less of each of the following: with beet juice, annatto extract, beta carotene and turmeric oleoresin added for color, citric acid, disodium phosphate, lactic acid)","['dairy', 'wheat', 'gluten']"
1717,may contain: garlic powder,[]
1718,"pasta and vegetables pasta (water, durum semolina [wheat], niacin, ferrous sulfate [iron], thiamine mononitrate, riboflavin, folic acid)","['wheat', 'gluten']"
1719,vegetable shortening (palm oil and soybean oil with mono- and diglycerides),['soybeans']
1720,"garbanzo beans (chickpeas, water, salt)",[]
1721,"partially hydrogenated vegetable shortening (soybean and/or cottonseed oil and/or canola oil, propylene glycol monoesters, mono and diglycerides, soy lecithin, bht and citric acid added as preservatives)",['soybeans']
1722,sulfur dioxide (as preservative),"['sulphur dioxide', 'sulphites']"
1723,pizza sauce - water,[]
1724,charbroiled white chicken meat,[]
1725,2% or less of corn starch,[]
1726,lime and sea salt,[]
1727,"pie shell (wheat flour, vegetable oil shortening [canola oil, palm oil, and modified palm oil], water, dextrose, salt, sodium propionate, sulfites)","['wheat', 'gluten', 'sulphites']"
1728,"butter (cream, annatto [color])",['dairy']
1729,"artificial colors (fd&c red no. 40, fd&c yellow no. 5, fd&c blue no. 1)",[]
1730,fd & c yellow 6 bright blue fd & c 1 and vegetable oil brominated,[]
1731,pinto,[]
1732,sodiumphosphates,[]
1733,sodium metabisulfite (as preservative),['sulphites']
1734,"artificial colors (yellow 6, yellow 6 lake, yellow 5 lake, and red 40 lake)",[]
1735,"bold and sweet bbq rub (brown sugar, dehydrated garlic, spices, dehydrated onion, chipotle pepper, ancho chile, paprika, mustard, corn syrup solids, salt, sugar, soy sauce powder [soy sauce {wheat, soybeans, salt}, maltodextrin, salt], natural flavor, fully refined soybean oil [processing aid], with no more than 2% silicon dioxide as anti-caking agent)","['mustard', 'soybeans', 'wheat', 'gluten']"
1736,"enriched macaroni (wheat flour, salt, glyceryl monostearate, niacin, iron [ferrous sulfate], thiamine mononitrate, riboflavin, folic acid)","['wheat', 'gluten']"
1737,less than 2% of dried garlic,[]
1738,caramel color and apocarotenal,[]
1739,"dried apricot (apricots, rice flour, sulphur dioxide (to retain color), almonds, white chocolate (sugar, unsweetened chocolate, cocoa butter, soy lecithin [emulsifier], vanilla), contains less than 2% reduced sodium baking powder (calcium acid pyrophosphate, corn starch, sodium bicarbonate, potassium bicarbonate, monocalcium phosphate), orange peel, natural flavours, salt, vanilla extract","['sulphur dioxide', 'sulphites', 'tree nuts', 'dairy']"
1740,"chocolate chips (sugar, chocolate liquor, cocoa butter, soy lecithin (an emulsifier), vanilla extract)",['soybeans']
1741,"soy sauce (soybeans, salt, wheat, sugar)","['soybeans', 'wheat', 'gluten']"
1742,soybean and palm oil (with tbhq for freshness),['soybeans']
1743,organic sprouted whole wheat flour,"['wheat', 'gluten']"
1744,contains 2% or less of each of the following: yeast extract,[]
1745,"chocolate flavored coating (sugar, coconut oil, palm oil, cocoa powder, cocoa processed with alkali, soy lecithin, and vanilla)",['soybeans']
1746,"chihuahua style cheese (pasteurized milk, salt, calcium chloride, rennet)",['dairy']
1747,dextrose xanthan gum,[]
1748,and organic evaporated cane syrup,[]
1749,[non-gmo] organic light brown sugar,[]
1750,natural and artificial flavor (contains wheat and milk),"['wheat', 'dairy']"
1751,corn syrups solids,[]
1752,"whole grain flour and flax seed blend (hard red wheat, oat groats, triticale berries, rye berries, dehulled barley, soft white wheat, spelt berries, hard white wheat, flax)",['wheat']
1753,"pie top (enriched flour (wheat flour, niacin, ferrous sulfate, thiamin mononitrate, riboflavin, folic acid), vegetable shortening (palm oil, soybean oil), water, maltodextrin, contains 2% or less of each of the following: dextrose, salt, calicium propionate)","['wheat', 'soybeans']"
1754,organic peach flavor,[]
1755,"romano cheese (part-skim milk, cheese culture, salt, enzymes)",['dairy']
1756,matzo crumbs matzo meal (flour and water),['wheat']
1757,ground chilies,[]
1758,monosodium glutanate,[]
1759,100% natural whole grain irish oats,[]
1760,confectioner' glaze,[]
1761,sesame oil+,['sesame']
1762,"half and half (milk, cream) vegetable shortening (palm oil, canola oil)",['dairy']
1763,spice blend: ground cumin,[]
1764,"potato flakes (dried potatoes, monoglycerides, sodium acid pyrophosphate, citric acid, sodium bisulfite and bha [preservatives])",[]
1765,"vegetable oil (contains one or more of the following: cottonseed oil, palm oil, corn oil, canola oil and/or soybean oil)",['soybeans']
1766,"margarine (palm oil, soybean oil, water, salt, vegetable mono- and diglycerides, soy lecithin, sodium benzoate [preservative], citric acid, natural and artificial flavor, vitamin a palmitate added, beta carotene [color], whey)","['soybeans', 'dairy']"
1767,prepared organic chick peas,[]
1768,"enriched unbleached wheat flour (wheat flour, malted barley flour, niacin, reduced iron, thiamine mononitrate, riboflavin, folic acid)",['wheat']
1769,strawberry juice concentrate with other natural flavors,[]
1770,6%,[]
1771,fruit and vegetable juices (color),[]
1772,organic reishi mushroom extract,[]
1773,"rice blend (white rice, brown rice)",[]
1774,"filling (mozzarella cheese [pasteurized milk, cheese cultures, salt, enzymes], fire roasted tomatoes [fire roasted diced tomatoes, tomato juice, salt, dehydrated garlic, calcium chloride, citric acid], pecorino romano cheese [sheep's milk, rennet, salt], onion, monterey jack cheese [pasteurized milk, cheese cultures, salt, enzymes], heavy cream, milk, egg yolk, basil, thyme, dijon mustard [distilled vinegar, water, mustard seed, salt, chardonnay wine, citric acid, tartaric acid, spices, turmeric], butter [pasteurized cream], garlic, salt, black pepper)","['dairy', 'eggs', 'mustard']"
1775,"pure vanilla powder (dextrose, vanilla extract)",[]
1776,"leavening (yeast, sodium acid pyrophosphate, sodium bicarbonate, carob bean gum)",[]
1777,seasoned with brown sugar,[]
1778,grana padano cheese [milk,['dairy']
1779,"margarine (liquid and hydrogenated soybean oil, water, salt, less than 2% vegetable mono and diglycerides, soy lecithin, natural and artificial flavor, bha & bht added to protect flavor, vitamin a palmitate and vitamin d3 added)",['soybeans']
1780,"organic cheddar cheese (cultured pasteurized organic milk, salt, microbial enzymes [non animal, rennetless])",['dairy']
1781,knock-out punch: glycerine,[]
1782,"uncured pepperoni no nitrates or nitrites added except those naturally occurring in celery powder (pork, beef, salt, contains less than 2% of: mustard, sugar, spice extractive of paprika (color), spice extractives, garlic powder, citric acid, lactic acid starter culture, celery powder)","['mustard', 'celery']"
1783,organic stevia leaf extract powder,[]
1784,salad dressing [ soybean oil,['soybeans']
1785,folate,[]
1786,pasta 70%: durum wheat semolina,['wheat']
1787,"sprinkles (icing sugar [sugar, cornstarch], palm kernel oil, modified cornstarch, cornstarch, shellac, sunflower lecithin, color [fd&c blue #1, fd&c red #40], polysorbate 60)",[]
1788,"organic dried sweetened cranberries (organic cranberries, organic sugar, organic sunflower oil)",[]
1789,"dough conditioners (may contain one or more the following: datem, enzymes, azodicarbonamide, ascorbic acid, calcium citrate)",[]
1790,"apple cinnamon flavored granola (granola [rolled oats, sugar, dried apples {apple, sugar, rice flour, sunflower oil, ascorbic acid, citric acid}, coconut oil, rice syrup, rice crisp {rice, sugar, malt flavor}, natural flavor, cinnamon, soy lecithin, salt], coating [palm oil])","['soybeans', 'wheat']"
1791,olive oil,[]
1792,less than 2% of: cextrose,[]
1793,"multi grain croutons (enriched wheat flour [wheat flour, niacin, reduced iron, thiamine mononitrate, riboflavin, folic acid], canola oil and/or olive oil, salt, sugar, rye meal, wheat bran, yeast, caramel color, dehydrated garlic, corn meal, spices, caraway seeds, natural butter flavor [a milk ingredient])","['wheat', 'dairy']"
1794,key lime juice,[]
1795,natural cocoa extract,[]
1796,"lemon chicken broth (water, chicken base [chicken meat with natural juices, salt, organic cane sugar, maltodextrin, yeast extract, chicken fat, onion powder, turmeric, natural flavor, spice extractive], crushed garlic [garlic, water, salt, lemon concentrate], butter [milk], corn starch, concentrated lemon juice)",['dairy']
1797,"miso broth (water, red miso [soybeans, rice koji (rice, koji spores), sea salt, water], white miso [soybeans, rice koji (rice, koji spores), sea salt, water], tamari [water, soybeans, salt], yeast extract, kombu)",['soybeans']
1798,purple rice flour,[]
1799,"margarine (soybean oil, palm oil, water, salt, mono and diglycerides, soy lecithin, sodium benzoate, artificial flavor, vitamin a palmitate and beta carotene (color)], raspberry filling (sugar, raspberry puree, dehydrated apple, corn syrup, high fructose corn syrup, water, pectin, citric acid, potassium sorbate (used as preservative), fd&c red #40 and blue #1, sulphur dioxide and sodium sulfite), sprinkles and nonpareils (sugar, corn starch, palm oil, palm kernel oil, dextrin, soy lecithin, confectioner's glaze, carnauba wax, fd&c yellow #5 lake, red #40 lake, yellow #6 lake, red #3 and blue #1 lake. chocolate fudge (sugar, palm oil, soybean oil, cocoa (processed with alkali), soy lecithin (an emulsifier) and vanilla),natural and artificial flavors, salt and whey [from milk]","['soybeans', 'dairy', '**sulphur dioxide']"
1800,"vinegar), wasabi wasabi, horseradish, sorbitol, rapeseed, oil, salt, natural, mustard oil), sesame seed, seaweed","['mustard', 'sesame']"
1801,rice wine (contains sulfites),['sulphites']
1802,contains less than 1% of: organic tapioca starch,[]
1803,"ice cream (milk, cream, skim milk, buttermilk, whey, sugar, corn syrup, contains 2% or less of: vanilla extract, artificial flavor, mono and diglycerides, guar gum, calcium sulfate, carob bean gum, cellulose gum, carrageenan, annatto for color)",['dairy']
1804,contains less than 2% of each of the following: yeast,[]
1805,"mayonnaise (soybean oil, water, corn syrup egg yolk, contains less than 2% distilled vinegar, salt, mustard flour, calcium disodium edta [to protect quality])","['soybeans', 'eggs', 'mustard']"
1806,calcium propionate and potassium sorbate (mold inhibitors),[]
1807,"semi-sweet chocolate chips (sugar, chocolate liquor, cocoa butter, soy lecithin [added as an emulsifier], vanilla extract, salt)",['soybeans']
1808,"vegetables (spinach, artichokes [ artichokes, water, salt, citric acid], onions, garlic)",[]
1809,cranberry concentrate & chia seeds,[]
1810,"shredded mozzarella cheese (pasteurized milk, vinegar, enzymes, salt)",['dairy']
1811,ascorbic acid - a preservative,[]
1812,"organic sharp cheddar cheese (organic cultured pasteurized milk, salt, enzyme)",['dairy']
1813,"organic macaroni (organic unbleached durum wheat flour, organic whole durum wheat flour, filtered water)","['gluten', 'wheat']"
1814,"organic candied ginger (organic ginger, organic cane sugar)",[]
1815,oleoresin paprika and natural flavor,[]
1816,"milk chocolate (sugar, cocoa butter, milk, chocolate, soy lecithin, natural vanilla extract)","['dairy', 'soybeans']"
1817,"pork base (roasted pork meat and natural juices, salt, corn syrup, yeast extract, whey [milk], chicken fat, corn oil, sugar, natural flavor, wine and caramel color)",['dairy']
1818,"coating sugar (dextrose, corn starch, partially hydrogenated soybean and/or cottonseed oil, titanium dioxide [color], artificial flavor and calcium propionate [preservative])",[]
1819,blue 2 and red 40,[]
1820,straw mushroom 2,[]
1821,"contains less than 2% romano cheese (pasteurized milk, cheese cultures, salt, enzymes)",['dairy']
1822,medium couscous (durum wheat semolina),"['gluten', 'wheat']"
1823,dry mango (7%),[]
1824,"guajillo puree (water, dried guajillo peppers)",[]
1825,strawberry and cherry juice concentrates,[]
1826,"vegetable oil (palm, soybean, canola and/or palm kernel oil)",['soybeans']
1827,"pepperoni (pork, beef, salt, spices, sugar, water, oleoresin of paprika, natural smoke flavoring, lactic acid starter culture, garlic powder, flavoring, sodium nitrate, ascorbic acid, bha, bht, citric acid)",[]
1828,"milk chocolate (sugar, cocoa butter, nonfat milk powder, whole milk powder, chocolate liquor, butter oil, soy lecithin [emulsifier], natural vanilla flavor)","['dairy', 'soybeans']"
1829,green chill peppers,[]
1830,"low moisture part-skim mozzarella (pasteurized part skim milk, cheese cultures, salt, enzymes)",['dairy']
1831,"cookie dough flavor (sugar, high fructose corn syrup, water, molasses, natural flavor, vanilla extract)",[]
1832,"enriched bleached wheat flour (flour, niacin, iron as ferrous sulfate, thiamine mononitrate, riboflavin, folic acid)","['gluten', 'wheat']"
1833,topping: seasoned vegetable protein nuggets [water,[]
1834,boneless chicken breast,[]
1835,"late july organic mild green mojo seasoning (salt, organic green pepper powder, organic parsley powder, organic sour cream, powder [organic cream, organic whey powder, disodium phosphate, lactic acid, cultures, salt], organic cheese powder [organic cheddar cheese, organic whey powder, lactic acid, disodium phosphate, cheese cultures, non-animal enzymes], organic whey powder, organic evaporated cane sugar, organic jalapeno powder, organic lime juice powder [organic lime juice, organic maltodextrin, mixed tocopherols], organic garlic powder, organic onion powder)",['dairy']
1836,invert sugar syrup,[]
1837,"hickory smoked turkey breast (turkey breast, water, contains 2% or less salt, modified food starch, sugar, sodium phosphate, natural smoke flavoring, sodium erythorbate, sodium nitrite, caramel color, sunflower oil, natural flavor, smoked provolone cheese (cultured pasteurized milk and skim milk, salt, smoke flavoring, enzymes), garlic dijon aioli (dijon mustard [water, mustard seed, vinegar, salt, white wine, citric acid, tartaric acid, turmeric, spices], water, garlic puree (garlic, vinegar), soybean oil, parmesan cheese [parmesan cheese {pasteurized part-skim cow's milk, cheese cultures, salt, enzymes}, powdered cellulose added to prevent caking, potassium sorbate to protect flavor], seasoning [salt, sugar, citric acid, spices, lemon peel, garlic, onion, lemon juice powder, corn starch, extractives of turmeric, and less than 2% silicon dioxide to prevent caking], modified food starch, egg yolks, distilled vinegar, salt, sodium alginate, lactic acid, xanthan gum, sodium benzoate and potassium sorbate [preservatives], natural flavor, calcium disodium edta [to protect flavor])","['dairy', 'eggs']"
1838,"sunflower oil), dehydrated red bell peppers, dried garlic, soybean oil, modified corn starch, leek, granulated garlic, black pepper, xanthan gum,potassium sorbate (preservative), sodium benzoate (preservative)",['soybeans']
1839,cellulose gum (sodium carboxymethylcellulose),[]
1840,vegetable oil corn,[]
1841,contains 2% or less of: garlic (including dehydrated),[]
1842,pork(food alliance certified),[]
1843,esther gum,[]
1844,chili (12%),[]
1845,"unbleached enriched wheat flour (unbleached enriched wheat flour, niacin, reduced iron, thiamine mononitrate, riboflavin, folic acid)","['gluten', 'wheat']"
1846,"spices (chili pepper, red pepper)",[]
1847,silicium dioxide,[]
1848,d&c red #40,[]
1849,"cage-free salted egg yolks (cage-free egg yolks, salt)",['eggs']
1850,pineapple filling [high fructose corn syrup,[]
1851,natural extractives of paprika (color),[]
1852,less than 2%: jalapeno pepper,[]
1853,organic roasted macadamia nuts,['tree nuts']
1854,organic brown basmati rice,[]
1855,"asiago cheese (pasteurized cow's milk, cheese culture, salt, enzymes)",['dairy']
1856,"margarine (palm oil, vegetable oil [contains one of more of the following: soybean oil, canola oil, coconut oil, and/or corn oil], salt, mono- and diglycerides, ascorbyl palmitate, vitamin a palmitate, vitamin d3, carotene [color], natural and artificial flavors)",['soybeans']
1857,"pea protein crisps (pea protein, brown rice flour)",[]
1858,"ham base (cooked ham [cured with water, salt, dextrose, sodium phosphate, sodium erythorbate, sodium nitrite)",[]
1859,sucrose acetate isobutyrate,[]
1860,potassium sorbate to ensure freshness,[]
1861,"cayenne pepper sauce (aged cayenne peppers, distilled vinegar, water, salt, natural flavor, garlic powder)",[]
1862,organic hemp oil,[]
1863,"spices (including paprika, turmeric, black pepper, cumin, white pepper, annatto)",[]
1864,"cheesecake mix ingredients: powdered sugar (sugar, cornstarch)",[]
1865,"hydrogenated vegetable oil (rapeseed, cottonseed, and soybean oil)",['soybeans']
1866,organic fresh celery,['celery']
1867,"natural butter flavor [(maltodextrin, enzyme modified butter, annatto, turmeric)",['dairy']
1868,potassium sorbate and calcium disodium edta as preservatives,[]
1869,"ham with natural juices (cured with water, salt, dextrose, sodium lactate, sodium phosphate, sodium diacetate, sodium ascorbate, sodium nitrite)",['dairy']
1870,"gochujang hot pepper paste (water, sugar, red chili pepper powder, fermented soybean paste [water, soybeans, rice, salt, alcohol], pear puree concentrate, salt, salted sake [sake {water, rice, koji (aspergillus oryzae)}, salt], less than 2% of: onion powder, garlic powder, yeast extract, rice vinegar, sesame oil, paprika, corn starch)","['soybeans', 'sesame']"
1871,"soy sauce powder (soy, salt, wheat)","['soybeans', 'wheat']"
1872,mysterious flavor - glucose syrup,[]
1873,"marshmallow bits (sugar, corn syrup, modified corn starch, gelatin, sodium hexametaphosphate, artificial and natural flavor, blue 1)",[]
1874,"ingredients: enriched unbleached wheat flour (wheat flour, niacin, reduced iron, thiamine mononitrate, riboflavin, folic acid)","['wheat', 'gluten']"
1875,organic peanut butter,['peanuts']
1876,mixed tocopherols (a preservative),[]
1877,smoked paprika,[]
1878,annatto and turmeric,[]
1879,"cheese blend (low moisture part-skim mozzarella cheese [pasteurized milk, cheese culture, salt, enzymes], asiago cheese [pasteurized milk, salt, cheese culture, enzymes], roasted garlic, natamycin [mold inhibitor])",['dairy']
1880,fd&c green no,[]
1881,"tikka masala sauce (water, onion, tomato, spices, rice bran oil, tomato paste, ginger, sugar, garlic, corn starch, salt, cashew nuts, dry whole milk, distilled vinegar, citric acid, xanthan gum, paprika extract [color])","['tree nuts', 'dairy']"
1882,annatto (color - if colored),[]
1883,cinnamoin,[]
1884,walnut halves,['tree nuts']
1885,"gluten free flour (brown rice flour, tapioca starch, white rice flour, potato starch, sorghum flour, arrowroot starch, guar gum, sweet rice flour, rice bran)",[]
1886,"organic coconut milk powder (organic coconut milk, organic tapioca maltodextrin)",[]
1887,"cooked brown rice1 (brown rice1, water)",[]
1888,glaze (coconut oil),[]
1889,propellant: nitrous oxide,[]
1890,"seasoning (salt, hydrolyzed corn protein, sugar, onion powder, guar gum, spice, natural flavor)}",[]
1891,"leavening (sodium acid pyrophosphate, sodium bicarbonate) carboxymethylcellulose gum",[]
1892,"plum sauce (sugar, plum, water, extract of orange peel and liquorice, citric acid, sodium citrate, salt, xanthan gum, caramel color)",[]
1893,"monterey jack cheese (pasteurized milk, cheese culture, salt, enzymes) colby cheese (pasteurized milk, cheese culture, salt, enzymes, annatto [vegetable color])",['dairy']
1894,"bread crumbs (enriched flour [wheat flour, niacin, reduced iron, thiamine mononitrate, riboflavin, folic acid], whole wheat flour, sugar, vegetable shortening [palm oil and/or palm kernel oil], salt, wheat gluten, yeast, grain vinegar, natural flavor, soy lecithin)","['wheat', 'soybeans']"
1895,"enriched wheat flour (wheat flour, niacin, reduced iron, thiamin mononitrate, riboflavin, folic acid, corn syrup, salt, vital wheat gluten, vegetable oil (may contain one or more of the following: canola, corn, soybean), sodium bicarbonate, yeast","['wheat', 'soybeans']"
1896,"heat flour (flour, niacin, red iced iron, thiamin, mononitrate, riboflavin, folic acid, malted barley flour)",[]
1897,shredded whole wheat,[]
1898,"low moisture part-skim mozzarella cheese powder (pasteurized part-skim milk, cheese culture, salt, enzymes)",['dairy']
1899,egg solids,['eggs']
1900,"milk chocolate (sugar, cocoa butter, milk, chocolate, soy lecithin, vanilla flavor)","['dairy', 'soybeans']"
1901,purified carbonated water,[]
1902,bht to maintain freshness,[]
1903,fried pork skin,[]
1904,"egg roll (filling (cabbage, chicken white meat, carrots, green onion, chicken type flavor (natural flavor, salt, yeast extract, sunflower oil), contains 2% or less of: sugar, salt, soy protein concentrate, corn starch, yeast extract, potassium chloride, onion powder, garlic powder, celery seed, spices natural flavor (gum arabic, natural flavor, salt), rosemary.), wrapper: (wheat flour, water, palm oil, contains 2% or less of: salt, soy lecithin). fried in vegetable oil.)","['eggs', 'soybeans', 'wheat', 'celery']"
1905,extractives of paprika disodium inosinate and disodium guanylate,[]
1906,"dough: enriched bleached wheat flour (wheat flour, malted barley flour, niacin, reduced iron, thiamine mononitrate, riboflavin, folic acid)",['wheat']
1907,"corn syrup), natural flavor, salt, guar gum, locust bean gum, lactase enzyme",['**lactose']
1908,"tuscan savory grounds (vital wheat gluten, water, onion, soy sauce2 [water, soybeans2, wheat, salt, alcohol1], extra virgin olive oil, garlic, nutritional yeast1, kale, flax seed, parsley, fennel seed, spices, rosemary, dried red peppers, natural flavor, paprika, natural hickory smoke flavor)","['soybeans', 'wheat']"
1909,organic freeze-dried raspberries,[]
1910,cocktail sauce - water,[]
1911,"frank's redhota brand cayenne pepper sauce (aged cayenne red peppers, distilled vinegar, water, salt and garlic powder)",[]
1912,"shrimp (shrimp, salt, sodium di-, tri-, and polyphosphate [to retain moisture], sodium bisulfite and sodium citrate [preservatives])",['shellfish']
1913,sdoium benzoate (preservative),[]
1914,black cherry juice concentrate,[]
1915,dried citrus pulp,[]
1916,2% or less of natural flavors,[]
1917,white balsamic vinegar (contains sulfites),['sulphites']
1918,"swiss cheese (milk, cheese culture, salt, enzyme)",['dairy']
1919,"cheddar cheese ([pasteurized milk, cheese cultures, salt, enzymes)",['dairy']
1920,pasteurized process cheese: cultured pasteurized milk,['dairy']
1921,spice packets: crushed red pepper,[]
1922,"cherries (cherries, water, sugar, food starch-modified, citric acid, fruit concentrate, natural flavors, red 40)",[]
1923,dried potato,[]
1924,"enriched flour (wheat flour, malted barley flour, ferrous sulfate, niacin, reduced iron, thiamin mononitrate, riboflavin, folic acid)",['wheat']
1925,organic chlorella powder,[]
1926,low sodium salt,[]
1927,sodium benzoate (as preservative),[]
1928,vegetable oil shortening [canola oil,[]
1929,"mozzarella cheese (cultured pasteurized milk, salt, enzymes)",['dairy']
1930,100% hand picked swimming crab (portunus haanii) sodium acid pyrophosphate added to retain color,['**fish']
1931,"filling (artichoke hearts, seasoning (water, sunflower oil, potato starch, casein, salt), chicory root fiber, sunflower oil, heavy cream (cream), parmesan cheese (pasteurized cultured milk, salt, enzymes), dehydrated potatoes, cornstarch, unsalted butter (cream), whey, 2% or less of bread crumbs (wheat flour, yeast, salt), dehydrated onions, natural flavors, wheat fiber, lactose, parsley, salt, yeast extract)","['dairy', 'wheat', 'lactose']"
1932,"granola (whole grain oats, evaporated cane sugar, expeller pressed canola oil, whole oat flour, brown rice syrup, molasses, salt, natural flavor, baking soda, soy lecithin, whole wheat flour)","['soybeans', 'wheat']"
1933,"chili powder (spices, salt, paprika, garlic and onion)",[]
1934,citric ac,[]
1935,"confetti sequins (sugar, corn starch, rice flour, palm oil, gum arabic, xanthan gum, natural and artificial flavor, potassium sorbate [preservative], mono- and diglycerides, polysorbate 60, blue 1, red 40, yellow 5, yellow 6)",[]
1936,sugar carrots,[]
1937,"olive tapenade vinaigrette (olives [olives, water, salt, vinegar, lactic acid], canola oil, extra virgin olive oil, water, white wine vinegar, garlic, capers [capers, water, salt, distilled vinegar], citrus fiber [citrus fiber, dried citrus pulp or citrus flour], parsley, salt, lemon juice concentrate)",[]
1938,topping: toasted sesame seed,['sesame']
1939,"(maltodextrin, soybean, salt, wheat, sugar)","['soybeans', 'wheat']"
1940,natural or artificial flavor,[]
1941,"cooked black beans (black beans, water, salt)",[]
1942,"organic cheddar cheese blend (organic cheddar cheese [cultured organic milk, salt, enzymes], organic nonfat milk, salt, disodium phosphate)",['dairy']
1943,"spices (ajwain, black pepper, cumin, kalonji, sesame seeds)",['sesame']
1944,"sweetened dried cranberries (cranberries, cane syrup, glycerin, canola oil)",[]
1945,shellac),[]
1946,"pasta (semolina [wheat], water, egg white)","['eggs', 'wheat']"
1947,"bacon (cured with water, salt, sugar, smoke flavor, sodium phosphate, sodium erythorbate, and sodium nitrite)",[]
1948,"natural and artificial ham flavor (hydrolyzed soy and corn protein, sail, corn syrup solids, yeast extract, canola oil, brown sugar, natural flavor, silicone dioxide, maltodextrin, artificial flavor, disodium inosinate, and disodium guanylate)",['soybeans']
1949,salame milano ingredients: pork,[]
1950,"cheddar seasoning [cheddar cheese (pasteurized cultured milk, salt, enzymes)",['dairy']
1951,organic grapefruit juice from concentrate,[]
1952,organic dried apples,[]
1953,"reduced sodium gluten-free soy sauce (water, soybeans, salt, alcohol)",['soybeans']
1954,"seasoning (sugar, salt, dextrose, paprika, modified food starch, spices, onion powder, caramel color, beet powder, garlic powder, extractives of paprika)",[]
1955,"asiago cheese (pasteurized part skimmed milk, cheese cultures, sea salt, enzymes)",['dairy']
1956,tbhq and citric acid (to maintain flavor),[]
1957,celery sauce: water,['celery']
1958,bison,[]
1959,tuna fish fillets (ventresca),['fish']
1960,dried mangos,[]
1961,"diced tomatoes (tomatoes, tomato puree)",[]
1962,contains 2% or less of: dehydrated onion,[]
1963,"dough conditioner blend (calcium sulfate, salt, l-cysteine hydrochloride, garlic powder, tricalcium phosphate, enzymes [wheat])",['wheat']
1964,tetrasodium diphosphate,[]
1965,"seasoning (modified corn starch, dehydrated garlic, dehydrated onion, maltodextrin, salt, natural flavor, spice extractives)",[]
1966,alaska pollock fillets,['fish']
1967,"brown rice mix (cooked long grain brown rice, carrots, shelled edamame [soybeans], scrambled egg whites [egg whites, modified corn starch, nonfat milk, whey protein isolate, soybean oil, carrageenan, salt, natural egg flavor, guar gum, xanthan gum, annatto {color}], water, green onions, ginger puree [ginger, water, phosphoric acid], sesame oil, soybean oil, chicken flavor [yeast extract, salt, chicken powder, maltodextrin, sugar, soy sauce solids {soybeans, wheat, salt}, chicken fat, soy flour, torula yeast, natural and artificial flavors, caramel color, citric acid, modified corn starch, corn syrup solids, disodium phosphate, lactic acid, calcium lactate], oriental spice base [ginger, chili garlic sauce {chili peppers, garlic, water, salt, sugar, rice vinegar, acetic acid, modified food starch}, maltodextrin, sesame oil, salt, sugar, canola oil, soybeans, water, corn starch, spice, wheat, natural flavoring, brown sugar, garlic powder, caramel color, vinegar, yeast extract], modified corn starch, yeast extract [salt], salt, butter flavor [dehydrated butter, buttermilk powder, natural flavor, maltodextrin, modified food starch], spices)","['soybeans', 'eggs', 'dairy', 'wheat', 'gluten', 'sesame']"
1968,"semisweet chocolate (sugar, unsweetened chocolate, cocoa butter, soy lecithin, vanilla extract, salt)",['soybeans']
1969,romano cheese [part-skim milk,['dairy']
1970,"sodium citrate} chocolaty covered peanuts (peanuts, sugar, coconut oil, cocoa processed with alkali, unsweetened chocolate, soy lecithin, salt, vanilla, milk)","['peanuts', 'dairy']"
1971,"contains 2% or less of topping (sugar, yellow corn flour, partially hydrogenated vegetable oil [cottonseed and/or soybean], cinnamon)",[]
1972,peppadew sweet picante peppers,[]
1973,dark red kidney beans,[]
1974,organic live kombucha cultures,[]
1975,dl-alpha-tocopheryl acetate,[]
1976,"cheddar cheese spread ingredients: cheddar cheese (pasteurized milk, cheese cultures, salt, enzymes)",['dairy']
1977,cage-free egg whites,['eggs']
1978,"low fat vanilla yogurt (cultured pasteurized grade a low fat milk, sugar, modified corn starch kosher gelatin, natural flavor, potassium sorbate added to maintain freshness, vitamin a acetate, vitamin d3)",['dairy']
1979,pudding mix: sugar,[]
1980,"worcestershire sauce (distilled vinegar, molasses, corn syrup, water, salt, caramel color, garlic powder, sugar, spices, tamarind, natural flavoring, sulfiting agent)",['sulphur dioxide']
1981,"seasoning (soy sauce [water, soybeans, wheat, salt], natural flavor, carrot juice concentrate, sunflower oil, cornstarch, toasted sesame oil, onion powder, sugar)","['soybeans', 'wheat', 'sesame']"
1982,in colored beef collagen casing (fd&c red #3),[]
1983,(stabilizers),[]
1984,"ricotta cheese (cultured whey, cream)",['dairy']
1985,vegetable l-cysteine,[]
1986,salt and citric acid,[]
1987,"enriched bleached wheat flour (wheat flour, niacin, reduced iron, thiamine mononitrate, riboflavin and folic acid)","['wheat', 'gluten']"
1988,yolk,['eggs']
1989,amino acid seasoning,[]
1990,"bagel (enriched flour [wheat flour, malted barley, niacin, iron, thiamine mononitrate {b1}, riboflavin {b2}, folic acid], water, whole wheat flour, less than 2% of the following: sugar, yeast, soybean oil, salt, modified food starch, vinegar, soy protein isolate)","['soybeans', 'wheat']"
1991,non-gmo corn meal,[]
1992,"cooked macaroni pasta (water, enriched pasta [durum wheat semolina, egg white, niacin, iron {ferrous sulfate}, thiamine mononitrate, riboflavin, folic acid])","['wheat', 'eggs']"
1993,contains 1% or less of xanthan gum,[]
1994,apple pieces,[]
1995,choice blended wheat flour,['wheat']
1996,colored with paprika,[]
1997,"white cheddar cheese (pasteurized milk, cheese culture, salt, enzymes)",['dairy']
1998,100% whole grain rolled oats,[]
1999,"colby and monterey jack cheese (pasteurized milk, cheese culture, salt, enzymes, annatto [vegetable color])",['dairy']
2000,stuffed poblano peppers: poblano peppers,[]
2001,"cinnamon shortbread pieces (sugar, wheat flour, butter [cream, salt], soybean oil, pasteurized eggs, cinnamon, salt)","['wheat', 'eggs', 'soybeans', 'dairy']"
2002,contains less than 1% of: natural and artificial flavors,[]
2003,"strawberry banana base (naturally milled cane sugar, water, strawberries, inulin, bananas, natural flavor, modified food starch, vegetable protein, tricalcium phosphate, purple carrot concentrate and annatto for color, sodium benzoate and potassium sorbate to maintain freshness, ascorbic acid (vit. c), sodium citrate)",[]
2004,lychees,[]
2005,natural vanilla flavor wonf,[]
2006,resistant maltodextrin (dietary fiber),[]
2007,corn protein (hydrolyzed),[]
2008,"vinegar powder (maltodextrin, food starch, modified apple cider vinegar)",[]
2009,"pretzel bits (wheat flour, malt, salt, soybean oil, bamboo fiber, yeast, baking soda)","['wheat', 'soybeans']"
2010,contains two percent or less of dextrose,[]
2011,yellow 5 and red 40,[]
2012,"cream cheese flavored pretzel cluster (white coating [sugar, palm kernel oil, nonfat dry milk, whole milk powder, soy lecithin, salt], pretzel [enriched flour {heat flour, niacin, reduced iron, thiamine mononitrate, riboflavin, folic acid}, malt extract blend {tapioca syrup, malt extract}, canola oil, salt, yeast, bromelain, baking soda], fudge coating [sugar, palm kernel oil, cocoa powder, whole milk powder, soy lecithin, salt], salt, natural flavor)","['wheat', 'dairy', 'soybeans']"
2013,cooked kidney beans,[]
2014,"iron ferric orthophosphate), vitamin e (alpha tocopherol acetate), zinc sulfate, calcium pantothenate, vitamin b12, vitamin b2 (riboflavin), vitamin b1 (thiamine mononitrate), vitamin b6 (pyridoxine hydrochloride), folic acid, biotin, vitamin d3",[]
2015,"preservatives (potassium sorbate, calcium proponate, fumaric acid, sorbic acid)",[]
2016,"chipotle peppers in adobo sauce (chipotle peppers, water, vinegar, tomatoes, onions, iodized salt, sugar, paprika, soybean oil and spices)",['soybeans']
2017,almond brittle [almonds,['tree nuts']
2018,onion basmati rice - water,[]
2019,"seasoning (cracker meal [bleached wheat flour], beef stock, whey protein concentrate [from milk], dextrose, textured vegetable protein [soy protein concentrate, caramel color], dehydrated onion, encapsulated salt [salt, hydrogenated soybean oil], hydrolyzed soy protein, dehydrated bell peppers, caramel color, worcestershire sauce solids [distilled vinegar, molasses, corn syrup, salt, caramel color, garlic powder, sugar, spices, tamarind, natural flavoring on maltodextrin], parsley, flavoring)","['wheat', 'dairy', 'soybeans']"
2020,b5],[]
2021,corn meal blend (corn meal and degermed corn meal),[]
2022,"seasoning (salt, sugar, yeast extract, natural flavor, dried chicken broth, dried garlic, dried onion, cornstarch, maltodextrin, dried red pepper sauce [aged red peppers, vinegar, salt, garlic], paprika extract [color])",[]
2023,and beta carotene (for color),[]
2024,"candy coated chocolate pieces [milk chocolate (sugar, cocoa butter, chocolate liquor, whole milk powder, soy lecithin, salt, vanilla)","['dairy', 'soybeans']"
2025,"enriched high-gluten flour (wheat flour, malted barley flour, niacin, reduced iron, thiamine mononitrate, riboflavin, folic acid water, blueberries, brown sugar, fructose, sugar, malt, salt, cornmeal, cultured wheat flour, mono-and diglycerides, datem, calcium propionate (preservative), yeast, natural flavor, sunflower oil, enzymes",['wheat']
2026,mini peppermint candy corn ingredients: sugar,[]
2027,"salt 2% or less of romano cheese solids from cow's milk (pasteurized milk, cultures, salt, enzymes)",['dairy']
2028,vitamin e (alpha-tocopherol acetate),[]
2029,calcium propionate (preservative) yellow corn flour,[]
2030,"enriched pasta (wheat flour, niacin, reduced iron, thiamine mononitrate, riboflavin, folic acid)",['wheat']
2031,goji powder,[]
2032,fresh cultured buttermilk,['dairy']
2033,dextrose (to promote browning),[]
2034,"milk chocolate (sugar, cocoa butter, milk, chocolate liquor, soy lecithin (an emulsifier), vanilla (natural flavor), salt)","['dairy', 'soybeans']"
2035,"peanut butter (peanuts, peanut oil, salt, mono and diglycerides)",['peanuts']
2036,natural flavors (including autolyzed yeast extract),[]
2037,"enriched wheat flour (flour; niacin; iron; thiamine mononitrate; riboflavin; folic acid); reese's peanut butter chips (partially defatted peanuts; sugar; hydrogenated vegetable oil (palm kernel oil; soybean oil); corn syrup solids; dextrose; reduced protein whey [milk]; contains 2% or less of: palm kernel oil; salt; vanillin, artificial flavor; lecithin (soy); sugar; hershey's milk chocolate chips (milk chocolate (sugar; chocolate; skim milk; cocoa butter; milk fat; lecithin (soy); natural flavor]); dark brown sugar; natural and artificial flavor; salt","['wheat', 'peanuts', 'dairy', 'soybeans']"
2038,brownulated sugar,[]
2039,contains less than 2% of vegetable mono- and diglycerides,[]
2040,potassium sorbate and calcium propionate (to preserve freshness),[]
2041,bisulfate of soda(natural acidifier),[]
2042,potassium sorbate (to preserve freshness),[]
2043,"natural flavor (whey, butter oil, corn syrup solids, salt, guar gum, annatto, and turmeric color)",['dairy']
2044,"enriched flour (wheat flour, malted barley flour, niacin, reduced iron, thiamine mononitrate [ vitamin b1], riboflavin [ vitamin b2], folic acid)",['wheat']
2045,smoke flavor,[]
2046,"natural boneless chicken breast with rib meat vegetarian fed raised without antibiotics (contains up to 17% of a solution of water, less than 2% potato starch, sea salt) brown rice",[]
2047,"jalapeno peppers (jalapeno peppers, vinegar, potassium sorbate [as a preservative])",[]
2048,"natural flavor (natural extractives of mace, mono and diglycerides, soy lecithin)",['soybeans']
2049,"rice base: (cascade mountain filtered water, whole grain organic basmati and brown rice, organic short grain rice)",[]
2050,espresso coffee,[]
2051,"tomato puree (tomato paste, water) contains less than 2% of: red bell peppers",[]
2052,and less than 2% of carrot juice concentrate,[]
2053,water chestnut,[]
2054,"natural flavor), cider vinegar, water. provolone cheese: pasteurized milk, cheese culture, salt, enzymes, natural smoke flavor, natamycin (a natural mold inhibitor), pepperoncini peppers",['dairy']
2055,"dark chocolate (chocolate, maltitol, cocoa butter, natural flavor, nonfat dry milk and stevia leaf extract)",['dairy']
2056,organic spices (including organic parika),[]
2057,dark red chile,[]
2058,"catalina oil (organic high oleic sunflower oil, avocado oil)",[]
2059,vegan cultured dextrose,[]
2060,organic high oleic safflower oil and/or organic high oleic sunflower oil,[]
2061,"dried organic cheese blend (organic cheddar cheese [organic cultured pasteurized milk, salt, enzymes], organic nonfat milk, disodium phosphate)",['dairy']
2062,quercetin dihydrate,[]
2063,"rosemary and olive oil seasoning (whey powder, sea salt, sugar, spices, yeast extract, onion powder, natural flavor, olive oil)",['dairy']
2064,"cheesy chicken filling (chicken white breast meat [white chicken breast meat, chicken broth, water, salt, modified food starch, isolated soy protein, salt, carrageenan, garlic and onion powder, sodium phosphate, white pepper], chipotle cream sauce [water, cream {cream, carrageenan}, green onions, textured vegetable protein (textured soy flour, soybean oil, salt, autolyzed yeast extract, hydrolyzed corn protein, natural smoke flavoring, disodium inosinate, disodium guanylate), chipotle peppers in adobo sauce {chipotle peppers, water, tomato paste, vinegar, onions, salt, sugar, vegetable oil and spices}, chicken base {chicken meat, salt, sugar, corn syrup solids, chicken fat, flavorings, autolyzed yeast extract, turmeric}, soybean oil, tomato paste {tomatoes}, cornstarch, potassium benzoate, sodium benzoate], cheddar cheese [pasteurized grade a milk, salt, cultures, annatto {color}, enzymes], monterey jack cheese [pasteurized grade a milk, salt, cultures, enzymes], potato flour)","['dairy', 'soybeans']"
2065,lemon flavoring,[]
2066,guar gum mono and diglycerides,[]
2067,"pomegranate juice concentrate (pomegranate concentrate, water)",[]
2068,"cheddar cheese blend (whey, cheddar cheese [cultured milk, salt, enzymes], reduced lactose whey, maltodextrin, canola oil, salt, disodium phosphate, blue cheese [cultured milk, salt, enzymes], nonfat dry milk, citric acid)",['dairy']
2069,"ingredients: protein blend (pea protein, rice protein, almond protein)",['tree nuts']
2070,"(niacin, reduced iron, thiamine mononitrate, riboflavin, folic acid)",[]
2071,"yellow mustard (distilled vinegar, mustard seed, salt, turmeric, spices)",['mustard']
2072,"contains less than 2% of each of the following: margarine (interesterified soy bean oil, hydrogenated cottonseed oil, water, salt, mono and diglycerides, soy lecithin, sodium benzoate preservative, artificial flavor, beta-carotene color, vitamin a palmitate)",['soybeans']
2073,"baking powder (sodium acid pyrophosphate, sodium bicarbonate, cornstarch, monocalcium phosphate)}",[]
2074,"romano cheese (skim cow's milk, cheese culture, salt enzymes)",['dairy']
2075,lactic & citric acid,[]
2076,"leavening (yeast, sodium acid pyrophosphate, sodium bicarbonate)",[]
2077,pasteurized cream and citric acid (acidity corrector),['dairy']
2078,bacillus coagulans gbi-30 6086,[]
2079,chicken bone broth powder,[]
2080,contains 2% or less: cornstarch modified,[]
2081,organic apple puree,[]
2082,"cranberry mayonnaise (cranberries [cranberries, glucose-fructose, glucose, water], mayo [soybean oil, distilled vinegar, water egg yolk, whole egg, contains less than 2% of salt, sugar, lemon juice concentrate, natural flavor, oleoresin paprika [for color])","['soybeans', 'eggs']"
2083,"spice (cumin, oregano)",[]
2084,"vegetable shorting (palm oil) (contains antioxidant (ascorbyl palmite, mixed tocopherols concentrate, soy lecithin))",['soybeans']
2085,contains 2% or less: skim milk,['dairy']
2086,wheat-free tamari,[]
2087,broad beans,[]
2088,"vegetable oil (may contain one or more of the following: cottonseed, corn, canola)",[]
2089,pickle cubes benzoate as a preservative,[]
2090,peanuts: roasted peanuts,['peanuts']
2091,"colouring food (titanium dioxide, concentrate of spirulina, beet powder color, turmeric color)",[]
2092,"cereal (rice, whole grain wheat, sugar, wheat bran, salt, soluble wheat fiber, malt flavor, niacinamide, vitamin b1 [thiamin mononitrate], vitamin b2 [riboflavin], folic acid)",['gluten']
2093,and stevia rebaudioside a,[]
2094,"flavoring (dehydrated natural, maltodextrin, salt, oleoresin, essential oils and silicon dioxide) and sea salt",[]
2095,contains 2% or less of citric acid,[]
2096,annatto (color added),[]
2097,"minced fish blend (pollock, whiting, haddock, cod, sole)",['fish']
2098,sapodilla flavor,[]
2099,"caribbean sauce pellet (water, cream, olive oil, cornstarch, worcestershire sauce [distilled vinegar, molasses, corn syrup, garlic powder, sugar, spices, tamarind, natural flavor], salt, sugar, cilantro, lime juice concentrate, spices, garlic powder, parsley, natural flavor)",['dairy']
2100,extra white truffle (tuber magnatum pico),[]
2101,"vinegar powder (maltodextrin, vinegar and food starch-modified)",[]
2102,distilled,[]
2103,green frosting mix: dextrose,[]
2104,coriander 0,[]
2105,isomalto-oligosaccharide (from tapioca),[]
2106,"butter (sweet cream [milk], salt)",['dairy']
2107,"turkey (fat, broth)",[]
2108,i-carnitine,[]
2109,jalapeno pepper red bell pepper,[]
2110,"cranberries (cranberries, pineapple juice, sunflower oil)",[]
2111,cultured pasteurized organic part-skim milk,['dairy']
2112,soya lecithin (an emulsifier),['soybeans']
2113,"wasabi sides: soba sauce (water, organic soy sauce [water, organic soybeans, organic wheat, salt], mirin [rice koji, sugar, alcohol, salt], konbu [seaweed], sushi ginger (ginger, water, sugar, vinegar, salt)","['soybeans', 'wheat']"
2114,organic strawberries,[]
2115,"enriched wheat flour (wheat flour, niacin, reduced iron, thiamine mononitrate, riboflavin, folic acid, ascorbic acid added as a dough conditioner)","['wheat', 'gluten']"
2116,organic green tea extract,[]
2117,ascorbic acid],[]
2118,diced tomato,[]
2119,flour grits,[]
2120,and extractives of tumeric,[]
2121,"cooked ham water added (cured with water, dextrose, potassium chloride, salt, sodium phosphate, sodium erythorbate, sodium nitrite)",[]
2122,"vegetable oil (soybean and/or cottonseed oil, may contain tbhq and citric acid to help preserve freshness and dimethylpolysiloxane added to reduce foaming.)",['soybeans']
2123,bulgaricus,[]
2124,"butter flavor (maltodextrin, natural flavor, annatto & turmeric color)",[]
2125,"worcestershire sauce (distilled vinegar, molasses, corn syrup, water, salt, caramel color, dehydrated garlic, sugar, spices, tamarind, natural flavor)",[]
2126,cooked white rice: water,[]
2127,flax seeds[caret]1,[]
2128,arabic gum,[]
2129,arugula,[]
2130,contains 2% or less of soy protein isolate,['soybeans']
2131,blue # 1,[]
2132,linalol (zm4 antioxidant),[]
2133,"sprinkles (sugar, fd&c yellow # 5, fd&c blue # 1, fd&c red # 40, confectioner's glaze)",[]
2134,pasteurized cows' cream,['dairy']
2135,high oleic sunflower oil [tocopherols and rosemary extract (to preserve freshness)],[]
2136,"cheese: grated parmesan cheese (pasteurized milk, cheese culture, salt, enzymes)",['dairy']
2137,coating: coconut oil,[]
2138,"ingredients: fudge coating (cane sugar, palm kernel oil, nonfat dry milk, cocoa powder, soy lecithin, salt)","['dairy', 'soybeans']"
2139,"baby lettuces (green romaine, red romaine, red oak, green oak, tango, lolla rossa, red leaf, green leaf)",[]
2140,cultures and salt,[]
2141,expeller pressed sunflower oil,[]
2142,"unbleached enriched wheat flour (wheat flour, malted barley flour, niacin, iron, thiamine hydrochloride, riboflavin, folic acid)","['wheat', 'gluten']"
2143,less than 2% oat fiber and silicon dioxide (anti-caking agent),[]
2144,coffee extract,[]
2145,calcium disodium edta (to protect freshness),[]
2146,organic raspberry flavor and citric acid,[]
2147,tapioca dextrose,[]
2148,organic lemon juice concentrate,[]
2149,cherry ingredients: micron filtered water,[]
2150,organic tuscan kale greens,[]
2151,yellows,[]
2152,"spinach wrap (bleached enriched wheat flour ( wheat flour, malted barley flour, niacin, reduced iron, thiamine mononitrate, riboflavin, folic acid), water, blend of vegetable oils (soybean oil and hydrogenated cottonseed oil), spinach powder extender seasoning (spinach powder, corn starch, dextrose, maltodextrin, natural and artificial flavor, salt, yellow 6, blue 1, yellow 5, mushroom powder, disodium inosinate, disodium guanylate, disodium calcium edta), contains 2% or less of the following: leavening (sodium bicarbonate, sodium acid pyrophosphate, corn starch, monocalcium phosphate), salt, dehydrated spinach, fumaric acid, dough conditioner ( wheat flour, calcium sulfate, sorbic acid), mono and diglycerides, calcium propionate (preservative), cellulose gum, potassium sorbate (preservative))","['wheat', 'soybeans']"
2153,natamycin (natural mold inhibitor to protect freshness),[]
2154,garlic and species,[]
2155,wild alaska pollock,['fish']
2156,"caramelized onions (onions, canola oil, brown sugar, sea salt, black pepper, citric acid)",[]
2157,hard red winter wheat,['wheat']
2158,"graham crumb (wheat flour, whole wheat/graham flour, sugar, canola oil, molasses, honey, salt, sodium bicarbonate)",['wheat']
2159,"honey wheat pizza crust (enriched flour[wheat flour, malted barley flour, niacin, iron, thiamine mononitrate, riboflavin, folic acid], water, whole wheat flour, contains 2% or less of each of the following: yeast, palm oil, honey, wheat starch, soy flour, calcium stearate, soy lecithin, natural butter flavor, salt, sugar, cellulose gum, guar gum, xanthan gum, datem, wheat gluten, dextrose, malted wheat flour, sodium acid pyrophosphate, ascorbic acid, bakery enzyme[amylase, wheat starch, salt], caramel color)","['wheat', 'soybeans']"
2160,"rye bread (enriched unbleached flour [wheat flour, malted barley flour, niacin, reduced iron, thiamine mononitrate, riboflavin, folic acid], water, medium rye flour, sugar, yeast, contains 2% or less of the following: ground caraway seed, soybean oil, caramel color [contains sulfites], salt, gluten, potato flakes, fumaric acid, acetic acid, spices, dough conditioners [monoglycerides, sodium stearoyl lactylate, ascorbic acid, calcium sulfate, enzymes], monocalcium phosphate, calcium propionate [preservative], turkey pastrami (turkey, mechanically separated turkey, seasoning [sugar, salt, garlic powder, natural flavors, oleoresin paprika {color}, garlic oil], water, isolated oat product, contains 2% or less cracked pepper, natural smoke flavoring, salt, potassium lactate, sodium diacetate, sodium phosphate, sodium erythorbate, sodium nitrite, rosemary extract), turkey breast with white turkey and broth (turkey breast with white turkey, water, contains 2% or less potassium lactate, modified food starch, dextrose, salt, sodium phosphate, sodium diacetate, flavoring), swiss cheese (pasteurized milk, cheese culture, salt, enzymes), deli mustard (vinegar, mustard seeds, salt, turmeric)","['wheat', 'soybeans', 'sulphites']"
2161,potassium sorbate (to prevent fermentation),[]
2162,"tamari soy sauce (water, soybeans, salt and alcohol (to retain freshness))",['soybeans']
2163,organic grade a whole milk,['dairy']
2164,vitamin blend [monopotassium phosphate,[]
2165,"wild blueberry base (sugar, wild blueberries, citric acid)",[]
2166,enriched egg noodle [wheat flour (wheat),['wheat']
2167,organic chopped almonds (10%),['tree nuts']
2168,"artificial color (fd&c blue #1, blue #1 lake, blue #2 lake, yellow #5, yellow #5 lake, yellow #6, yellow #6 lake, red #40, red #40 lake)",[]
2169,quinine,[]
2170,less than 2% of granulated onion,[]
2171,"enriched unbleached wheat flour (wheat flour, niacin, reduced iron, thiamine mononitrate, riboflavin and folic acid)",['wheat']
2172,"dill pickle chips (cucumbers, water, salt, vinegar, calcium chloride, tumeric, contains less than 1/10th of 1 percent of sodium benzoate, fresh garlic, dry pickling spices, and natural flavorings)",[]
2173,contains 2% or less of the following: brown sugar,[]
2174,high-oleic sunflower oil,[]
2175,"tuscan savory grounds4 (vital wheat gluten, water, soy sauce2 (water, soybeans2, wheat, salt, alcohola1), onion, garlic, nutritional yeasta1, kale, spices, flax seed, parsley, fennel seed, extra virgin olive oil, red bell pepper, natural flavor, natural hickory smoke flavor)","['wheat', 'soybeans']"
2176,"milk (milk, cream)",['dairy']
2177,2% or less of the following: salt,[]
2178,"granola (whole grain rolled oats, whole grain brown rice flour, sugar, whole wheat flakes, high oleic canola oil, molasses, enriched wheat flour [bleached wheat flour, malted barley flour, niacin, reduced iron, thiamin mononitrate, riboflavin, folic acid], calcium carbonate, sodium bicarbonate, nonfat dry milk, soy lecithin, caramel color)","['wheat', 'soybeans', 'dairy']"
2179,salt pepper,[]
2180,"fruit in juice (peaches, wheat grape juice from concentrate [water, white grape, juice concentrate], lemon juice from concentrate [water, lemon juice concentrate], natural flavors, ascorbic acid [to promote color retention], and citric acid)",['wheat']
2181,"vegetable oil (almond, canola and/or safflower)",['tree nuts']
2182,cabernet wine,[]
2183,"sprinkles (icing sugar [sugar, cornstarch], palm kernel oil, modified cornstarch, cornstarch, sunflower lecithin, color [fd&c yellow #6, fd&c yellow #5, fd&c blue #1, fd&c red #3, fd&c red #40], polysorbate 60)",[]
2184,annatto [color],[]
2185,pasteurized organic milk whey,['dairy']
2186,vinegar solids and extractives of paprika],[]
2187,"feta cheese (pasteurized cow's milk, bacterial culture, microbial enzyme, calcium chloride, salt)",['dairy']
2188,pickling spice,[]
2189,long bean,[]
2190,cirtic acid,[]
2191,chicken broth [chicken broth,[]
2192,"enriched flour (wheat flour (wheat flour, niacin, reduced iron, thiamin mononitrate [vitamin b1], riboflavin [vitamin b2], folic acid), graham flour (whole grain wheat flour), sugar, canola and/or soybean and/or palm oil, honey, contains 2% or less of: salt, baking soda, soy lecithin, calcium phosphate (leavening), artificial flavor, sodium sulfite","['wheat', 'soybeans', 'sulphites']"
2193,dough: ground durum wheat,['wheat']
2194,stabilizers carob bean,[]
2195,yellow lake #5,[]
2196,"pretzels (unbleached enriched wheat flour [wheat flour, niacin, reduced iron, thiamine mononitrate, riboflavin, folic acid], malted barley flour, salt, soybean oil)","['wheat', 'soybeans']"
2197,sel gris,[]
2198,organic carrotsa,[]
2199,"contains 2% or less of: grated parmesan cheese (parmesan cheese [pasteurized part skim milk, cheese cultures, salt, enzymes], powdered cellulose [anti-caking agent])",['dairy']
2200,"(fully cooked, waffle flavored, portioned chicken breast filet fritters with rib meat)",[]
2201,and/or non-hydrogenated canola oil,[]
2202,"whole grain blend (oats, brown rice, buckwheat, millet, amaranth, quinoa)",[]
2203,"quiche base (half & half creamer (milk, cream and disodium phosphate), eggs (whole liquid eggs, citric acid), salt, xanthan gum, garlic powder (garlic), nutmeg, white pepper)","['eggs', 'dairy']"
2204,"cream cheese (pasteurized milk and cream cheese culture, salt, stabilizers (carob bean and/or xanthan and/or guar gums), avocado, soybean or canola oil, whole eggs, water, vinegar, egg yolk, sugar, salt, sesame, seaweed, mustard flour, calcium disodium edta (to protect flavor)","['dairy', 'eggs', 'soybeans', 'sesame', 'mustard']"
2205,"fully cooked panko chicken breast with rib meat (chicken breast with rib meat, water, contains 2% or less of salt, sodium phosphates; battered with: water, wheat flour, modified corn starch, yellow corn flour, salt, garlic powder, onion powder; leavening [sodium acid pyrophosphate, sodium bicarbonate], yeast extract, spice; breaded with bleached wheat flour, yeast, sugar, salt; pre-dusted with wheat flour, salt, dextrose, soybean oil)","['wheat', 'soybeans']"
2206,"vegetable oils (contains one or more of soy bean oil, sunflower oil, canola oil, palm oil)",['soybeans']
2207,vegetable oil (soy),['soybeans']
2208,cooked brown rice water,[]
2209,"dough: enriched wheat flour (wheat flour, malted barely flour, niacin, reduced iron, thiamine mononitrate, riboflavin, and folic acid)","['wheat', 'gluten']"
2210,methyl cellulose gum,[]
2211,less than 2% of cultures,[]
2212,"uncured bacon no nitrates or nitrites added except those naturally occurring in cultured celery powder and sea salt (pork, water, brown sugar, less than 2%: salt, vinegar, cultured celery powder, sea salt)",['celery']
2213,organic diced tomatoes in tomato juice,[]
2214,natural spices and flavors,[]
2215,pasteurized buffalo cream sea salt,['dairy']
2216,"margarine (palm oil, water, soybean oil, sugar, soy lecithin, mono and diglycerides, potassium sorbate, citric acid, artificial flavor, beta carotene [ color], vitamin a palmitate added)",['soybeans']
2217,"stabilizer (rice flour, sodium citrate, locust bean gum, food starch)",[]
2218,chicken meat including chicken juices,[]
2219,"salt (salt, yellow prussiate of soda, sodium thiosulfate, potassium iodide, sodium bicarbonate)",[]
2220,silicon dioxide as anticaking agent,[]
2221,vitamins & minerals: dicalcium phosphate,[]
2222,"vegetable oils (canola and/or soybean oil, palm kernel oil)",['soybeans']
2223,sunflower kernels (roasted in sunflower and/or cottonseed oil),[]
2224,"colors (turmeric, vegetable juice)",[]
2225,"folic acid), water, high fructose corn syrup, yeast, whole wheat flour, rye flour, wheat bran, wheat gluten, molasses, contains 2% or less of each of tyhe following: salt, butter (made from milk), soybean oil, cultured wheat flour, vinegar, honey, dough conditioners (contains one or more of the following: sodium stearoyl lactylate","['dairy', 'wheat', 'gluten', 'soybeans']"
2226,"garlic bread (enriched wheat flour, water, yeast, vegetable oil [canola or soybean], salt, wheat gluten, garlic, garlic powder calcium propionate, garlic flavor [canola oil, natural garlic oil, bha, bht], fumaric acid, lactic acid)","['wheat', 'soybeans']"
2227,"organic penne pasta (organic whole wheat flour, organic semolina flour, water)",[]
2228,"sweet pickle relish (cucumber, sugar, distilled vinegar, salt, mustard seed, xanthan gum, calcium chloride, celery seed, dehydrated red bell pepper, natural flavor, turmeric, onions)","['mustard', 'celery']"
2229,celery leaf,['celery']
2230,"sugar free chocolate chips (maltitol, chocolate liquor (processed with alkali), cocoa butter, sorbitan tristearate, soy lecithin, vanilla)",['soybeans']
2231,degermed corn grits,[]
2232,organic raw goji berries,[]
2233,"ny cheddar cheese (cultured milk, salt, enzymes)",['dairy']
2234,"protein blend (soy protein isolate, calcium caseinate, whey protein isolate, whey protein concentrate)","['soybeans', 'dairy']"
2235,dehydrated vegetables [mushrooms (4.8%),[]
2236,ingredients (non-gmo): base: wheat flour,"['wheat', 'gluten']"
2237,organic turbinado sugar,[]
2238,"pita bread (enriched wheat flour [wheat flour, barley malt flour, niacin, reduced iron, thiamin, riboflavin, folic acid], whole wheat flour, wheat bran, barley flour, sesame seeds, vital wheat gluten, sugar cane fiber, flaxseed, sugar, rolled oats, yellow corn meal, millet, salt, yeast)","['wheat', 'gluten', 'sesame']"
2239,"base mix (water, carrageenan locust bean gum, calcium chloride, inulin, citric acid flavor, sodium citrate, potassium citrate, sucralose, acesulfame)",[]
2240,"honey crystals (cane sugar, honey)",[]
2241,organic caramel concentrate,[]
2242,"cashews (cashews, peanut oil and/or cottonseed oil and/or canola oil and/or soybean oil, salt)","['peanuts', 'tree nuts', 'soybeans']"
2243,"cheddar cheese sauce (cheddar cheese [milk, cheese culture, salt, enzymes], water, whey, canola oil, sodium phosphate, salt, whey protein concentrate, contains 2% or less of the following ingredients milk, skim milk, sodium alginate, lactic acid, preservative [sorbic acid], cheese culture, color [apcarotenal])","['dairy', 'soybeans']"
2244,"non-gmo soy sauce (water, soybeans, wheat, salt)","['soybeans', 'wheat']"
2245,red fruit extract (color),[]
2246,(natural color)],[]
2247,"vegetable oil (canola oil, cottonseed oil, and/or soybean oil)",['soybeans']
2248,"vegetable shortening (palm, soybean oil)",['soybeans']
2249,salad: organic romaine lettuce,[]
2250,"chicken blend (cooked chicken, chicken fat)",[]
2251,"cherry juice from concentrate (water, cherry juice concentrate)",[]
2252,"cilantro lime seasoning dry rub packet (sugar, spices, lime juice powder, sea salt, citric acid, cilantro flakes, spice extractive, and silicon dioxide [added to prevent caking])",[]
2253,organic milk protein,['dairy']
2254,blood orange solids,[]
2255,"ribeye flavor concentrate (beef juices, hydrolyzed soy protein, corn oil, beef fat, onion powder, disodium inosinate and disodium guanylate, yeast extract)",['soybeans']
2256,"spices tabasco brand pepper sauce (distilled vinegar, red pepper, salt)",[]
2257,white chocolate powder,['dairy']
2258,"pecans (pecans, cottonseed oil, salt)",['tree nuts']
2259,& salt,[]
2260,salt; white coating: sugar,[]
2261,habanero peppers,[]
2262,instantized rice flour,[]
2263,organic celery and apple juice concentrates,['celery']
2264,vegetable oil - soybean and/or canola oil,['soybeans']
2265,skipjack tuna (katsuwonus pelamis),['fish']
2266,calcium propionate and potassium sorbate,[]
2267,"sirloin steak (contains up to 10% of a solution of water, lemon juice concentrate, vinegar, salt and vinegar powder)",[]
2268,"semisweet chocolate chips (unsweetened chocolate, sugar, cocoa butter, vanilla)","['**gluten', '**wheat']"
2269,organic onion powder organic habanero pepper powder,[]
2270,"worcestershire sauce (vinegar, molasses, corn syrup, water, salt, caramel color, garlic, sugar, tamarind, natural flavor, sulfiting agent)","['sulphur dioxide', 'sulphites']"
2271,"grain blend (soft white wheat, oat flour, potato flakes)","['**gluten', '**wheat']"
2272,"natural & artificial chocolate flavor (propylene glycol, natural & artificial flavor, alcohol, water)",[]
2273,"dried fruit and nut blend (raisins, peanuts, sugar, contains less than 2% of honey, maltodextrin, modified potato starch, salt, vegetable oil (cottonseed, peanut, soybean and/or sunflower), xanthan gum]",['peanuts']
2274,"jalapeno puree (jalapeno chile, distilled vinegar, salt)",[]
2275,porcini mushroom powder 1% (boletus edulis and relative group),[]
2276,"enriched bleached and unbleached flour (wheat flour, niacin, reduced iron, thiamin mononitrate, riboflavin, folic acid)","['**gluten', '**wheat']"
2277,aromatic herbs,[]
2278,"acid), cranberries (cranberries",[]
2279,"enriched durum wheat semolina (enriched with niacin, ferrous sulfate, thiamin mononitrate, riboflavin, folic acid)","['**gluten', '**wheat']"
2280,"confectionery coating (sugar, palm kernel and palm oils, whey powder [milk], nonfat dry milk, sorbitan monostearate, polysorbate 60, soy lecithin [emulsifier], vanillin [artificial flavoring])","['dairy', 'soybeans']"
2281,contains less than 2% of each of the following: soybean oil,['soybeans']
2282,sorghum,[]
2283,spring onion,[]
2284,boneless pork ribs,[]
2285,high oleic oil (contains one or more of the following: canola and/or safflower oil),[]
2286,less than 2% of organic tapioca starch,[]
2287,folic acid and trace of lime,[]
2288,petite diced tomatoes,[]
2289,"stabilizer (guar gum, mono and diglycerides, xanthan gum, carrageenan, carob bean gum)",[]
2290,"color (fd&c red no. 40, caramel)",[]
2291,chipotle peppers in adobo,[]
2292,"basmati rice (water, rice)",[]
2293,"high gluten flour(wheat flour, malted barley flour, niacin, iron, thiamin, mononitrate, riboflavin, folic acid)","['**gluten', '**wheat']"
2294,"white coating (soybean oil, palm oil, coconut oil, soy lecithin, vanillin)",['soybeans']
2295,mono-and diglycerides (contains propyl gallate and citric acid as antioxidants),[]
2296,& potassium metabisulphite (e 224),"['sulphur dioxide', 'sulphites']"
2297,"artificial colors (titanium dioxide, fd&c: red no. 40, yellow no. 5, yellow no. 6, blue no. 1)",[]
2298,beet juice powder (for: color),[]
2299,"squid loligo [loligo chinensis ( trisodium citrate, sodium chloride, compound phosphate including: sodium pyrophosphate, sodium hexametaphosphate)] / calamar loligo [loligo chinensis (citrate trisodique, chlorure de sodium, phosphate compose incluant: pyrophosphate de sodium, hexametaphosphate de sodium)]","['fish', 'shellfish']"
2300,"vegetable oil (canola, soy)",['soybeans']
2301,vegetable oil (palm/palm kernel),[]
2302,"rice crumbs (water, potato starch, rice flour, yeast, salt, sugar)",[]
2303,laurel leaf,[]
2304,"stabilizer blend (modified corn starch, carrageenan, guar gum, dextrose, potassium chloride, xanthan gum)",[]
2305,cultured organic wheat starch,"['wheat', 'gluten']"
2306,red chili powder,[]
2307,"vegetable and fruit extracts (celery, carrot, blueberry)",['celery']
2308,contains 2% or less of corn bran,[]
2309,green boiled peanuts,['peanuts']
2310,"raspberry sauce (glucose syrup, water, sugar, raspberries, natural flavors, pectin, citric acid, vegetable juice)",[]
2311,pasteurized whey and milk,"['dairy', 'lactose']"
2312,less than 2% of vegetable oil (canola oil and/or soybean oil),['soybeans']
2313,rice syrup cane sugar,[]
2314,"spice extract (pepper, garlic, chili)",[]
2315,organic lowfat pasteurized milk,"['dairy', 'lactose']"
2316,roasted malt powder,[]
2317,"milk chocolate candies (milk chocolate [sugar, chocolate, nonfat dry milk, cocoa butter, lactose, milkfat, soy lecithin, salt, artificial and natural flavors], sugar, corn starch, less than 1% corn syrup, dextrin, fd&c red 40, fd&c red 40 aluminum lake, fd&c yellow 6 aluminum lake, fd&c blue 1, fd&c yellow 6, fd&c blue 1 aluminum lake, fd&c yellow 5, fd&c yellow 5 aluminum lake, fd&c blue 2 aluminum lake, fd&c blue 2, carnauba wax, gum arabic)","['dairy', 'lactose', 'soybeans']"
2318,sugar; cocoa butter; whole milk powder; nonfat dry milk; soy lecithin (an emulsifier); natural vanilla extract,"['dairy', 'lactose', 'soybeans']"
2319,"contains 2% or less of each of the following: cookie crumbs (enriched flour [wheat flour, niacin, reduced iron, thiamin mononitrate, riboflavin, folic acid], sugar, palm oil, cocoa processed with alkali, corn syrup, soybean oil, yellow corn flour, natural flavor, salt, baking soda)","['wheat', 'gluten', 'soybeans']"
2320,"blueberry swirl (high fructose corn syrup, corn syrup, water, blueberry puree, sugar, modified food starch-corn, citric acid, salt, xanthan gum, locust bean gum, artificial flavors, red 40, blue 1)",[]
2321,erythritol peanut flour,['peanuts']
2322,"enzymes), natural flavor, powdered cellulose to prevent caking), cheese flavor (cheddar cheese (pasteurized milk",['dairy']
2323,"vinegar powder (maltodextrin, modified food starch, apple cider vinegar)",[]
2324,natural and artificial blueberry flavor,[]
2325,sulfur dioxide (preservative),"['sulphur dioxide', 'sulphites']"
2326,niacinamide zinc oxide,[]
2327,colour - turmeric oleoresin,[]
2328,"almond base (filtered water, crushed organic almonds)",['tree nuts']
2329,"butter with natural flavor (pasteurized cream, natural flavorings)",['dairy']
2330,pure water from national park,[]
2331,"prunes (sulphur dioxide, potassium sorbate)","['sulphur dioxide', 'sulphites']"
2332,"whole grain blend (oats, brown rice, millet, buckwheat, amaranth, oat flour, quinoa)",[]
2333,natural colors,[]
2334,pepperoni: pork and beef,[]
2335,certified organic cranberries,[]
2336,lime juice (20%),[]
2337,rosemary (0.4%),[]
2338,organic blue spirulina extract,[]
2339,"citric acid), vegetable soup seasoning (dehydrated vegetables [carrot",[]
2340,"cream (cream, vitamin a palmitate, vitamin d2)",['dairy']
2341,carbonated organic maple water,[]
2342,organic onion juice concentrate,[]
2343,medium grain white rice,[]
2344,"utrients (calcium sulfate, monocalcium phosphate, ammonium sulfate)",[]
2345,"parmesan cheese [(milk, cheese cultures, salt, enzymes)","['dairy', 'gluten']"
2346,thianmin mononitrate (vitamin b1),[]
2347,refined fish oil (menhaden) modified potato starch,['fish']
2348,"enriched wheat flour (wheat flour, malted barley, niacin, reduced iron, thiamine mononitrate, riboflavin, folic acid)","['wheat', 'gluten']"
2349,contains 2% or less of: maltodextrin,[]
2350,organic glycerine (vegetable),[]
2351,glycerin modified corn starch,[]
2352,organic sunflower seeds,[]
2353,modified starches,[]
2354,cocoa processed with alkali (dutched),[]
2355,"cookie pieces (rice flour, sugar, tapioca starch, cocoa powder processed with alkali, palm oil, salt, soy lecithin, baking soda, natural flavor, xanthan gum)",['soybeans']
2356,chicken ingredients: chicken wing sections,[]
2357,coconut oil: mono- and diglycerides,[]
2358,contains less than 2 % of each of the following: soybean oil,['soybeans']
2359,pumpkin seedsa,[]
2360,"cookie: bleached enriched wheat flour (wheat flour, niacin, reduced iron, ascorbic acid [added as a dough conditioner], thiamine mononitrate, riboflavin, enzyme, folic acid)","['wheat', 'gluten']"
2361,"almond blend (filtered water, almonds)",['tree nuts']
2362,malt vinegar,[]
2363,contains less than 1% or modified corn starch,[]
2364,momosodium glutamate,[]
2365,black pepper and naturally derived citric acid,[]
2366,chick pea flour,[]
2367,organic ultra-filtered grade a skim milk,['dairy']
2368,"toffee (sugar, butter, pecans, powdered sugar, soy lecithin, baking soda, milk, chocolate (sugar, milk, cocoa butter, chocolate, soy lecithin (an emulsifier), vanilla), dextrose, lecithin, guar gum, xanthan gum, carrageenan, vanilla, natural flavor, sea salt","['dairy', 'tree nuts', 'soybeans']"
2369,non gmo chickpeas,[]
2370,sugar and spices,[]
2371,contains less than 2% of the following: sea salt,[]
2372,roasted and salted squash seeds,[]
2373,vegetable juices (for color),[]
2374,sodium cirate,[]
2375,natural capsicum flavouring,[]
2376,"sour cream (cultured pasteurized grade a milk, cream and nonfat milk solids, gelatin)",['dairy']
2377,"preservatives (sodium propionate, sodium benzoate, citric acid)",[]
2378,"all natural uncured turkey pepperoni (turkey, sea salt, natural cane sugar, spices, paprika, natural flavoring, garlic powder, lactic acid starter culture)",[]
2379,high oleic canola oil and/or soy bean oil with tbhq and citric acid added for freshness,['soybeans']
2380,dried fish flake,['fish']
2381,enriched wheat farina [farina,"['wheat', 'gluten']"
2382,contains 2% or less of corn syrup solids,[]
2383,benzoic acid (preservative),[]
2384,"fruit syrup (brown rice syrup, white grape juice)",[]
2385,"roasted hulled sunflower seeds (monounsaturated sunflower oil, salt. roasted cashew pieces (monounsaturated sunflower oil, salt",['tree nuts']
2386,natural & artificial flavors red 40,[]
2387,"filling: chicken broth (water, chicken broth powder [maltodextrin, chicken broth, salt, flavors])",[]
2388,sugar free chocolate drops [maltitol,[]
2389,"reduced fat ice cream (milk, cream, sugar, corn syrup, skim milk, whey, buttermilk, contains 2% or less of mono & diglycerides, carob bean gum, cellulose gum, carrageenan, vanilla extract, vitamin a palmitate)",['dairy']
2390,and disodium inosinate,[]
2391,contains 2% or less distilled vinegar,[]
2392,cocoa powder,[]
2393,less than 2% of: organic sugar,[]
2394,"contains less than 2% of: rehydrated pasteurized process nonfat mozzarella cheese (water, nonfat milk, cheese cultures, salt, enzymes, citric acid, vitamin a palmitate, vitamin b6, sodium aluminum phosphate, sodium citrate, sodium phosphate)","['dairy', 'wheat', 'gluten']"
2395,"2% or less of organic butter (organic cream, salt)",['dairy']
2396,enriched bleached wheat flour [wheat flour,"['wheat', 'gluten']"
2397,"anti-caking powder (corn starch, potato starch, cellulose, natamycin [a natural mold inhibitor])",[]
2398,"butter sauce (water, butter [cream, natural flavorings], modified corn starch, sugar, salt, canola oil, whey powder, xanthan gum, natural flavor)","['dairy', 'wheat']"
2399,eggs preserved with nisin preparation,['eggs']
2400,dehydrated green bell peppers,[]
2401,salt flour,[]
2402,ranch seasoning,[]
2403,blueberry flavor,[]
2404,contains less than 2%of sea salt,[]
2405,"vitamin a palmitate added), caramel creams (wheat flour",['wheat']
2406,chocolate flavored coating [sugar,[]
2407,hemp,[]
2408,natural flavors (contains peanut),['peanuts']
2409,"vegetable broth (water, vegetables1, [carrot1, celery1, onion1, tomato1], salt, yeast extract1, cane sugar1, soy sauce [water, soybeans1, salt, alcohol1], maltodextrin1, yeast extract, food starch1, vegetable juice concentrate1 [carrot1, celery1], onion powder1, garlic powder1, spices1, natural flavor)","['soybeans', 'celery']"
2410,stone ground organic corn masa,[]
2411,"elbows (red lentil flour, white rice, pea protein)",[]
2412,sugared egg yolks,['eggs']
2413,non-gmo corn syrup,[]
2414,contains 2% or less of: natural and artificial flavors,[]
2415,"worcestershire sauce (water, salt, vinegar, caramel color, propylene glycol, hydrolyzed vegetable protein (hydrolyzed soyprotein, caramel color, palm and/or sunflower oil) garlic, potassium sorbate (as a preservative), zanthum gum, artificial flavor, capsicum)",['soybeans']
2416,grade a miak,['dairy']
2417,coffee extract (decaf),[]
2418,"albacore tuna (solid white tuna, water) lettuce",['fish']
2419,partially hydrogenated vegetable oil (palm kernel and soybean oil),['soybeans']
2420,barley 1,[]
2421,[tilde]love,[]
2422,roasted red bell peppers,[]
2423,wheat cake flour,"['wheat', 'gluten']"
2424,potassium sorbate (to preserve freshness) and vitamin a palmitate,[]
2425,"flavor (natural flavor, maltodextrin, gum arabic)",[]
2426,pasteurized grade a milk,['dairy']
2427,contains 2% or less of: food starch-modified,[]
2428,aged pepper mash,[]
2429,yeast nitrients,[]
2430,beta carotene and caramel for color,[]
2431,roasted garlic seasoning,[]
2432,"sharp american cheese (cultured milk, water, cream, sodium phosphate, salt, artificial color, enzymes)",['dairy']
2433,5 live active cultures: s,[]
2434,capers wine vinegar,[]
2435,contains 2% or less of following: salt,[]
2436,salt and natural flavor,[]
2437,tripotassium,[]
2438,contains 2% or less of: cellulose gum,[]
2439,certified color (includes red #40 and blue #1),[]
2440,sodium nitrite in natural hog casings,[]
2441,turmeric powder1,[]
2442,"alla panna sauce (water, whole milk [with vitamin d3], heavy cream, parmesan cheese [pasteurized milk, cheese cultures, salt, enzymes], food starch-modified, canola oil, gum arabic, garlic, extra virgin olive oil, salt, whey protein concentrate, granular and parmesan cheese blend [pasteurized milk, cheese cultures, salt, enzymes], sodium caseinate, garlic powder, spice, dehydrated parsley, soy lecithin, natural flavor, citric acid, lactic acid)","['dairy', 'soybeans']"
2443,"sugars (corn maltodextrin, sugar)",[]
2444,"bleached enriched flour (wheat flour, niacin, reduced iron, thiamine mononitrate, riboflavin folic acid)","['wheat', 'gluten']"
2445,organic semolina,[]
2446,sprouted organic wheat kernels,['gluten']
2447,sodium benzoate (used toprotectquality),[]
2448,batter coating,[]
2449,acid,[]
2450,stevia extra,[]
2451,"chorizo (pork, maltodextrin, salt, paprika, water, citric acid, spices, sugar, wine, garlic, extractives of paprika, sodium erythorbate, sodium nitrite, natural smoke flavor)",[]
2452,"(quinoa, canola oil, salt, extra virgin olive oil)",[]
2453,topped with wheat bran,['wheat']
2454,fruit and vegetable juice concentrate (color),[]
2455,grilled red capsicum,[]
2456,predust [bleached wheat flour,['wheat']
2457,malodextrin,[]
2458,"green apples (ascorbic acid, calcium carbonate)",[]
2459,romano cheese made from cow's milk [part-skim milk,['dairy']
2460,organic freeze-dried blueberries,[]
2461,contains 2% or less of the following; potato starch,[]
2462,"organic juices (cucumber, pineapple, spinach, romaine lettuce, apple, kale, mango puree, mint)",[]
2463,"vegetable protein), spread (vegetable oil blend [soybean",['soybeans']
2464,potassium sorbate and sodium metabisulfite (preservatives)],[]
2465,cured with water,[]
2466,large cardamom,[]
2467,fire roasted tomato,[]
2468,blackcurrant juice concentrate,[]
2469,"vegetable shortening (palm oil, fully hydrogenated cottonseed oil)",[]
2470,sprayed with potassium sorbate to preserve quality,[]
2471,honey oat crisps: whole grain oats,[]
2472,acid (preservative),[]
2473,guar gum (natural thickener) and carrageenan (a natural stabilizer),[]
2474,"semisweet chocolate drops (sugar, chocolate, cocoa butter, dextrose, milk fat, soy lecithin, confectioner's glaze [ shellac, hydrogenated coconut oil])","['dairy', 'soybeans', 'shellfish']"
2475,"peanut butter (peanuts, partially hydrogenated vegetable oils [rapeseed, cottonseed, soybean])",['peanuts']
2476,aloe vera,[]
2477,"cheddar cheese (pasteurized milk, cheese cultures, salt, enzymes, annatto (color), powdered cellulose (anticaking]), rice, red bell peppers, onions, cream cheese (pasteurized milk and cream cheese culture, salt, guar gum, carob bean gum, xanthan gum), mayonnaise (soybean oil, water, egg yolks, distilled vinegar, contains 2% or less of: corn syrup, salt, spice, lemon juice concentrate, calcium disodium, edta [protects flavor]), soybean oil, modified food starch, dextrin, salt, dextrose, yeast, egg whites, dehydrated carrots, contains 2% or less of leavening (sodium bicarbonate, sodium acid pyrophosphate, sodium aluminum phosphate), natural and artificial flavor, dried torula yeast, wheat starch, spices (includes mustard flour), dehydrated onion, xanthan gum, sucralose, celery salt (salt, celery seed), red and black pepper, paprika, mustard (distilled vinegar, water, mustard seed, salt, turmeric, paprika, spice, natural flavor, garlic powder), peppers, vinegar, crystallized lemon (citric acid, lemon oil, lemon juice, ascorbic acid), maltodextrin, sodium tripolyphosphate (retains moisture), sodium bisulfite (preservative)","['dairy', 'eggs', 'wheat', 'mustard', 'celery']"
2478,"mozzarella cheese blend: mozaarella cheese substitute (water, palm oil, rennet casein [ milk protein], sodium aluminum phosphate, modified food starch, salt, lactic acid, natural flavor, sodium citrate, sorbic acid [preservative], enrichment blend [magnesium oxide, zinc oxide, ferric orthophosphate, vitamin a, palmitate, riboflavin, pyridoxine hydrochloride, niacinamide, thiamine mononitrate, vitamin b 12], low-moisture part-skim mozzarella cheese [pasteurized part-skim milk, cheese culture, salt, enzymes])",['dairy']
2479,natural lemon juice powder,[]
2480,silica,[]
2481,organic expeller pressed sunflower oil and/or organic expeller pressed safflower oil,[]
2482,"candy coated dark chocolate soynuts (dark chocolate [sugar, chocolate, cocoa butter], sugar, oil roasted soybeans [soybeans, soybean oil], corn syrup, artificial color [includes caramel color], gum arabic, confectioner's glaze [carnauba wax, beeswax])",['soybeans']
2483,"lemon juice powder (corn syrup solids, lemon juice solids, lemon oil, bht)",[]
2484,"garlic), extra virgin olive oil, garlic, salt, dextrose, parsley, modified corn starch, yeast extract, chili pepper, natural flavor",[]
2485,instant nonfat dry milk,['dairy']
2486,calcium disodium edta (retains product freshness.),[]
2487,"cooked bulgogi seasoned beef (beef, water, soy sauce [water, wheat, soybeans, salt], sugar, less than 2% of: rice starch, rice vinegar, roasted sesame seed oil, onion and garlic powder, spice, natural flavor)","['soybeans', 'wheat', 'sesame']"
2488,"imported pecorino romano cheese (pasteurized sheep's milk, cheese cultures, rennet, salt)",['dairy']
2489,"cheddar club cheese (cheddar cheese [cultured milk, salt, enzymes], water, salt, annatto color)",['dairy']
2490,"pistachio flavored pudding (sugar, dextrose, modified corn starch, sodium phosphate, tetrasodium pyrophosphate, mono- and diglycerides with citric acid, salt, nonfat dry milk, titanium dioxide [color], artificial flavor)",['dairy']
2491,organic almond flour,['tree nuts']
2492,"vegetable oil (corn, soybean, and/or sunflower)]",['soybeans']
2493,"dark chocolate (chocolate liquor, sugar, cocoa butter, vanilla)",[]
2494,apple vinegar powder,[]
2495,"enzyme modified parmesan cheese: (cultured milk, water, salt, enzymes)",['dairy']
2496,"sweetened lemon zest (lemon peel, sugar, lemon oil)",[]
2497,organic unrefined brown sugar,[]
2498,"organic cheddar cheese (organic milk, cheese cultures, salt, annatto color, enzymes)",['dairy']
2499,"roasted sunflower seeds (sunflower seeds, canola oil, salt)",[]
2500,lactose reduced non fat milk,"['dairy', 'lactose']"
2501,wild sockeye salmon,['fish']
2502,chicken leg meat,[]
2503,"honey bbq sauce (high fructose corn syrup, water, tomato paste, distilled white vinegar, molasses, honey, modified corn starch, salt, sugar, natural smoke flavor, sodium benzoate and potassium sorbate as preservatives, caramel color, mustard flour, garlic powder, onion powder, spices, natural honey flavor)",['mustard']
2504,locust bean gum and annatto,[]
2505,vitamin c ester,[]
2506,salmon (salmo salar),['fish']
2507,"caramel sauce (cream, cane sugar, tapioca syrup, butter, vanilla extract, sea salt)",['dairy']
2508,glycerine,[]
2509,"brownie (sugar, bleached enriched flour [wheat flour, niacin, reduced iron, thiamine mononitrate, riboflavin, folic acid], palm oil, cocoa [processed with alkali], water, soybean oil, corn syrup solids, dried egg whites, salt, emulsifier [propylene glycol monoester, mono and diglycerides, soybean oil, lecithin, bha, citric acid])","['eggs', 'wheat', 'soybeans']"
2510,"fontina cheese (pasteurized cow's milk, cheese culture, salt, enzymes)",['dairy']
2511,"not smoked provolone cheese (cultured pasteurized milk, salt, enzymes)",['dairy']
2512,margarine [partially hydrogenated soybean and cotton seed oils,['soybeans']
2513,sodium benzoate (used as a preservative),[]
2514,artificial coloring (grape contains red 40 & blue 1; orange contains yellow 6; blue punch contains blue 1; pina colada contains yellow 5 & yellow 6; banana contains yellow 5; lemon-lime contains blue 1 & yellow 5; peach contains yellow 5 & yellow 6; green apple contains yellow 5 & blue 1; strawberry contains red 40; watermelon contains red 40; mango contains yellow 6 and red 40; cherry contains red 40),[]
2515,"wheat flour enriched ([niacin, reduced iron, thiamine mononitrate, riboflavin, folic acid], malted barley flour)","['wheat', 'gluten']"
2516,"white fudge (sugar, partially hydrogenated palm kernel and palm oils, milk, nonfat milk, soy lecithin, artificial flavor)","['dairy', 'soybeans']"
2517,pork and beef,[]
2518,vegetable shortening (contains one or more of the following: palm oil and/or corn oil),[]
2519,roasted red onions,[]
2520,"chocolate flavored coating (sugar, modified vegetable fat [palm kernel and/or palm], cocoa powder, cocoa powder processed with alkali, soy lecithin, natural vanilla extract)",['soybeans']
2521,cooked organic thai jasmine white rice,[]
2522,"butter stabilizer (salt, organic corn starch, natural butter flavor, soy lecithin, xanthan gum, sunflower oil)","['soybeans', 'dairy']"
2523,"leavening (ammonium bicabonate, sodium bicabonate, monocalcium phosphate)",[]
2524,cooked organic pinto beans,[]
2525,oat and rice flours,[]
2526,"milk chocolate (sugar, cocoa butter, milk, cocoa liquor, soy lecithin and/or sunflower lecithin, vanilla)","['dairy', 'soybeans']"
2527,vitamin e (to maintain freshness),[]
2528,cooked white rice,[]
2529,and vitamin b12,[]
2530,and soy lecithin (an emulsifier),['soybeans']
2531,"(contains bleached wheat flour, niacin, reduced iron, thiamin mononitrate, riboflavin and folic acid)","['wheat', 'gluten']"
2532,fruit and vegetable juice (color)],[]
2533,italian beans,[]
2534,"bread crumbs (wheat flour, less than 2% of: palm oil, yeast, salt)","['wheat', 'gluten']"
2535,"vegetable oil (palm kernel, palm and soybean oil)",['soybeans']
2536,potassium sorbate and sodium hexametaphosphate (preservatives),[]
2537,"cheddar cheese blend (cheddar cheese [pasteurized milk, cheese cultures, salt, enzymes], maltodextrin, whey, buttermilk, salt, sodium phosphate, citric acid, yellow 6, lactic acid, turmeric extract [color])","['dairy', 'eggs']"
2538,sorbic acid (preservative) sodium citrate,[]
2539,"pretzels (unbleached enriched wheat flour (flour, niacin, reduced iron, thiamine mononitrate-b1, riboflavin-b2, folic acid], malt, salt, soybean and/or canola oil, and yeast), peppermint flakes (sugar, corn syrup, vegetable juice concentrate, caramel color, natural peppermint oil)","['wheat', 'gluten', 'soybeans']"
2540,"artificial colors (fd&c yellow #5 lake, fd&c red #40 lake, fd&c blue #2 lake)",[]
2541,"peanut butter flakes [powdered sugar (sugar, corn starch)",['peanuts']
2542,almonds and hazelnuts],['tree nuts']
2543,"dough conditioner (wheat flour, calcium sulfate, enzymes, ascorbic acid)",['wheat']
2544,"soy sauce (soybean, salt, wheat flour, sugar)","['soybeans', 'wheat', 'gluten']"
2545,"shaved parmesan (pasteurized milk, cheese culture, salt, calcium chloride, enzymes, egg white lysozyme)","['dairy', 'eggs']"
2546,turmeric black lava salt,[]
2547,"emulsifier (propylene glycol mono- and diesters of fats and fatty acids, soybean lecithin, citric acid [preservative])",['soybeans']
2548,"dill pickle relish (pickles, water, salt, distilled vinegar, calcium chloride, xanthan gum, alum, sodium benzoate [preservative], tumeric [color], natural flavors, polysorbate 80)",[]
2549,"brownie pieces (wheat flour, sugar, water, butter, cocoa (processed with alkali), soybean oil, corn starch, natural flavor, soy lecithin, salt)","['wheat', 'gluten', 'dairy', 'soybeans']"
2550,organic dried lavender,[]
2551,steam-pasteurized almonds,['tree nuts']
2552,contains 2% or less of: agar-agar,[]
2553,cocoa processed with alkali,[]
2554,hard salami ingredients: pork,[]
2555,"chocolate chips (sugar, chocolate liquor, cocoa butter, butterfat, soy lecithin, and vanilla)","['soybeans', 'dairy']"
2556,"grated parmesan cheese (pasteurized part-skim milk, cheese culture, salt, enzymes)",['dairy']
2557,dosa - potatoes,[]
2558,"pepperoncini peppers (peppers, water, vinegar, salt, citric acid, acetic acid, benzoate of soda, sodium metabisulfite {as a preservative}, fd&c yellow #5)",['**sulphites']
2559,"emulsifier blend (propylene glycol mono-and diesters of fats and fatty acids, mono- and diglycerides, sodium stearoyl lactylate)",[]
2560,bisulfate of soda (natural acidifier),[]
2561,liquid and partially hydrogenated soybean oil,['soybeans']
2562,ingredients: triple filtered purified water,[]
2563,topping: toasted sesame seeds,['sesame']
2564,wheat and barley extracts,"['wheat', 'gluten']"
2565,"white stilton cheese (pasteurized milk, salt, enzymes, dairy cultures)",['dairy']
2566,2% or less of modified food starch,[]
2567,pasteurized nonfat milk,['dairy']
2568,chicken wings,[]
2569,natural strawberry flavor with other natural flavors,[]
2570,"dark chocolate (sugar, chocolate liquor, cocoa butter, anhydrous milk fat, soy lecithin, vanilla)","['soybeans', 'dairy']"
2571,tomato paste sweets peppers,[]
2572,cherry (colored with fd&c red #3),[]
2573,"organic white chocolate (organic cocoa butter, organic whole milk powder, organic coconut crystals, organic vanilla extract)",['dairy']
2574,"raspberry color (fd&c red #40, potassium sorbate, blue #1)",[]
2575,dehydrated garlic],[]
2576,and other spices,[]
2577,"tabasco brand pepper sauce (distilled, vinegar, red pepper, salt)",[]
2578,"bleached enriched flour (flour, niacin, reduced iron, thiamine mononitrate, riboflavin, folic acid, ascorbic acid [dough conditioner])","['wheat', 'gluten']"
2579,liquid egg yolks,['eggs']
2580,"lemon powder (corn syrup, lemon juice, modified food starch, lemon oil with di-alpha tocopherol as a natural antioxidant) paprika",[]
2581,sicilian pistachios,['tree nuts']
2582,natural peach,[]
2583,"chili powder (chili pepper, cumin, salt, garlic powder, oregano)",[]
2584,canola and/or soybean oil with citric acid and tbhq added to preserve freshness,['soybeans']
2585,havarti cheese ingredients: pasteurized cow's milk,['dairy']
2586,"enriched wheat flour (bleached wheat flour, malted barley flour, niacin, reduced iron, thiamine mononitrate, riboflavin, folic acid)","['wheat', 'gluten']"
2587,celeriac juice concentrate,[]
2588,"spices (including paprika, black pepper, cinnamon and nutmeg)",[]
2589,titaniun dioxide,[]
2590,2% or less of the following: corn syrup,[]
2591,"seasoning (paprika, spices, canola oil, citric acid, natural flavor)",[]
2592,calcium carbonate (to maintain texture),[]
2593,"cream cheese (pasteurized milk and cream, cheese culture, salt, carob bean gum, guar gum)",['dairy']
2594,pea protein powder,[]
2595,white grape juice,[]
2596,"green olives (olives, water, salt and lactic acid)",[]
2597,"peanut butter drops (sugar, sustainable palm kernel oil, partially defatted peanut flour, nonfat dry milk, salt, soy lecithin)(milk)","['peanuts', 'dairy', 'soybeans']"
2598,onion and parsley,[]
2599,and confectioner glaze,[]
2600,dried pears (suplhur dioxide),['sulphur dioxide']
2601,white truffles (tuber magnatum pico)],[]
2602,less than 2% of: soy lecithin,['soybeans']
2603,"low-moisture part-skim mozzarella cheese (cultured pasteurized reduced fat milk, salt, enzymes)",['dairy']
2604,bartlett pears,[]
2605,cacao,[]
2606,modified corn starch; wonton strips: wheat flour,"['wheat', 'gluten']"
2607,"chickpea puffs (chickpea flour, white rice flour, potato starch, sea salt)",[]
2608,seasoning {potassium chloride,[]
2609,"blend of vegetable oils (palm, canola, sal, shea, mango, coconut)",[]
2610,ascorbic acid},[]
2611,"fruit [fruit juice from concentrate (organic apple, pineapple)",[]
2612,"pepperoni (pork, salt, pork stock, dextrose, spice extracts, lactic acid starter culture, sodium erythorbate, smoke flavor, dehydrated garlic, sodium nitrite, citric acid, smoke)",['dairy']
2613,"natural flavors (natural strawberry flavor, natural raspberry flavor, natural blackberry flavor)",[]
2614,contains less than 1% of: sodium citrate,[]
2615,color added (annatto extract & oleoresin paprika),[]
2616,ginger paste,[]
2617,apple puree,[]
2618,(vietnam),[]
2619,cheese culture and enzymes,['dairy']
2620,rehydrated green bell pepper,[]
2621,"blueberry flavored and colored fruit pieces (dried figs, corn syrup solids, modified food starch, sugar, dextrose, glycerin, blueberry juice concentrate, canola oil, artificial blueberry flavor, citric acid, blue 2 lake, red 40 lake)",[]
2622,enzymes}},[]
2623,organic sesame seeds cacao butter,['sesame']
2624,"colors (annatto, paprika, turmeric)",[]
2625,"natural flavors (cilantro, cumin, smoked garlic)",[]
2626,pork prepared with: water,[]
2627,non-gmo soy protein powder,['soybeans']
2628,"pepper jack cheese (pasteurized milk, red and green jalapeno peppers, cheese culture, salt, enzymes)",['dairy']
2629,torula yeast and natural flavor (including hickory smoke),[]
2630,"contains 2% or less of cheddar cheese (cultured pasteurized milk, salt, enzymes)",['dairy']
2631,"rice noodle ingredients: (rice flour, water, modified tapioca starch)",[]
2632,cocoa solids: 51% minimum,[]
2633,garlic oil,[]
2634,fully cooked hot ham capicola water added coated with dextrose,[]
2635,methyl cellulose (derived from the cellulose of vegetables),[]
2636,"polysorbate 80), pineapple pieces, cherries (cherries",[]
2637,"water scrambled eggs (pasteurized whole eggs, nonfat milk, soybean oil, modfied food starch, salt, xanthan gum, citric acid, butter flavor (maltodextrin, natural butter flavor, annatto and turmeric [added for color]), spice and/or liquid pepper extract)","['eggs', 'dairy', 'soybeans']"
2638,organic safe flower oil,[]
2639,demerara sugar,[]
2640,dried tomatoes,[]
2641,organic green beans,[]
2642,"lemon base (sugar, water, corn syrup, lemon juice concentrate, lemon extract)",[]
2643,periwinkle meat,[]
2644,"colors (fruit juice, paprika extract, spirulina extract, carmine)",[]
2645,fruit: organic sugar,[]
2646,licorice powder,[]
2647,"butter (cream [milk], natural flavor)",['dairy']
2648,mono and deglycerides,[]
2649,key lime juice concentrate,[]
2650,coconut with sodium metabisulfite (preserves whiteness),['sulphur dioxide']
2651,organic cashew nuts,['tree nuts']
2652,"enriched wheat flour (unbleached wheat flour, malted barley flour, niacin, iron [reduced iron], thiamine mononitrate, riboflavin, folic acid)","['wheat', 'gluten']"
2653,buttermilk(milk),['dairy']
2654,filberts/hazelnuts,['tree nuts']
2655,artificially flavored chocolate coating [sugar,[]
2656,consist of milk chocolate {sugar,['dairy']
2657,chablis white wine,[]
2658,sesame flour,['sesame']
2659,whole grain amaranth,[]
2660,"chocolate chips (unsweetened chocolate, sugar, cocoa butter, vanilla extract)",['**dairy']
2661,vegetable oil (soybean and/or canola oil),['soybeans']
2662,"pasteurized process swiss cheese product [swiss cheese (pasteurized milk, cheese culture, salt, enzymes)",['dairy']
2663,"leavening (monocalcium phosphate, sodium bicarbonate, ammonium bicarbonate)",[]
2664,natural and artificial flavor avitamins & minerals: calcium phosphate,[]
2665,"margarine (soybean oil, fractionated palm oil, water, salt, whey [milk], soy lecithin, monoglycerides, natural flavor, vitamin a palmitate, vitamin d3)","['dairy', 'soybeans']"
2666,"cookies (sugar, enriched flour [wheat flour, niacin, reduced iron, thiamin mononitrate, riboflavin, folic acid], vegetable oil [soybean, palm, palm kernel], cocoa [processed with alkali], invert sugar, yellow corn flour, chocolate, corn starch, salt, leavening [baking soda, monocalcium phosphate], whey, natural and artificial flavor, soy lecithin)","['wheat', 'gluten', 'soybeans', 'dairy']"
2667,"caesar dressing (soybean oil, water, parmesan & romano cheese made from cow's milk [cultured part-skim milk, salt, enzymes], vinegar, garlic, egg yolks, anchovy paste [anchovies {fish}, salt, defatted soy flour, water], salt, spices, olive oil, molasses, corn syrup, white wine, sugar, tartaric acid, citric acid, tamarind extract, natural flavor, xanthan gum)","['fish', 'dairy', 'eggs', 'soybeans']"
2668,baby red leaf,[]
2669,"asiago cheese (part skim milk, cheese cultures, salt, enzymes)",['dairy']
2670,probiotic (bacillus subtilis de111),[]
2671,organic corn,[]
2672,less than 2% of: habanero peppers,[]
2673,naturally occurring erythritol,[]
2674,"and salt; brownies (wheat flour, eggs, margarine (liquid soybean oil, partially hydrogenated soybean oil, water, salt, soy lecithin, natural flavor, vegetable mono- and diglycerides, colored with annatto and turmeric, vitamin a palmitate added, whey), milk, cocoa (processed with alkali), corn starch, natural and artificial flavor, baking powder, salt, soy lecithin, caramel color","['wheat', 'eggs', 'dairy', 'soybeans']"
2675,"chocolate chips (cocoa liquor, sugar, cocoa butter, cocoa powder)",[]
2676,passionfruit juicea1,[]
2677,"enriched pasta (durum wheat semolina, niacin, reduced iron, thiamine mononitrate, riboflavin, folic acid)","['wheat', 'gluten']"
2678,"cheese sauce (water, cultured milk, canola oil, cream, whey, modified food starch (tapioca and corn), sodium phosphates, (cheddar cheese (pasteurized milk, culture, salt, enzymes), water, disodium phosphate, natural flavors, anhydrous butter oil and zanthan gum), salt, lactic acid, sorbic acid (preservative), apo-carotenal color, enzymes)",['dairy']
2679,"cold brewed tea (filtered water, rose petals, hibiscus flower, rosemary, butterfly pea flower)",[]
2680,michigan red tart cherries,[]
2681,balinese sea salt,[]
2682,"nuts (walnuts, almonds)",['tree nuts']
2683,"hot and spicy seasoning (salt, spices, maltodextrin, autolyzed yeast extract, onion and garlic powder, dextrose, hyrolyzed corn protein, monosodium glutamate, oleoresin, paprika, yellow no.5 and 6 lake, caramel color and spice extractives)",[]
2684,organic paprika color,[]
2685,"contains live and active cultures (s. thermophilus, b. lactis, l. acidophilus, l. casei, l. rhamnosus, lactobacillus lactis, l. bulgaricus)",[]
2686,dried cream,['dairy']
2687,"spices (including chili pepper, paprika, cumin, oregano, and red pepper)",[]
2688,"organic chocolate chips (organic cane sugar, organic cocoa liquor, organic cocoa butter)",[]
2689,"lemon powder (contains corn syrup solids, lemon juice, lemon oil)",[]
2690,wakame,[]
2691,modified wheat starch and yellow 6,['**gluten']
2692,"doughnut (enriched wheat flour (wheat flour, niacin, reduced iron, thiamine mononitrate, riboflavin, folic acid), water, palm oil, sugar, soybean oil, blueberry flavored bits (sugar, corn syrup, corn cereal, modified food starch, palm oil, artificial flavor, citric acid, red 40 (lake), blue 2 (lake)). contains 2% or less of each of the following: egg yolks, soy flour, hydrogenated soybean oil, whey, sodium acid pyrophosphate, dextrose, sodium bicarbonate, salt, dried milk powder, artificial flavor, lecithin, sodium propionate (to maintain freshness), bht, cellulose gum, monoglycerides, propylene glycol monoesters); glaze (sugar, water, corn starch, palm oil, calcium sulfate and/or calcium carbonate, agar, dextrose, natural and artificial flavors, salt, disodium phosphate, locust bean gum and/or mono and diglycerides)","['wheat', 'eggs', 'dairy', 'soybeans']"
2693,"dark chocolate (cocoa mass, coconut blossom sugar, cocoa butter)",[]
2694,and calcium propionate (preservative),[]
2695,luo han guo (monkfruit) extract,[]
2696,(may contain sunflower oil or silicon dioxide as processing aids),[]
2697,"vegetable oil shortening (canola, palm and palm kernel oils)",[]
2698,"red and yellow sweet peppers (peppers, vinegar, water, salt, calcium chloride, sodium metabisulfite, sodium benzoate)",['sulphur dioxide']
2699,blueberry base [naturally milled cane sugar,[]
2700,live and active cultures,[]
2701,organic purple carrot juice concentrate,[]
2702,organic blessed thistle powder,[]
2703,water and modified corn starch product caramel color added,[]
2704,less than 1% of soy lecithin,['soybeans']
2705,32% (milk chocolate) minimum,['dairy']
2706,organic corn masa flour,[]
2707,"seasoning (sugar, salt, fructose, maltodextrin, onion powder, spice, dehydrated cheddar cheese (milk, salt, cheese cultures and enzymes), paprika, tomato powder, whey, extractives of annatto, dehydrated parsley, garlic powder, lactic acid, disodium phosphate, malic acid, fd&c yellow #5, extractives of turmeric, fd&c yellow #6, spice extractive, natural hickory smoke flavor)","['dairy', 'soybeans']"
2708,"low fat cultured buttermilk (cultured low fat milk, milk, sodium citrate, vitamin a palmitate)",['dairy']
2709,organic whey protein concentrate,['dairy']
2710,contains 2% or less of:natural & artificial flavors,[]
2711,raspberry swirl: raspberry puree,[]
2712,"sweet chocolate powder (18%) (sugar, cocoa powder processed with alkali, cacao fat, soy lecithin: an emulsifier)","['soybeans', 'dairy']"
2713,vegetables: green leaf lettuce,[]
2714,"guajillo pepper puree (water, guajillo chile, apple cider vinegar)",[]
2715,organic jalapeao pepper,[]
2716,and extractives of paprika,[]
2717,"cheese powder (cultured milk, salt, enzymes)",['dairy']
2718,"color (red 40 lake, blue 2 lake, soy lecithin)",['soybeans']
2719,"macaroni and cheese (blanched enriched macaroni [water, semolina, egg whites, niacin, ferrous sulfate, thiamin mononitrate, riboflavin, folic acid], skim milk, american cheese spread [cheddar and colby cheese {pasteurized milk, cheese culture, salt, enzymes}, water, whey, sodium phosphate, whey protein concentrate, skim milk, milkfat, salt, carrageenan, cellulose gum], red peppers, cheese sauce [cheddar cheese {pasteurized milk, cheese culture, salt, enzymes}, water, milkfat, whey, enzyme modified cheese {pasteurized milk, water, sodium phosphate, milkfat, salt, cheese culture, enzymes}, sodium phosphate, modified food starch, salt, lactic acid, sodium alginate, sorbic acid {preservative}], margarine [palm oil, soybean oil, water, salt, vegetable mono & diglycerides, soy lecithin, sodium benzoate {a preservative}, citric acid, natural & artificial flavor, vitamin a palmitate added, beta carotene {color}, whey], neufchatel cheese [pasteurized milk and cream, cheese cultures, salt, stabilizers {xanthan and/or carob bean and/or guar gums}], 2% or less of soybean oil, green onions, modified cornstarch, salt, bleached enriched wheat flour [wheat flour, niacin, reduced iron, thiamin mononitrate, riboflavin, folic acid], seasoning [cheddar and monterey jack cheeses {cultured milk, salt, enzymes}, whey, soybean oil, salt, maltodextrin, sour cream {cultured cream, nonfat milk}, natural flavor, disodium phosphate, cultured whey, citric acid, lactic acid, annatto], roasted red bell pepper puree, maltodextrin, spices, onion puree, jalapenos [jalapenos, vinegar, salt, natural flavor], mono- and diglycerides, corn oil, olive oil, sugar, molasses, carrot puree, celery, dried onions, palm oil, autolyzed yeast extract, garlic puree, vinegar, xanthan gum, guar gum, lactic acid, calcium lactate, disodium inosinate, disodium guanylate, smoke flavoring)","['dairy', 'wheat', 'soybeans']"
2720,"smoked sausage (pork, less than 2% of: salt, chopped parsley, cane sugar, spices, celery powder (celery powder, sea salt), vinegar, citric acid, roasted garlic, palm oil, natural flavors. made with beef collagen casing [caramel color, carmine], cheddar cheese crisp (cheddar cheese [pasteurized milk, cheese cultures, salt, enzymes, annatto {color}, vitamin a palmitate])","['dairy', 'celery']"
2721,high oleic safflower oil canola oil,[]
2722,"chocolate flavored pieces (sugar, hydrogenated palm kernel and palm oil, cocoa processed with alkali, cocoa, soy lecithin, pgpr, artificial flavor, milk)","['soybeans', 'dairy']"
2723,nisin (natural preservative),[]
2724,"yellow sprinkles: icing sugar (sugar, cornstarch)",[]
2725,potassium sorbate and sodium metabisulfite (to maintain freshness),"['sulphur dioxide', 'sulphites']"
2726,sodium tripolyphosphate (to retain moisture),[]
2727,"mojo sauce (water, onion, salt, garlic [garlic, citric acid], orange juice concentrate, modified food starch, lime juice concentrate, extra virgin olive oil, canola oil, sugar, red wine vinegar, cilantro, spices, dehydrated garlic, xanthan gum)",[]
2728,"contains 2% or less of: leavening (sodium bicarbonate, sodium aluminum sulfate, corn starch, monocalcium phosphate and/or sodium acid pyrophosphate, calcium sulfate)",[]
2729,"vegetable oil (almond, canola and/or safflower) and sea salt",['tree nuts']
2730,mono & diesters,[]
2731,"tofu (water, soybean, glucono delta lactone, calcium sulfate)",['soybeans']
2732,l-arginine (amino acid),[]
2733,"organic six grains mix (organic hulled millet, organic brown flax, organic cracked barley, organic cracked rye, organic cracked corn, organic cracked wheat)",['gluten']
2734,"milton's gluten free blend (cassava flour, brown rice flour, sorghum flour, brown rice, potato starch, quinoa flour)",[]
2735,carrot (8%),[]
2736,milk chocolate caramel turtles: sugar,['dairy']
2737,canola oil and/or sunflower oil and/or safflower oil,[]
2738,oleoresin of paprika lactic acid starter culture,[]
2739,contains 2% or less of: enzymes,[]
2740,organic sprouted khorasan flour,['gluten']
2741,"organic grain & seed blend (organic flax, organic millet, organic brown rice, organic quinoa, organic amaranth)",[]
2742,kale 1,[]
2743,organic tapioca starch (imo syrup),[]
2744,"filling (beef, water, potato starch, oat fiber, salt, black pepper)",[]
2745,"spices (black pepper, thyme, parsley)",[]
2746,"rubbed with: seasoning (spices, salt, dried onion, dried garlic, lime and lemon flavor [corn syrup solids, lime juice, lemon juice, natural flavor], sugar, citric acid, turmeric extract [color], smoke flavor, grill flavor [from sunflower oil])",[]
2747,"enriched wheat flour (wheat flour, malted barley flour, niacin, iron, thiamin mononitrate)",['wheat']
2748,less than 1,[]
2749,organic invert sugar syrup,[]
2750,colored with beta carotene,[]
2751,organic spice packet (organic dried red chili peppers),[]
2752,chocolate malt base [corn syrup,[]
2753,"curry paste (lemongrass, spices, garlic, shallot, salt, kaffir lime peel, turmeric)",[]
2754,"smoke seasoning (dextrose, salt, natural smoke aroma)",[]
2755,fire roasted edamame,['soybeans']
2756,contains live and active cultures,[]
2757,"seasoning (salt, spices, garlic powder, beef flavor)",[]
2758,brandy <0,[]
2759,less than 2% - citric acid,[]
2760,vegetable fiber (bamboo fiber),[]
2761,coconut syrup,[]
2762,"pot roast seasoning (spices including paprika, salt, dehydrated vegetables, [garlic onion, parsley], silicon dioxide [to prevent caking])",[]
2763,beef stick bites: beef,[]
2764,sodium ascorbate (preserves freshness),[]
2765,hot sauce,[]
2766,ada,[]
2767,spices including paprika,[]
2768,potassium sorbate (e202) (to preserve freshness),[]
2769,buttermilk (milk),['dairy']
2770,thickener: xanthan gum,[]
2771,"contains less than 1% of: chicken flavor (dextrose, salt, autolyzed yeast extract, hydrolyzed soy protein, sugar, hydrolyzed corn gluten, partially hydrogenated soybean oil, natural flavor, disodium inosinate, disodium guanylate, onion powder, carrot powder, citric acid, ascorbic acid, lactose)","['soybeans', 'lactose']"
2772,artichoke hearts,[]
2773,organic cold-pressed virgin coconut oil,[]
2774,reduced iron,[]
2775,and less than 2% of the following: potassium lactate,[]
2776,"natural and artificial flavor cracker meal (enriched flour containing niacin, reduced iron, thiamine fd&c red #40, fd&c red #3 and 0. 1% propylparaben as preservative)",['wheat']
2777,"parmesan and asiago cheese (cultured milk, salt, enzymes)",['dairy']
2778,"colors (red 3, blue 1, blue 1 lake, red 40 lake, yellow 5 lake)",[]
2779,"egg white powder (egg solids, citric acid, sodium tripolyphosphate, carrageenan, crab flavor (glycerine, water, ethanol, crab flavor, dimethyl sulfide, caramel color), crab extract (crab extract, dextrin, salt, glycine, sugar, monosodium l glutamate, dl-alanine, disodium 5 inosinate, disodium succinate, crab flavor, xanthan gum), carmine color, titanium dioxide (color), paprika color",['eggs']
2780,dehydrated parsley and flavoring,[]
2781,sweet potato puree,[]
2782,artichoke bottoms,[]
2783,zinc oxide (zinc source),[]
2784,(drink) lowfat milk,['dairy']
2785,"white chocolate coating (sugar, partially hydrogenated vegetable oil [palm kernel and/or cottonseed], skim milk powder, cocoa, vanilla, sorbitan tristerate [an emulsifier], soy lecithin [an emulsifier], natural and artificial flavors and salt, graham coating enriched flour (wheat flour, niacin, reduced iron, thiamin mononitrate (vitamin b1), riboflavin (vitamin b2), folic acid), high fructose corn syrup, whole wheat flour, vegetable oil (soybean, palm, and palm kernel oil), contains 2% or less of baking soda, salt, honey","['dairy', 'wheat', 'soybeans']"
2786,modified food starch (from corn and tapioca),[]
2787,"milk chocolate ( sugar, cocoa butter, dry whole milk, chocolate liquor, milk solids,dry nonfat milk, soy lecithin (emulsifier), artificial flavor-vanillin","['dairy', 'soybeans']"
2788,basil leaves,[]
2789,broad spectrum hemp oil,[]
2790,"grilled white meat chicken (cooked chicken breast with rib meat, chicken broth, contains less than 2% corn starch, salt, and natural flavors)",[]
2791,"baking powder (monocalcium phosphate, potato starch, potassium bicarbonate as leavening agent)",[]
2792,"preservatives (sorbic acid, sodium propionate)",[]
2793,"yeast nutrients (monocalcium phosphate, ammonium sulfate)",[]
2794,"chocolate flavored confectionery coating (sugar, palm oil and palm kernel oil, cocoa powder [processed with alkali], whey [milk], soy lecithin [an emulsifier], vanilla powder, dextrose)","['dairy', 'soybeans']"
2795,contains 2% or less of the following: garlic puree,[]
2796,dried apple pieces,[]
2797,pectin fumaric acid,[]
2798,liquid caramel (natural color),[]
2799,"contains 2% or less of beef base (cooked beef with beef juices, salt, hydrolyzed vegetable protein (soy, corn), hydrolyzed soy protein, sugar, yeast extract, beef fat, caramel color, flavoring)",['soybeans']
2800,"sriracha (chili, sugar, salt, garlic, distilled vinegar, potassium sorbate, sodium bisulfite [preservative], xanthan gum)",[]
2801,"dough conditioners (monoglycerides, datem)",[]
2802,"key lime puree (water, key lime juice concentrate, lime pulp cells, lime oil)",[]
2803,less than 2% of nonfat milk,['dairy']
2804,organic sprouted spelt,[]
2805,refinery sucrose,[]
2806,wrapper: wheat flour,"['wheat', 'gluten']"
2807,"artificial colors (fd&c red 40 lake, blue 1 lake)",[]
2808,sodium ciitrate,[]
2809,cream cheese powder,['dairy']
2810,"seasoning (water, flavor, maltodextrin, salt, caramel color, less than 2% of lactic acid, enzyme modified cream)",['dairy']
2811,"organic whole wheat tortilla (organic whole wheat flour, organic wheat flour, water, less than 2% of: organic avocado oil, organic wheat gluten, organic guar gum, monocalcium phosphate, sodium bicarbonate)","['wheat', 'gluten']"
2812,"aged cheddar cheese (cultured milk, salt, enzymes)",['dairy']
2813,"whole grains (gluten free oats, brown rice, millet, gluten free oat flour, amaranth, buckwheat, quinoa)",['**gluten']
2814,fd&c blue #1 aluminum lake,[]
2815,peanut oil salt,['peanuts']
2816,"organic soymilk (filtered water, whole organic soybeans)",['soybeans']
2817,"red curry paste (tomato puree, canola oil, salt, red bell pepper puree, spices, corn starch, garlic powder, brown sugar, natural flavor, turmeric, onion powder, citric acid, cayenne pepper, xanthan gum)",[]
2818,citric acid and sodium benzoate (preservative),[]
2819,dairy whey,['dairy']
2820,freshness protected by sodium acid pyrophosphate and sodium bisulfite,[]
2821,"contains less than 2% of the following: leavening (sodium acid pyrophosphate, baking soda, mono- calcium phosphate)",[]
2822,gummies: glucose syrup,[]
2823,sulfur dioxide and sodium bisulfite (added as preservatives),"['sulphur dioxide', 'sulphites']"
2824,durum whole wheat semolina,['**gluten']
2825,natural blueberry flavor,[]
2826,pre-cooked whole grain long rice,[]
2827,"enriched wheat flour (wheat flour, malted barley flour, niacin, reduced iron, thiamine mononitrate [b1], riboflavin [b2], folic acid)","['wheat', 'gluten']"
2828,natural flavors (including raspberry),[]
2829,"contains 2% or less: preservatives (sodium benzoate, sodium propionate, citric acid)",[]
2830,"vanilla extract (water, ethyl alcohol, vanilla bean extractives)",[]
2831,fresh okra,[]
2832,hot pepper flavor,[]
2833,crisp rice with sugar,[]
2834,palm and soybean and/or canola oil shortening,['soybeans']
2835,turmeric powder pico de gallo: tomato,[]
2836,organic annatto,[]
2837,tumeric extract,[]
2838,eco-farmed white arborio rice,[]
2839,"organic soy sauce (water, organic soybeans, salt, organic wheat, organic alcohol)","['soybeans', 'wheat', 'gluten']"
2840,"minced pimento (pimento, sodium alginate, guar gum, calcium chloride, potassium sorbate (preservative))",[]
2841,"buttercrisp crackers (enriched flour [wheat flour, niacin, reduced iron, thiamine mononitrate {vitamin b1}, riboflavin {vitamin b2}, folic acid], canola oil with tbhq for freshness, sugar, contains 2% or less of salt, corn syrup, leavening [baking soda, sodium acid pyrophosphate, monocalcium phosphate], butter [cream {milk}, salt], soy lecithin)","['wheat', 'gluten', 'dairy', 'soybeans']"
2842,organic concentrated apple juice,[]
2843,"milk chocolate (sugar, milk, cocoa butter, unsweetened chocolate, soy lecithin (emulsifier), natural flavor)","['dairy', 'soybeans']"
2844,wheat english muffin: water,"['wheat', 'gluten']"
2845,contains less than 2% of: extractive of lemon,[]
2846,"chocolate chips (sugar, chocolate liquor, cocoa butter, dextrose, soy lecithin, artificial flavor)",['soybeans']
2847,soy lecithin (emulsifer),['soybeans']
2848,"pecorino romano cheese (pasteurized sheep's milk, salt. cheese cultures, enzymes)",['dairy']
2849,turmeric oleoresin (for color),[]
2850,milk and vitamin d3,['dairy']
2851,"cayenne pepper), flour tortilla (enriched unbleached flour [wheat flour",['wheat']
2852,"organic raspberry puree (organic raspberries, organic raspberry flavor, organic evaporated cane juice, natural fruit pectin, lactic acid)",[]
2853,whole mandarin orange segments,[]
2854,prepared cabbage,[]
2855,black carrot extract (color),[]
2856,contains 2% or less of the following rice dextrin,[]
2857,absorbic acid,[]
2858,guar gum],[]
2859,"caramel (maltitol syrup, nonfat milk, palm kernel oil, cream, glycerin, butter [cream and salt], salt, sodium phosphate, carrageenan, natural and artificial flavors, and soy lecithin)","['dairy', 'soybeans']"
2860,"gumbo roux seasoning: wheat flour (unbleached wheat flour, niacin, reduced iron, thiamine mononitrate, riboflavin, folic acid)",['wheat']
2861,organic mct oil,[]
2862,organic freeze-dried mangos,[]
2863,"seasoned breadcrumbs (enriched flour [wheat flour, niacin, reduced iron, thiamin mononitrate, riboflavin, folic acid], dehydrated garlic, tomato powder, spice, dextrose, onion powder, maltodextrin, citric acid, dehydrated parsley, corn syrup, sugar, citric acid, yeast, sodium stearoyl lactylate, calcium propionate [preservative])",['wheat']
2864,"red pepper (diced red peppers, citric acid, salt, sugar, water)",[]
2865,proplene glycol mono-and diesters of fats and fatty acids,[]
2866,cane fibre,[]
2867,biscuit: corn flour,[]
2868,"preservatives (sodium benzoate, sodium erythorbate, sodium nitrate)",[]
2869,basmati rice (24%),[]
2870,smoked provolone cheese ingredients: pasteurized cow milk,['dairy']
2871,culantro,[]
2872,chocolate cookie swirl [soybean oil,['soybeans']
2873,pumpkin flour,[]
2874,"organic parmesan cheese (pasteurized organic milk, cheese cultures, sea salt, microbial enzymes)",['dairy']
2875,cashews: canola oil,['tree nuts']
2876,vitamin e (acetate) natural zinc amino acid chelate,[]
2877,enriched wheat flour bleached,['wheat']
2878,rice noodle: rice,[]
2879,"meatballs (beef, pork, water, breadcrumbs [enriched wheat flour {wheat flour, niacin, ferrous sulfate, thiamine mononitrate, riboflavin, folic acid}, dextrose, salt, yeast, soybean oil], textured soy protein [soy flour, caramel color], soy protein concentrate, salt, soy protein isolate, potassium chloride, natural flavor, spice extract, caramel color)","['soybeans', 'wheat']"
2880,"red velvet cupcake (icing sugar [sugar, corn starch], sugar, cream cheese [cream, nonfat milk, salt, locust bean gum, bacterial culture)",['dairy']
2881,"pudding mix (sugar, dextrose, food starch-modified, sodium and potassium phosphates, non fat dry milk, artificial flavor, partially hydrogenated soybean and cotton seed oils, mono- and diglycerides)","['dairy', 'soybeans']"
2882,"seasoning (sugar, salt, spices, maltodextrin, dehydrated garlic, dehydrated onion, natural flavorings, extractives of paprika, dehydrated lemon juice)",[]
2883,paprika(color),[]
2884,contains 2% or less of mint flavor,[]
2885,"ingredients: confectionery coating (sugar, palm kernel oil, reduced mineral whey powder, nonfat dry milk, whole milk powder, soy lecithin, salt, natural flavor)","['dairy', 'soybeans']"
2886,and/or sunflower oil,[]
2887,calcium fumarate,[]
2888,organic fruit and vegetable juices (for color),[]
2889,"vegetable oil (sunflower, and/or corn, and/or canola)",[]
2890,choline bitratrate,[]
2891,pickles and olives; sauce (39%): water,[]
2892,lemongrass powder,[]
2893,medium chain triglycerides oil (mct),[]
2894,organic cinnamon bark,[]
2895,hummus: water,[]
2896,"artificial colors (including extractives of annatto, red 40 lake, yellow 6, yellow 5, yellow 5 lake, yellow 6 lake)",[]
2897,red bell pepper & natural flavor,[]
2898,modified corn and potato starch,[]
2899,colored with beta carotene (source of vitamin a),[]
2900,organic ashwagandha powder,[]
2901,pea beans,[]
2902,"hershey's semi-sweet chocolate chips (sugar, chocolate, cocoa butter, milk fat, soy lecithin, vanillin, artificial flavor, milk)","['dairy', 'soybeans']"
2903,red pimentos,[]
2904,"white confectionery coating (sugar, palm kernel oil, nonfat milk powder, lactose, titanium dioxide [color], soy lecithin, distilled mono-glycerides, vanilla)","['dairy', 'lactose', 'soybeans']"
2905,"mustard oil (spice, sunflower oil)",['mustard']
2906,and nutmeg,[]
2907,"grana padano cheese (mlk, salt, enzymes, egg white lysozyme)","['dairy', 'eggs']"
2908,steviol glycosides as a sweetener,[]
2909,"white miso (fermented soybeans, rice, salt, modified tapioca starch)",['soybeans']
2910,"white chocolate (sugar, cocoa butter, whole milk powder, nonfat milk powder, soy lecithin, vanilla and natural flavor)","['dairy', 'soybeans']"
2911,"soy sauce (fermented soybeans, wheat and salt)","['soybeans', 'wheat']"
2912,contains less than 2% of high oleic canola oil and/or soybean oil,['soybeans']
2913,extract of turmeric (for color),[]
2914,strawberry swirl [strawberry puree,[]
2915,dried apricots (product of turkey),[]
2916,"crust (wheat flour, water, soybean oil, sugar, palm oil, contains 2% or less of salt, yeast, cultured whey, whey, vinegar, soy lecithin, ascorbic acid, folic acid, niacin, riboflavin, thiamine mononitrate, enzymes, reduced iron [ferrous sulfate], sodium aluminum phosphate, sodium bicarbonate, may contain malted barley flour, wheat starch, canola oil, and corn starch)","['wheat', 'soybeans']"
2917,vegetable oil (palm),[]
2918,carbohydrate gum,[]
2919,potassium sorbate and sodium benzoate (to keep freshness),[]
2920,"crust (wheat flour, water, soybean oil, palm oil [with natural flavor colored with beta carotene], cultured wheat starch, yeast, dextrose, salt, white corn meal, citric acid, l-cysteine)","['wheat', 'soybeans']"
2921,mirin (rice wine contains yeast),[]
2922,hydrolyzed corn protein (hydrolyzed corn protein with sunflower oil added),[]
2923,"key lime puree (water, lime juice concentrate, pulp cells, lime oil)",[]
2924,almonds cashews,['tree nuts']
2925,"dry honey powder (refinery sugar, honey)",[]
2926,oat extract,[]
2927,may contain sesame seed and/or poppy seeds,['**sesame']
2928,"peach puree (peaches, ascorbic acid, citric acid)",[]
2929,contains 2% or less of mono and diglycerides,[]
2930,"roasted garlic puree (garlic, evaporated cane syrup)",[]
2931,ergocalciferol (vitamin dz),[]
2932,herb sachet: thai coriander leaf rice noodles: rice flour,[]
2933,textured wheat protein,['wheat']
2934,tomato fiber,[]
2935,organic butterfat,['dairy']
2936,disodium phosohate,[]
2937,"red jalapeno puree (red jalapeno peppers, salt, acetic acid and natural flavor)",[]
2938,spices)],[]
2939,vegetables: potatoes,[]
2940,sodium carbonate acid,[]
2941,"seasoned bread crumbs (enriched flour {wheat flour, niacin, reduced iron, thiamine mononitrate, riboflavin, folic acid}, dehydrated garlic, tomato powder, spice, salt, dextrose, onion powder, maltodextrin, dehydrated parsley, corn syrup, sugar, citric acid, yeast, sodium stearolyl lactylate, calcium propionate [preservative])",['wheat']
2942,"enriched unbleached wheat flour (wheat flour, malted barley flour, ferrous sulfate, niacin, thiamine mononitrate, riboflavin, and folic acid)",['wheat']
2943,water whey,['dairy']
2944,peanut butter drops: sugar,['peanuts']
2945,safflower and/or sunflower and/or canola oil,[]
2946,"banana chips (bananas, coconut oil)",['tree nuts']
2947,ingredients: chicken,[]
2948,"enriched wheat flour (flour, niacin, reduced iron, thiamine hydrochloride, riboflavin, folic acid)",['wheat']
2949,"crust (enriched wheat flour [with niacin, iron, thiamine, riboflavin, folic acid], palm oil, water, whole eggs, salt)","['wheat', 'eggs']"
2950,beef stock,[]
2951,"unbleached flour (milled wheat, malted barley flour)","['wheat', 'gluten']"
2952,"bread crumbs (wheat flour, sugar, yeast, soybean oil, salt)","['wheat', 'gluten']"
2953,"seasoned cooked beef steak and binder product (beef, water, contains 2% or less of: caramel color, dextrose, seasoning [natural flavor, salt, maltodextrin, dried whey, dried cauliflower, sesame oil], modified corn starch, potassium chloride, potassium phosphate, salt, sodium phosphates, spice extractives)","['dairy', 'sesame']"
2954,dill pickle mix,[]
2955,sodium metabisulphite (as preservative),"['sulphur dioxide', 'sulphites']"
2956,"artificial colors (yellow 6 lake, blue 1 lake, red 40 lake)",[]
2957,"mushroom sauce (water, parmesan cheese [pasteurized part-skim milk, cheese cultures, salt, enzymes], heavy cream [pasteurized heavy cream, carrageenan], mushroom base [sauteed mushrooms, organic maltodextrin, olive oil, yeast extract, salt, mushroom concentrate, organic cane sugar, onion powder, natural flavor {oleoresin black pepper}], onion, butter [pasteurized cream {milk}], vegetable base [cooked vegetables {carrot, onion, celery}, salt, sugar, corn oil, potato flour, carrot powder], soy sauce [water, soybeans, salt, sugar], modified food starch, canola oil, parsley, garlic, porcini mushroom powder, white wine [contains sulfites], sea salt, lecithin [soy], xanthan gum, black pepper white pepper)","['dairy', 'soybeans', 'sesame']"
2958,"uncured beef cocktail frank with no nitrates or nitrites added except for naturally occurring nitrates or nitrites found in celery powder and sea salt (beef, water, sea salt, honey, natural spices, celery powder, evaporated cane juice, natural flavorings, paprika, salt)",['celery']
2959,contains 2% or less of: soy protein concentrate,['soybeans']
2960,riboflavin and folic acid,[]
2961,"blueberry flavored filling (sugar, corn syrup, blueberry puree, glycerin, water, apple powder, pectin, xanthan gum, sodium alginate, sodium citrate, mono- and diglycerides, citric acid, malic acid, dicalcium phosphate, natural flavor, black carrot juice from concentrate [color])",[]
2962,"coconut (coconut, sodium metabisulfite)","['tree nuts', 'sulphur dioxide', 'sulphites']"
2963,"artificial colors (yellow 5, titanium dioxide, yellow 6, red 40, blue 1)",[]
2964,organic whole wheat elbow macaroni (organic whole wheat flour),"['wheat', 'gluten']"
2965,white tablet candy: dextrose,[]
2966,"enriched bleached wheat flour (flour, niacin, iron, thiamine mononitrate, riboflavin, folic acid)","['wheat', 'gluten']"
2967,"enriched bleached wheat flour (flour, niacin, ferrous sulfate, thiamine, riboflavin and folic acid)","['wheat', 'gluten']"
2968,vegetable oil (peanut and/or cottonseed and/or palm oil),['peanuts']
2969,contains less than 2%: onion powder,[]
2970,organic graham flour,[]
2971,vegetable oil (canola/sunflower),[]
2972,"chocolate drops (sugar, palm kernel oil, cocoa powder, soy lecithin, sorbitan tristearate)",['soybeans']
2973,soy lecithin and vanilla,['soybeans']
2974,100% ground roasted sesame seeds & love!,['sesame']
2975,organic whole grain brown rice,[]
2976,"seasoning (corn maltodextrin, salt, modified whey, dextrose, torula yeast, onion powder, jalapeno pepper, spices, garlic powder, potassium chloride, green bell pepper, nonfat dry milk, yeast extract, extractives of paprika, natural flavor, contains 2% or less of calcium silicate and silicon dioxide added as anti-caking agents)",['dairy']
2977,1% acidity (41 grain),[]
2978,organic cabbage,[]
2979,"cooked ravioli: spinach and artichoke ravioli (filling [spinach, low fat ricotta {whey, milk, cream, vinegar}, artichokes, bread crumb {wheat flour, cane sugar, yeast, salt}, light cream, milk, low moisture part skim mozzarella cheese {cultured part skim milk, salt, enzymes}, parmesan cheese {cultured part skim milk, salt, enzymes}, 2% or less of cornstarch, garlic, rice starch, water, wheat flour, salt, black pepper, canola oil, brown sugar], pasta [durum wheat flour, water, eggs])","['dairy', 'wheat', 'gluten', 'eggs']"
2980,interesterified soybean oil shortening,['soybeans']
2981,"breadstick (malted wheat flour (malted barley flour), water, cultured wheat, enriched wheat flour (wheat flour, malted barley flour, niacin, reduced iron, thiamine mononitrate, riboflavin, folic acid), salt, dextrose, gum acacia, corn syrup solids, cellulose gum, mono and diglycerides, soybean oil, ascorbic acid, enzymes, yeast, dehydrated garlic, sugar, soybean oil, dough conditioner (malt extract, inactive yeast, enzymes, enriched wheat flour [wheat flour, niacin, reduced iron, thiamine mononitrate, riboflavin, folic acid]), parsley, guar gum, sorbic acid, natural flavors, enzymes, soy flour (soy flour, soybean oil, soy lecithin))","['wheat', 'gluten', 'soybeans']"
2982,"merlot bellavitano cheese [bellavitano cheese (pasteurized milk, cheese cultures, salt, enzymes)",['dairy']
2983,"cooked enriched pasta (water, enriched wheat flour [durum wheat semolina, niacin, ferrous sulfate {iron}, thiamine mononitrate, riboflavin, folic acid], soybean oil, dried egg whites)","['dairy', 'eggs', 'wheat', 'gluten']"
2984,cured with: water,[]
2985,"mayonnaise (soybean oil, water, egg yolks, vinegar, high fructose corn syrup, salt, mustard, calcium disodium edta to protect flavor)","['soybeans', 'eggs', 'mustard']"
2986,and water,[]
2987,"provolone cheese (pasteurized milk, cheese cultures, salt and enzymes)",['dairy']
2988,raspberry puree concentrate,[]
2989,cultured nonfat buttermilk,['dairy']
2990,dried crushed red chili,[]
2991,vitamin b6 [pyridoxine hydrochloride],[]
2992,"caramel dip (maltodextrin, high fructose corn syrup, corn syrup, water, canola oil, skim milk powder blend [dairy whey, sodium caseinate, skim milk powder], modified corn starch, molasses, disodium phosphate, natural and artificial flavors, salt, polysorbate 60,potassium sorbate and sodium benzoate [to protect quality], carrageenan, sucralose, artificial color, sugar, calcium disodium edta [to protect quality])","['dairy', 'sulphur dioxide', 'sulphites']"
2993,probiotic and enzyme blend: bacillus coagulans 1 billion cfuss,[]
2994,"leavening (sodium acid pyrophosphate, baking soda, monocalcium phosphate, sodium aluminum sulfate)",[]
2995,baby red oak lettuce,[]
2996,tahitian vanilla bean,[]
2997,"5% - cheese blend (bakers, cheddar, parmesan, romano [milk, cultures, salt, enzymes, annatto color])",['dairy']
2998,"organic hard sourdough pretzels (organic wheat flour, salt, organic expeller pressed sunflower seed oil, organic brown rice syrup, organic barley malt, yeast, baking soda [sodium bicarbonate])","['wheat', 'gluten']"
2999,organic sprouted rye,[]
3000,whole trade organic baobab fruit,[]
3001,"icing (titanium dioxide [color], shellac, propylene glycol, ammonium hydroxide, hydroxypropyl cellulose)",[]
3002,honey and ginger,[]
3003,and pectin,[]
3004,citric acid (provide tartness),[]
3005,"dehydrated vegetables (red bell pepper, peas, carrots, onion, garlic)",[]
3006,ingredient may vary,[]
3007,natural chocolate flavoring,[]
3008,"(contains wheat flour, niacin, reduced iron, thiamin mononitrate, riboflavin, folic acid)","['wheat', 'gluten']"
3009,natural key lime flavor,[]
3010,israeli couscous (wheat flour with rosemary extract),"['wheat', 'gluten']"
3011,"natural and artificial flavor (contains milk ingredients, distilled monoglycerides, pulp cells, propylene glycol mono and diesters of fats and fatty acids, xanthan gum, lactylic esters of fatty acids, calcium sulfate, lime oil, cinnamon, nutmeg, fd&c blue #1, fd&c yellow #5, lactic acid, sorbic acid and potassium sorbate (to retard spoilage)",[]
3012,"enriched pasta (durum wheat, egg white, whole egg, niacin, ferrous sulfate, thiamine mononitrate, riboflavin, folic acid)","['eggs', 'wheat']"
3013,"sauce: chipotle bbq sauce (water, sugars [glucose-fructose, brown sugar], tomato paste, seasoning [white vinegar, blackstrap molasses, corn syrup, water, salt, caramel color, garlic powder, fructose, onion powder, sugar, spices, tamarind, natural flavor, vegetable oil], white vinegar, salt, modified corn starch, spices, chipotle peppers, [red chili peppers, chipotle peppers, salt, natural smoke flavor], natural smoke flavor, dried garlic, caramel color, yeast extract, dried onion)",[]
3014,powdered cellulose - (to prevent caking),[]
3015,fermented oregano,[]
3016,powdered cellulose [to prevent caking],[]
3017,contains less than 2% of: natural flavor,[]
3018,contains 2% or less of each: sea salt,[]
3019,garlic flakes,[]
3020,yellow 5and 6,[]
3021,cultured grade a low fat milk,['dairy']
3022,"color (titanium dioxide, red #3, red #40, yellow #5, yellow #6, blue #1)",[]
3023,"white coating (sugar, fractionated palm kernel oil, whey powder, nonfat milk powder, soy lecithin [emulsifier], titanium dioxide [artificial color], and natural flavors)","['dairy', 'soybeans']"
3024,"hydrogenated vegetable oil (rapeseed, cottonseed and soybean)",['soybeans']
3025,(fd&c),[]
3026,natural vanilla extract/flavor,[]
3027,"semi sweet chocolate chips (sugar, chocolate, cocoa butter, dextrose, soy lecithin, vanillin)",['soybeans']
3028,sherry wine flavor,[]
3029,organic cloves,[]
3030,white,[]
3031,"mixed berry filling (fruit puree (raspberry, blueberry, blackberry), wheat glucose-fructose syrup, water, sugar, modified corn starch, natural flavors)","['wheat', 'gluten']"
3032,water,[]
3033,and oleoresin capsicum,[]
3034,"enriched flour (wheat flour, niacin, reduced iron, thiamine mononitrate {vitamin b1}, riboflavin {vitamin b2}, folic acid)","['wheat', 'gluten']"
3035,"and nisin preparation (as preservatives); cheese: swiss cheese (pasteurized milk, cheese culture, salt, enzymes)",['dairy']
3036,"balsamic vinegar (grapes, invert sugar)",[]
3037,organic cooked shiitake mushrooms,[]
3038,fresh jalapeno peppers,[]
3039,aspergillopepsin,[]
3040,"kettle corn mix (sugar, soy lecithin, artificial butter flavor)",['soybeans']
3041,"vegetable oil (contains one or more of the following: palm, canola, soybean)",['soybeans']
3042,fava bean protein,[]
3043,"tomatoes (tomatoes, salt, calcium chloride, citric acid)",[]
3044,ground heath toffee pieces [sugar,[]
3045,"peanut butter (dry roasted peanuts, hydrogenated cottonseed/rapeseed oil, soy oil, salt)",['peanuts']
3046,habanero chile pepper,[]
3047,"juice from concentrates (pear, peach, and pineapple)",[]
3048,rice meal,[]
3049,ground flaxseed,[]
3050,cheese cultures (lactic starter soy protein),"['soybeans', 'dairy']"
3051,yeast extract chicken broth,[]
3052,onions1,[]
3053,pineapple sectors,[]
3054,"cheddar cheese (pasteurized milk, salt, cheese culture enzymes)",['dairy']
3055,"enriched wheat flour (wheat flour, niacin, iron, thiamine mononitrate, riboflavin, folic acid)","['wheat', 'gluten']"
3056,"croissant (enriched flour [wheat flour, malted barley flour, niacin, iron, thiamin mononitrate, riboflavin, folic acid], water, butter, sugar, yeast, salt, whey, modified corn starch, artificial flavor, calcium propionate, calcium sulfate, ascorbic acid, enzymes, calcium phosphate)","['wheat', 'dairy', 'gluten']"
3057,"crisped rice (rice flour, sugar, salt, barley malt extract)",[]
3058,dry malt extract (contains corn solids),[]
3059,"natural flavors (maltodextrin, invert sugar, caramel color, corn syrup)",[]
3060,sugar with tapioca starch,[]
3061,"margarine (palm oil, water, soybean oil, salt, mono- and diglycerides, colored with annatto, calcium disodium edta added as preservative, artificial flavor, vitamin a palmitate added)",['soybeans']
3062,"natural bacon flavor blend (natural flavor [milk], corn syrup solids, salt, yeast extract, natural smoke flavor)",['dairy']
3063,"coffee (filtered water, coffee)",[]
3064,"semisweet chocolate chips (sugar, chocolate liquor, cocoa butter, soy lecithin, milk)","['soybeans', 'dairy']"
3065,salt cultures & enzymes,[]
3066,"enriched flour (wheat flour, niacin, reduced iron, thiamin mononitrate, riboflavin, folic acid, sugar, palm oil, high oleic canola oil, contains 2% or less of: salt, whey, eggs, natural and artificial flavors, leavening (baking soda and/or calcium phosphate), soy lecithin (emulsifier)","['wheat', 'gluten', 'eggs', 'soybeans', 'dairy']"
3067,blueberry emulsion,[]
3068,high oleic canola oil and hydrogenated cottonseed oil,[]
3069,"organic bread crumbs (organic wheat flour, organic cane sugar, yeast, sea salt, organic sunflower oil)","['wheat', 'gluten']"
3070,organic dried red chili pepper,[]
3071,ascorbic acid (to protect flavor),[]
3072,organic crushed red chili pepper,[]
3073,concentrated red grape juice (color),[]
3074,"organic tamari sauce (water, organic soybeans, salt)",['soybeans']
3075,hydrolyzed corn soy wheat gluten protein,"['wheat', 'soybeans', 'gluten']"
3076,vegetable oil (contains one or more of the following: corn and.or soybean and/or cottonseed oil),[]
3077,sugar andior high fructose corn syrup,[]
3078,vitamins & minerals: ascorbic acid (vit. c),[]
3079,basted with up to 16% solution of water,[]
3080,blackcurrant juice,[]
3081,cultivated blueberries (product of canada),[]
3082,"jalapeno peppers (jalapeno peppers, water, salt, acetic acid, sodium benzoate [preservative])",[]
3083,natural flavors (contains coconut),[]
3084,"boneless skinless chicken breast (boneless skinless chicken breast, water, vinegar, sea salt, yeast extract, citrus extract, granulated garlic, granulated onion, spices)",[]
3085,contains two percent or less of partially hydrogenated soybean and/or cottonseed oil,['soybeans']
3086,"sweet onion vinaigrette (canola oil, high fructose corn syrup, water, dijon mustard [water, mustard seed, distilled vinegar, salt, white wine, citric acid, turmeric {color}, tartaric acid, spices], onion, red wine vinegar, white wine vinegar, sweet onion [sweet onion, vinegar, salt], salt, lemon juice concentrate, dried onion, spices, xanthan gum, natural smoke flavor)",['mustard']
3087,"lemon juice powder (maltodextrin, lemon puree, citric acid, sugar, lemon juice)",[]
3088,"color (yellow #5, yellow #6, red #3, red #40, blue #1)",[]
3089,purified sparkling water,[]
3090,"vegetable oil (may contain one or more of the following: peanut, canola, sunflower and/or soybean oil)","['peanuts', 'soybeans']"
3091,yellow peas,[]
3092,bakers yeast,[]
3093,hazelnuts (filberts),['tree nuts']
3094,"enriched orzo pasta product (durum wheat flour, niacin, iron, thiamine mononitrate, riboflavin, folic acid)","['wheat', 'gluten']"
3095,organic natural flavor disodium phosphate (emulsifier),[]
3096,"breadsticks: enriched flour (wheat flour, niacin, iron, thiamine mononitrate, riboflavin, folic acid)","['wheat', 'gluten']"
3097,yellow corn masa flour,[]
3098,boneless skinless chicken breasts with rib meat flavored with 15% solution of water,[]
3099,"seasoning (spices [including paprika], salt, sugar, sodium erythorbate, sodium phosphate, flavors [including oleoresin paprika], propylene glycol, polysorbate 80)",[]
3100,autolysed yeast powder,[]
3101,"applegate american cheese ingredients: american cheese (cultured milk, salt, enzymes [non-animal])",['dairy']
3102,"clam flavor (salt, sugar, lactose, maltodextrin, clam broth powder [dehydrated clam broth, maltoextrin], yeast extract, natural flavor, corn oil)",['lactose']
3103,low-fat cocoa powder,[]
3104,wine (contains sulfites),['sulphites']
3105,"red jalapeno puree (jalapeno peppers, salt, acetic acid)",[]
3106,cilantro leaves,[]
3107,pecans and walnuts,['tree nuts']
3108,annatto and turmeric for color,[]
3109,kiwi fruit,[]
3110,plantains (70%),[]
3111,tamarind extract,[]
3112,"apple sauce (apples, water, ascorbic acid)",[]
3113,"peanut butter base (peanuts, peanut oil, sugar, salt)",['peanuts']
3114,"topping: five cheese blend [low moisture part skim mozzarella cheese (pasteurized part skim milk, cheese cultures, salt, enzymes)",['dairy']
3115,lime essential oil,[]
3116,smokey ham flavor,[]
3117,"tortilla (enriched bleached flour, whole wheat flour [wheat flour, niacin, iron, thiamine, riboflavin, mononitrate, folic acid], water, soybean oil, honey, molasses, sugar, baking powder, salt, whey, tortilla suave, calcium propionate and beta tabs)","['wheat', 'gluten', 'soybeans', 'dairy']"
3118,"protein grain blend (rolled oats, soy protein isolate, rice flour, roasted soybeans, soy four)",['soybeans']
3119,"natural flavors (gum arabic, cream)",['dairy']
3120,sodium caseinate,['dairy']
3121,"heavy cream (heavy cream, organic guar gum)",['dairy']
3122,extracts of paprika,[]
3123,"soy vinegar: soy sauce (water, hydrolyzed soy protein, soybeans, wheat, salt, molasses, caramel color, and sodium benzoate added as a preservative)","['soybeans', 'wheat']"
3124,"mayonnaise (soybean oil, water, egg yolk, corn syrup, distilled vinegar, salt, mustard seed, calcium disodium edta added to protect flavor)","['soybeans', 'eggs', 'mustard']"
3125,"red quinoa (water, red quinoa)",[]
3126,"nut blend (almonds, cashews, cottonseed oil, salt)",['tree nuts']
3127,"color extractives (paprika, annatto, turmeric)",[]
3128,"enriched bleached and unbleached flour (wheat flour, niacin, reduced iron, thiamine mononitrate, riboflavin, folic acid, cinnamon sugar coating (dextrose, cornstarch, partially hydrogenated vegetable oil (soybean, cottonseed), cinnamon, calcium propionate [preservative]), palm oil, sugar, water, whey (milk), nonfat milk, soybean oil, soy flour, contains 2% or less of each of the following: leavening (sodium bicarbonate, sodium aluminum phosphate, monocalcium phosphate, sodium acid pyrophosphate), egg yolks, dextrose, corn syrup solids, salt, soy lecithin, distilled monoglycerides, wheat gluten, wheat starch, natural and artificial flavors, guar gum, sodium stearoyl lactylate, corn dextrin, tapioca dextrin, propylene glycol mono- and diesters of fats and fatty acids, monoand diglycerides, sodium stearoyl-2-lactylate, modified wheat starch, sodium alginate, karaya gum, cornstarch, xanthan gum, enzymes, colored with turmeric and annatto, preserved with sodium propionate, potassium sorbate and sorbic acid","['wheat', 'gluten', 'dairy', 'eggs', 'soybeans']"
3129,soybeanoil,['soybeans']
3130,"artichoke (artichoke hearts, water, salt, citric acid, ascorbic acid)",[]
3131,"honey roasted sunflower kernels (sunflower kernels, honey coating [sucrose, wheat starch, honey calcium stearate, soy lecithin], high oleic canola and/or sunflower oil, maltodextrin, sea salt, xanthan gum)","['wheat', 'soybeans']"
3132,beet juice and beta-carotene (for color),[]
3133,"cheese (milk, salt, cheese cultures, enzymes)",['dairy']
3134,color [carmine,[]
3135,"coating (sugar, fractionated palm kernel oil, whey, nonfat milk, cultured whey, soy lecithin, natural flavor)","['dairy', 'soybeans']"
3136,"cooked chicken white meat strips (chicken white meat, water, modified potato starch, canola oil, lemon juice concentrate, sugar, salt, granulated garlic, sodium phosphate, spice)",[]
3137,lemon juice from concentrate [water,[]
3138,"organic fruit and vegetable filling: organic fruit and vegetables (organic concentrated apple juice, organic concentrated apple puree, organic concentrated red beet juice, organic concentrated red palm juice, organic raspberry puree, organic strawberry puree)",[]
3139,"cooked elbow macaroni (semolina [wheat], niacin, ferrous sulfate [iron], thiamine mononitrate, riboflavin, folic acid)","['wheat', 'gluten']"
3140,"pecorino romano cheese (pasteurized sheep's milk, cheese culture, salt, rennet, powdered cellulose)",['dairy']
3141,sugar sunflower oil,[]
3142,sea salt 5%,[]
3143,"organic vegetable broth concentrate (organic carrot, organic onion, organic celery)",[]
3144,"artificial coloring (includes titanium dioxide, red 40 lake, yellow 5 lake, yellow 5, blue 1 lake, blue 1)",[]
3145,contains 2 percent or less of salt,[]
3146,"milk chocolate (sugar, cocoa butter, milk, cocoa liquor, soy lecithin, vanilla)","['dairy', 'soybeans']"
3147,paprika and other spices,[]
3148,"dough ingredients: enriched durum flour (flour, niacin, iron, thiamine, riboflavin, folic acid)","['wheat', 'gluten']"
3149,contains 2% or less of: medium chain triglycerides (from organic coconut),[]
3150,"12 oz package completely seasoned vigo yellow rice - enriched rice (niacin, iron (ferric orthophosphate), thiamin mononitrate, folic acid)",[]
3151,whey protein (from milk),['dairy']
3152,fruit and vegetable juice [color],[]
3153,rehydrated egg white,['eggs']
3154,flavor,[]
3155,contains 2% or less of: yeast extract,[]
3156,degerminated white corn grits,[]
3157,cream wheat flour,"['gluten', 'wheat']"
3158,contains 2% or less of each: graham flour,"['gluten', 'wheat']"
3159,"dark chocolate (sugar, chocolate processed with alkali, cocoa butter, milk fat, soy lecithin (emulsifier), vanillin (artificial flavor))","['dairy', 'soybeans']"
3160,tender cactus,[]
3161,"oreo cookies (wheat flour, sugar, high oleic canola oil and/or palm oil and/or canola oil and/or soybean oil, alkalized cocoa, high fructose corn syrup, corn starch, baking soda and/or calcium phosphate, salt, lecithin, vanillin, chocolate)","['gluten', 'wheat', 'soybeans']"
3162,organic corn starch,[]
3163,precooked triticale flakes,[]
3164,semolina 99%,"['gluten', 'wheat']"
3165,contains less than 2% of: cream,['dairy']
3166,baking soda (sodium bicarbonate)],[]
3167,"colors (carmine [color], blue 1 lake, titanium dioxide [color], yellow 5 lake, blue 1, blue 2, blue 2 lake, red 3, red 40, red 40 lake, yellow 5, yellow 6, yellow 6 lake, caramel color, annatto [color])",[]
3168,"cooked pork sausage crumbles (pork, water, contains 2% or less of: salt, sugar, spices, natural flavor (with maltodextrin, succinic acid), sodium phosphates, caramel color)",[]
3169,"caramel (coconut sugar, coconut milk, water, sea salt, guar gum)",['dairy']
3170,"margarine (palm oil, water, salt, monoglycerides, natural flavor, citric acid, beta carotene color, vitamin a palmitate)",['dairy']
3171,elk,[]
3172,jasmati american jasmine rice,[]
3173,antioxidant: l-ascorbic acid,[]
3174,"blueberry bit (sugar, wheat flour, canola oil, wheat starch, dextrose, fruit juice concentrates (elderberry juice, watermelon, huito) for color, natural flavor, dried blueberries, and sodium bicarbonate)","['gluten', 'wheat']"
3175,"vegetables (green cabbage, cauliflower, kale, red cabbage, carrots)",[]
3176,ripe tomatoes,[]
3177,glucosylated stevia extract,[]
3178,"organic tamari powder (organic soybeans, organic rice flour, organic rice maltodextrin, salt, lecithin)",['soybeans']
3179,"multigrain & bean crisps (cornmeal, brown rice, millet, cane sugar, corn starch, rice extract, teff, caramelized pear juice concentrate, navy beans)",[]
3180,red leaf lettuce,[]
3181,"vanilla extract (water, alcohol (35%), vanilla bean extractives)",[]
3182,sustainable palm fruit oil,[]
3183,ferric orthophosphate ( a source of iron),[]
3184,"ramen noodles (wheat flour, water, canola oil, potato starch, salt, potassium carbonate)","['gluten', 'wheat']"
3185,contains less than 2% of buttermilk solids,['dairy']
3186,enriched bleached flour [wheat flour,"['gluten', 'wheat']"
3187,dehydrate red bell pepper,[]
3188,"vanilla custard base (sugar, egg yolks, water, natural and artificial flavor, citric acid, annatto and turmeric [colors])",['eggs']
3189,sugar contains 2% or less of: wheat bran,"['gluten', 'wheat']"
3190,maple leaf sprinkles: icing sugar (sugar cornstarch),[]
3191,contains less than 2% guar gum,[]
3192,"vegetable oil blend (liquid soybean oil, palm oil, palm kernel oil)",['soybeans']
3193,green and red bell pepper,[]
3194,strained yogurt: pasteurized skim milk,['dairy']
3195,"cookie dough (wheat flour, sugar, brown sugar, butter [cream, salt], water, soybean oil, chocolate chips [sugar, chocolate liquor, cocoa butter, soy lecithin, vanilla extract], cornstarch, molasses, salt, vanilla extract, soy lecithin, baking soda, egg whites)","['gluten', 'wheat', 'dairy', 'eggs', 'soybeans']"
3196,"natural flavor (corn syrup solids, salt, garlic, sugar, spices, soy sauce solids [wheat, soybeans, salt, maltodextrin, caramel color], palm oil, tamarind, natural flavoring)","['gluten', 'soybeans']"
3197,organic confectioner's glaze,[]
3198,"almonds (almonds, expeller pressed canola oil)",['tree nuts']
3199,contains 2% or less of each of the following: natural flavor,[]
3200,cheddar cheese: pasteurized milk,['dairy']
3201,rainbow trout (oncorhynchus mykiss),['fish']
3202,"dried blueberries (blueberries, sugar, sunflower oil)",[]
3203,"panko (unbleached wheat flour, natural cane sugar, yeast, sea salt) surimi {water",['wheat']
3204,"cooked enriched macaroni (semolina wheat flour, egg, iron, niacin, thiamine mononitrate, riboflavin, folic acid)","['wheat', 'eggs']"
3205,salted sake [rice,[]
3206,habanero chile powder,[]
3207,"natural cheeses (cheddar and monterey jack (pasteurized milk, salt, enzymes, annatto color))",['dairy']
3208,natural spice extractives,[]
3209,carrot juice from concentrate,[]
3210,"vegetable oil (palm kernel, soybean and/or palm oil with tbhq for freshness)",['soybeans']
3211,icing sugar,[]
3212,"marshmallows (sugar, modified cornstarch, corn syrup, dextrose, gelatin, artificial flavor, natural flavor)",[]
3213,"lemonade-flavored flake (confectioners sugar, coconut oil, nonfat dry milk powder, whole milk powder, natural and artificial flavors, fruit juice [color], citric acid, soy lecithin, turmeric [color])","['dairy', 'soybeans']"
3214,alpha-galactosidase,[]
3215,soya beans,['soybeans']
3216,"vegetable stock (salt, glucose syrup (wheat), vegetable powder [onion, carrot, tomato], sugar, sunflower oil, spices)",['wheat']
3217,"almonds (almonds, cottonseed oil, butter, salt)",['tree nuts']
3218,"enriched wheat flour (wheat flour, niacin, reduced iron, thiamin mononitrate, riboflavin, enzymes, folic acid)",['wheat']
3219,red curry paste [dried red chili,[]
3220,"hard salami with natural smoke flavor added (pork, salt, contains less than 2% of the following: dextrose, natural flavoring, wine, natural smoke flavor, garlic, lactic acid starter culture, sodium ascorbate, potassium nitrate, sodium nitrite)",[]
3221,"baking powder (sodium acid pyrophosphate, sodium bicarbonate, calcium carbonate, corn starch, monocalcium phosphate)",[]
3222,calcium pyrophosphate,[]
3223,"cooked seasoned beef brisket (beef, seasoning [salt, sugar, spices, paprika, mustard, onion powder, garlic powder, chipotle pepper])",['mustard']
3224,quinoa 1,[]
3225,"margarine (palm oil, water, soybean oil, salt, contains 2% or less of: mono- & diglycerides, calcium disodium edta [preservative], artificial flavor, annatto [color], vitamin a palmitate)",['soybeans']
3226,"baking powder (sodium acid pyrophosphate, baking soda, corn starch, calcium phosphate)",[]
3227,ingredients turkey breast,[]
3228,"non hydrogenated vegetable oils (palm, canola)",[]
3229,"seasoning salt (salt, sugar, paprika, turmeric, onion, corn starch, garlic, tricalcium phosphate, natural flavor, paprika oleoresin)",[]
3230,organic tomato paste,[]
3231,"pretzels (enriched wheat flour [wheat flour, niacin, reduced iron, thiamin mononitrate, riboflavin, folic acid)",['wheat']
3232,"peaches (peaches, sugar, citric acid, ascorbic acid and salt to prevent browning) natural flavoring",[]
3233,flavor],[]
3234,gummy character: sugar,[]
3235,zinc citrate and manganese citrate,[]
3236,fd&c red 40 and blue1],[]
3237,milk chocolaty coating [sugar,['dairy']
3238,"cream cheese (cream, milk, non-fat milk, salt, guar gum, propylene glycol alginate, carrageenan, carob bean gum, bacterial culture)",['dairy']
3239,"fudge flakes (powdered sugar [sugar, corn starch], coconut oil, cocoa [processed with alkali], cocoa salt, soy lecithin, natural flavor, caramel color)",['soybeans']
3240,lactic acid],[]
3241,"spices (sweet chili pepper, cumin, paprika, cayenne pepper, black pepper, oregano, basil, bay, marjoram, thyme, savory, coriander, mustard, rosemary)",['mustard']
3242,vegetable juices added for color,[]
3243,dept,[]
3244,salt naturalflavor red wine vinegar,[]
3245,"and serrand purees (anaheim peppers, jalapeno peppers, serrano peppers, habanero peppers, water, salt, citric acid, acetic acid)",[]
3246,"dark chocolate (chocolate liquor, sugar, cocoa butter, soy lecithin, vanilla)",['soybeans']
3247,strained yogurt: grade a pasteurized skimmed milk,['dairy']
3248,demerara organic sugar,[]
3249,contains 2% or less of baking soda,[]
3250,organic dehydrated vegetables (garlic and onion),[]
3251,beetroot,[]
3252,bht added to packaging to help preserve freshness,[]
3253,emulsifiers: mono- and diglycerides of fatty acids; natural yeast (gluten) 1,['gluten']
3254,"contains 2% or less of parmesan cheese (part-skim milk, cheese culture, salt, enzymes)",['dairy']
3255,"yellow onion), red grapes, carrots, multi grain pita chips (pita bread (enriched wheat flour (wheat flour, barley malt flour, niacin, iron [ferric phosphate]. thiamin. riboflavin. folic acid). whole wheat flour. wheat bran, barley flour. sesame seeds, vital wheat gluten, sugar cane fiber, flaxseed, sugar, rolled oats, yellow corn meal, millet, salt, yeast)","['wheat', 'gluten', 'sesame']"
3256,contains 2% or less of organic oat flour,[]
3257,"spices (including paprika, red pepper, chili pepper, black pepper)",[]
3258,less than 2% of: canola oil and/or soybean oil,['soybeans']
3259,"enzymes), water, jalapeno peppers (jalapeno peper",[]
3260,"dried cranberries (cranberries, sugar, vegetable glycerin)",[]
3261,"chocolate (unsweetened chocolate, organic cane sugar, cocoa butter)",['dairy']
3262,natural flavor (milk),['dairy']
3263,"cookies (sugar, enriched flour [wheat flour, niacin, reduced iron, thiamin mononitrate, riboflavin, folic acid], vegetable oil [soybean, palm, palm kernal oil], cocoa processed with alkali, invert sugar, yellow corn flour, chocolate, cornstarch, salt, leavening [baking soda, monocalcium phosphate], whey, natural & artificial flavor, soy lecithin)","['wheat', 'soybeans', 'dairy']"
3264,"vegetables (garlic, onion, green onion)",[]
3265,"vegetable oil [(palm, soybean and/or cottonseed oils)",['soybeans']
3266,"chocolate coating (mct oil blend, prebiotic soluble fiber, erythritol, milk protein isolate, inulin, cocoa, soluble corn fiber, salt, soy lecithin, stevia)","['dairy', 'soybeans']"
3267,"chocolate chunks (brown sugar, coconut oil, cocoa processed with alkali, cocoa powder, milkfat, soy lecithin, vanilla extract, natural flavor)","['dairy', 'soybeans']"
3268,modified wheat starch,['gluten']
3269,"blue sprinkles (sugar, cornstarch, palm oil and palm kernel oil, dextrin, soy lecithin, blue 1 lake, confectioner's glaze [shellac], natural and artificial flavor, carnauba wax)",['soybeans']
3270,"pizza sauce (crushed tomatoes [water, concentrated crushed tomatoes], tomato puree [water, tomato paste], diced tomatoes, sugar, salt, soybean oil, spices, food corn modified, parmesan cheese flavor [parmesan cheese {milk, cheese cultures, salt, enzymes}, water, disodium phosphate, enzymes], garlic, onion powder, granulated garlic, citric acid)","['dairy', 'soybeans']"
3271,contains less than 2% of spices,[]
3272,"bacon (pork, water, sea salt, turbinado sugar, natural flavoring, maple syrup)",[]
3273,swordfish steaks,['fish']
3274,chicken meat including natural chicken juices,[]
3275,"chicken broth (water, chicken stock, sea salt)",[]
3276,"crushed tomatoes (tomatoes, tomato paste)",[]
3277,"seeds (sunflower, flax)",[]
3278,cottonseed and/or canola),[]
3279,contains less than 2% of unsweetened chocolate,['dairy']
3280,"beer (malted barley, corn syrup, hops, yeast)",['gluten']
3281,maitake mushroom],[]
3282,"contains less than 2% of: flavoring (natural flavor, yeast extract)",[]
3283,"pretzel balls (enriched wheat flour (wheat starch, niacin, reduced iron, thiamin mononitrate, riboflavin, folic acid, silicon dioxide (anti-caking agent), vegetable oil (corn and/or canola and/or cottonseed and/or soybean), corn syrup, salt, sodium bicarbonate, yeast), sesame sticks (unbleached wheat flour (contains malted barley flour as a natural enzyme additive), soybean oil, sesame seeds, bulgur wheat, salt, colored with (beet powder and turmeric)), cajun corn sticks (yellow corn masa, soybean oil, cajun seasoning (potato flour, spices and herbs, salt, onion powder, tomato powder, garlic powder, natural flavoring, maltodextrin, modified corn starch, green pepper powder), salt), pretzels (enriched wheat flour (wheat starch, niacin, reduced iron, thiamin mononitrate, riboflavin, folic acid, silicon dioxide (anti-caking agent), salt, vegetable oil (corn and/or canola and/or cottonseed and/or soybean), corn syrup, sodium bicarbonate, yeast), spice blend (salt, paprika, black pepper, cayenne pepper, garlic powder, onion powder, white pepper, oregano, thyme, tricalcium phosphate (anti-caking agent))","['wheat', 'gluten', 'sesame', 'soybeans']"
3284,"cream mixture (cream, skim milk, vegetable oils [palm and palm kernel], sugar, water, corn starch, mono- and diglycerides [emulsifier])",['dairy']
3285,"organic milk chocolate (organic dried cane syrup, organic cocoa butter, organic whole milk powder, organic chocolate liquor, organic soy lecithin [emulsifier], organic vanilla)","['dairy', 'soybeans']"
3286,kelloggs rice krispies' cereal: rice sugar,[]
3287,"gluten free flour (tapioca starch, corn flour, corn starch, potato starch, rice flour, soy flour, potato flour, carrageenan, acacia gum, xanthan gum)",['soybeans']
3288,"bbq seasoning dry rub packet (sugar, spices [including smoked paprika)",[]
3289,ground turmerica1,[]
3290,"grilled seasoned chicken white meat (chicken white meat, water, potato starch, sea salt)",[]
3291,in collagen casing,[]
3292,contains 2% or less of non-gmo cornstarch,[]
3293,"wheat), methylcellulose, yeast extract, malt extract, yeast extract, natural flavor","['wheat', 'gluten']"
3294,"gluten free cookie flour (whole grain brown rice flour, corn starch, soy flour, whole grain corn flour)",['soybeans']
3295,"jalapeno peppers (with salt, acetic acid, water, calcium chloride)",[]
3296,bleached wheat flour,"['gluten', 'wheat']"
3297,"coconut swirl (corn syrup, coconut cream [coconut extract, water, xanthan gum, carrageenan, guar gum], water, sugar, coconut, corn starch, rice starch, fruit and vegetable juice for color, salt, maltodextrin, gum arabic, carob bean gum, natural flavor)",[]
3298,contains less than 2% of: broccoli,[]
3299,sizing agent [glucose syrup,[]
3300,"margarine (palm oil, water, salt, mono- and dyglycerides, soy lecithin, sodium benzoate and citric acid as preservatives, artificially flavored, beta carotene, vitamin a palmitate added for color)",['soybeans']
3301,artificial color added,[]
3302,"contains 2% or less: romano cheese (pasteurized milk, cheese culture, salt, enzyme)",['dairy']
3303,apple concentrate,[]
3304,"bacon - (cured with water, salt, sugar, smoke flavoring, sodium phosphates, sodium erythorbate, sodium nitrite)",[]
3305,"milk cream cane sugar chocolate chips (unsweetened chocolate cane sugar palm kernel oil cocoa butter soy lecithin, vanilla extract)","['dairy', 'soybeans']"
3306,"white meat chicken (chicken breast with rib meat, water, soybean oil, modified corn starch, chicken base [dextrose, salt, corn oil, soy sauce {water, wheat, soybeans, salt}, tomato puree, xanthan gum and locust bean gum, potato starch, extractives of paprika, natural flavoring], milk protein concentrate [sodium caseinate and whey protein concentrate], sodium phosphates, chicken base [chicken meat including chicken juices, salt, chicken fat, sugar, maltodextrin, hydrolyzed corn gluten, dried whey, natural flavors, yeast extract, turmeric {color}], lactic acid)","['soybeans', 'dairy', 'wheat']"
3307,"leavenings (sodium bicarbonate, sodium acid pyrophosphate)",[]
3308,"color added (yellow 5, yellow 5 lake)",[]
3309,coated with: fructose,[]
3310,wheat flour (may contain gluten),"['gluten', 'wheat']"
3311,"vegetable shortening (palm and soybean oils, mono and diglycerides, polysorbate 60, tbhq [preservative])",['soybeans']
3312,"organic worcestershire sauce (organic white vinegar, organic molasses, water, organic sugar, sea salt, organic caramel color, organic garlic powder, organic spices, xanthan gum)",[]
3313,oliggosaccharides,[]
3314,"cheddar cheese ([pasteurized milk, cheese cultures, salt, enzymes], milkfat, water, sodium phosphate, salt, sorbic acid, annatto coloring)",['dairy']
3315,calcium d-pantothenate,[]
3316,walnuts with preservative (bht),['tree nuts']
3317,contains 2% or less of highly refined hazelnut oil,['tree nuts']
3318,"vegetable fibres (potato, psyllium)",[]
3319,fat reduced from 8g to 5g,[]
3320,"vegetable oil (contains one or more of the following: corn, cottonseed, sunflower)",[]
3321,sardines,['fish']
3322,cured white turkey: white turkey,[]
3323,mixed tocopherols (antioxidant - vitamin e),[]
3324,water cocoa,[]
3325,"roasted almonds (almonds, canola oil, butter, salt)","['tree nuts', 'dairy']"
3326,young sweet corn,[]
3327,"white chicken strips with grill marks added (chicken breast with rib meat, water, modified food starch, salt, seasoning [maltodextrin, garlic flavor {salt, garlic, gum arabic, garlic extract}, caramel color], sodium phosphate}, olive oil, green bell peppers, contains 2% or less of modified cornstarch, sugar, carrots, celery, onions, parmesan cheese (part skim cow's milk, cheese culture, salt, enzymes), red bell peppers, wine (contains salt, potassium sorbate [preservative]), garlic (contains high fructose corn syrup), yeast extract, romano cheese (pasteurized cow's milk, cheese cultures, enzymes, salt), spices, salt, citric acid","['dairy', 'celery']"
3328,aceto balsamico di modena p,[]
3329,"fruit and seeds (sunflower seeds, currants, flax seeds, cranberries, blueberries)",[]
3330,2% or less of dextrose,[]
3331,"vegetable shortening (palm oil, antioxidants-tocopherol)",[]
3332,"crust (unenriched wheat flour (wheat flour, malted barley flour), water, corn oil, sugar, sea salt, yeast)","['gluten', 'wheat']"
3333,uncured pork,[]
3334,organic pea hull fiber,[]
3335,citric acid and annatto extract (as color),[]
3336,"tangelo flavor (natural ingredients, water, salt, xanthan gum, guar gum, potassium sorbate, span 60, polysorbate 60)",[]
3337,"bleu cheese vinaigrette (water, apple cider vinegar, canola oil, bleu cheese [milk, salt, culture, enzymes], sugar, salt, bleu cheese flavor [bleu cheese {milk, culture, salt, enzymes}, cream, water, milkfat, salt, disodium phosphate, xanthan gum], apple juice concentrate, spices, natural flavor, xanthan gum, dried garlic)",['dairy']
3338,contains 2% or less of: sodium lactate,[]
3339,"smoked salmon (steelhead trout, sockeye salmon, atlantic salmon, salt, sugar, spices, natural wood smoke)",['fish']
3340,almond extract,['tree nuts']
3341,"raspberry puree (sugar, red raspberry puree, glucose syrup, water, raspberry puree concentrate, coloring food [concentrates of carrot & black currant], pectin [gelling agent], citric acid [acidifier], potassium sorbate [preservative], carmine [color], natural flavor)",[]
3342,sulphur dioxide (as a preservative),['sulphur dioxide']
3343,wheat-free tamari sauce,[]
3344,acai,[]
3345,"milk chocolate (sugar, whole milk, cocoa butter, chocolate, soy lecithin (an emulsifier), vanillin (an artificial flavoring), raisins, sugar, cocoa powder, confectioner's glaze (lac-resin), tapioca dextrin and corn syrup","['dairy', 'soybeans', 'gluten']"
3346,organic cocoa (processed with alkali),[]
3347,"worcestershire sauce (distilled vinegar, molasses, corn syrup, water, salt, caramel color, garlic powder, sugar, spices, tamarind, natural flavors)",[]
3348,"vitamin a palmitate added), contains 2% or less of antimicrobial blend (maltodextrin",[]
3349,organic coconut sap crystals,[]
3350,"enriched high gluten flour (wheat flour, malted barley, niacin, reduced iron, thiamine mononitrate, riboflavin, folic acid)","['wheat', 'gluten']"
3351,"live active yogurt cultures (s. thermophilus, l. bulgaricus, l. lactis, l. acidophilus)",['dairy']
3352,"bittersweet chocolate chips (unsweetened chocolate, sugar, cocoa butter, milk fat, soy lecithin [emulsifier], vanilla extract)","['dairy', 'soybeans']"
3353,"apple nuggets (sugar, vegetable oil [palm, palm kernel], wheat flour, malic acid, sodium citrate, tricalcium phosphate, natural and artificial flavors, soy lecithin, yellow 5 lake)","['wheat', 'soybeans']"
3354,millet meal,[]
3355,"enriched bleached wheat flour (flour, niacin, iron, thiamine mononitrate, riboflavin, folicacid, enzyme)","['wheat', 'gluten']"
3356,may also contain rice starch,[]
3357,"pasteurized cheese sauce (cheese, whey, skim milk, palm oil, modified potato starch, yeast extract, modified corn starch, disodium phosphate, salt, natural flavor, lactic acid, sodium alginate, colored with paprika extract)",['dairy']
3358,folic acid (vit. b9),[]
3359,less than 2% of the following: dextrose,[]
3360,treated with the following fungicides: sodium orthophenyl phenate,[]
3361,vegetable oil shortening [from palm nut and palm oils and highly refined coconut oil],[]
3362,"leavening(sodium bicarbonate, ammonium bicarbonate, sodium acid pyrophosphate, monocalcium phosphate)",[]
3363,"oven roasted chicken breast (chicken breast meat, chicken broth, salt, contains 2% or less of turbinado sugar, potato starch, dried vinegar, natural flavoring [citrus fruit extracts, pea starch], cultured celery powder, cherry powder, natural flavoring)",[]
3364,packed in vinegar,[]
3365,"toppings: sauce: (water, tomato puree, romano cheese (pasteurized cow's milk, cheese cultures, salt, enzymes), powdered cellulose added to prevent caking, salt, spices, sugar, garlic powder)",['dairy']
3366,yogurt,['dairy']
3367,"dehydrated vegetables (broccoli, spinach, garlic, onion)",[]
3368,"crab extract (natural flavoring, glucose syrup, water, salt, monosodium glutamate, ribonucleotides, potassium sorbate, xanthan gum)",['**fish']
3369,"seasoning (modified food starch, sweet whey solids (milk), corn starch, autolyzed yeast extract, salt, caramel color, calcium caseinate (milk), onion powder, paprika, xanthan gum, dicalcium phosphate, flavoring)",['dairy']
3370,carrot cake mix {sugar,[]
3371,organic ground mustard seed,['mustard']
3372,paprika (for flavoring),[]
3373,solids,[]
3374,"enriched unbleached flour (wheat flour, malted barley flour, niacin, iron, thiamin mononitrate, riboflavin, folic acid)","['wheat', 'gluten']"
3375,"contains 2% or less of: leavening (sodium acid pyrophosphate, sodium bicarbonate, monocalcium phosphate)",[]
3376,folate (folic acid),[]
3377,ingredients: high fructose corn syrup,[]
3378,natural plant sterols,[]
3379,mango sorbet: water,[]
3380,artificial raspberry flavor,[]
3381,"dark chocolate (chocolate liquor, sugar, cocoa butter, soy lecithin, natural flavor)",['soybeans']
3382,poppy seed dehydrated onion,[]
3383,contains 2% or less of each of the following: yeast,[]
3384,"adobo sauce (chipotle peppers, tomato, distilled vinegar, onions, canola oil, sugar, salt, spice, garlic)",[]
3385,spiced apple: apple,[]
3386,and calcium silicate (to make free flowing),[]
3387,powdered vegetable shortening [sunflower oil,[]
3388,sour cherries,[]
3389,fresh basil leaf,[]
3390,"seasoning (salt, spices, fructose, garlic, modified cornstarch, konjac gum, malic acid)",[]
3391,"egg whites (egg whites, sodium and triethyl citrates)",['eggs']
3392,"yogurt coating (sugar (sugar, cornstarch), hydrogenated palm kernel oil, sugar milk blend (milk, nonfat milk, lactose), yogurt blend nonfat milk, whey, lactic acid)",['dairy']
3393,"organic natural flavor (organic turkey flavor, organic gum arabic, sea salt)",[]
3394,may contain water,[]
3395,dried torula yeast,[]
3396,"contains less than 1% of the following: butter (cream [milk], salt)",['dairy']
3397,"cheese blend (colby cheese [pasteurized milk, cheese culture, salt, enzymes, annatto {color}], cheddar cheese [pasteurized milk, cheese culture, salt, enzymes, annatto {color}], monterey jack cheese [pasteurized milk, cheese culture, salt, enzymes], muenster cheese [pasteurized milk, cheese culture, salt, enzymes])",['dairy']
3398,"seitan chipotle grounds (water, vital wheat gluten, soy sauce2 [water, soybeans2, wheat, salt, alcohol], tomato puree (tomatoes, citric acid), 2% or less of cane sugar, spices, onion, brown rice syrup, canola oil, chipotle pepper puree, granulated onion, white vinegar, granulated garlic, sea salt, natural smoke flavor, kombu)","['soybeans', 'wheat', 'gluten']"
3399,"white chocolate (sugar, cocoa butter, dry whole milk, dry cream, nonfat dry milk, lactose, dry buttermilk, soy lecithin, salt, natural vanilla flavor)","['dairy', 'lactose']"
3400,"natural stabilizers (locust bean gum, guar gum)",[]
3401,"chocolate cookie pieces (wheat flour, sugar, palm oil, cocoa powder processed with alkali, salt, baking soda, soy lecithin)","['wheat', 'soybeans']"
3402,gluten-free oats+,[]
3403,organic avocado oil,[]
3404,"bacon (pork cured with water, salt, sugar, natural smoke flavoring, sodium phosphate, sodium erythorbate, sodium nitrite)",[]
3405,wine (contains sufites),"['sulphur dioxide', 'sulphites']"
3406,"chocolate drops (sugar, palm kernel oil, cocoa powder, soy lecithin, natural vanilla)",['soybeans']
3407,"fish stock base (fish stock concentrate [pollock, salt], onion & leek juice concentrates, spices, onion powder)",['fish']
3408,whole milk solids,['dairy']
3409,"tortilla strips (stone ground yellow corn, stone ground blue corn, sunflower oil and/or corn oil, sea salt, water, lime)",[]
3410,white all natural cheddar cheese curds [pasturized milk,['dairy']
3411,"vegetable gums (gum tragacanth, arabic & xanthan)",[]
3412,"cheddar cheese (pasteurized milk, salt, cheese cultures, enzymes, annatto extract [color])",['dairy']
3413,"sour cream (cultured milk, cream)",['dairy']
3414,"chocolaty mint filled cows (sugar, coconut oil, partially hydrogenated soybean oil, skim milk, milk, cocoa processed with alkali, soy lecithin, oil of peppermint, natural and artificial flavor, salt, yellow 5 lake, blue 1 lake)","['dairy', 'soybeans']"
3415,reconstituted minced onions,[]
3416,potassium carbonate (to preserve freshness),[]
3417,peanut powder,['peanuts']
3418,sauce: tomato paste,[]
3419,clam juice concentrate,['shellfish']
3420,"ice cream (cream, skim milk, sugar, corn syrup, guar gum, mono & diglycerides, cellulose gum, carrageenan)",['dairy']
3421,grilled zucchini,[]
3422,caramel colors,[]
3423,organic amaranth (sprout),[]
3424,"preservatives (calcium propionate, potassium sorbate, sorbic acid)",[]
3425,"organic provolone cheese (organic milk, salt, microbial rennet)",['dairy']
3426,smoke],[]
3427,"semi sweet chocolate chips (sugar, chocolate, cocoa butter, milk fat, soy lecithin, natural and artificial flavors, milk)","['dairy', 'soybeans']"
3428,basted with up to 16% added solution of water,[]
3429,or sunflower oil,[]
3430,chopped onion,[]
3431,brownies [sugar,[]
3432,potassium sorbate and natamycin (preservatives),[]
3433,"corn masa flour (corn, lime)",[]
3434,sorbitol (humectant),[]
3435,acesulfame-k (potassium),[]
3436,non-gmo soybean flour,['soybeans']
3437,"gluten free soy sauce (water, soybeans, salt, vinegar)",['soybeans']
3438,"ravioli (filling: ricotta cheese [whey, whole milk, cream, vinegar, xanthan gum, locust bean gum, guar gum (stabilizers)], low moisture part-skim mozzarella cheese [cultured milk, salt, enzymes], spinach, romano cheese [pasteurized sheep's milk, cheese culture, salt, enzymes, powdered cellulose], water, egg whites [egg whites, sodium and triethyl citrates], japanese breadcrumbs [bleached wheat flour, yeast, sugar, salt], basil, black pepper, parsley, salt, oleoresin of basil [fractionated coconut oil, extractives of basil, soybean oil and canola oil]; pasta: durum flour [durum flour, niacin, ferrous sulfate, thiamin mononitrate, riboflavin, folic acid])","['dairy', 'eggs', 'wheat']"
3439,prepared large butter beans,[]
3440,green plantain,[]
3441,"vegan cheese (vegetable oil, corn starch, lemon juice, soybeans, water)",['soybeans']
3442,(processing aid),[]
3443,2% or less of organic onion powder,[]
3444,"bacon (cured with water, salt, sodium erythorbate, sodium nitrite. may also contain smoke flavoring, sugar, dextrose, brown sugar, sodium phosphate, potassium chloride, flavoring)",[]
3445,almond emulsion {water,['tree nuts']
3446,less than 2% of: lime juice concentrate,[]
3447,live and active cultures (lactobacillus acidophilus and bifidobacterium lactis),['dairy']
3448,"cheddar cheese (whey, buttermilk, modified food starch, butter, natural flavor, milk protein concentrate, methylcellulose, salt, sodium citrate, disodium phosphate, sorbic acid, yeast extract, colored with beta carotene, beta-apo-8'-carotenal, annatto, and paprika)",['dairy']
3449,salt and vanilla flavor,[]
3450,"concentrated vegetable juices of (sweet potatoes, purple carrots, carrots)",[]
3451,cup ricotta cheese,['dairy']
3452,contains less than 2% od dried onion flake,[]
3453,"seaweed salad [seaweed (wakame, suginor)",[]
3454,"vegenaise (expeller pressed soybean oil, water, brown rice syrup, apple cider vinegar, salt, soy protein, mustard flour, lemon juice concentrate)","['soybeans', 'mustard']"
3455,"ramen noodles (water, enriched wheat flour (wheat flour, niacin, iron, thiamine mononitrate, riboflavin, folic acid), modified tapioca starch, wheat starch, salt, egg whites, wheat gluten, potassium carbonate, sodium carbonate, xanthan gum, citric acid)","['wheat', 'eggs', 'gluten']"
3456,organic liquid sugar,[]
3457,organic pineapple organic cacao,[]
3458,"milk cream cane sugar fudge (water, sugar, bittersweet chocolate (unsweetened chocolate, cane sugar, cocoa butter, non-gmo soy lecithin, vanilla extract), cocoa (processed with alkali), butter (cream, salt), tapioca starch, natural flavor, salt, locust bean gum)","['dairy', 'soybeans']"
3459,guava puree,[]
3460,cultured pasteurized grade a nonfat milk and nonfat milk solids,['dairy']
3461,"chocolate chip cookie dough (wheat flour, brown sugar, butter [cream, salt], chocolate chips [sugar, chocolate liquor, cocoa butter, soy lecithin, vanilla extract], eggs, sugar, cornstarch, natural flavor, salt)","['wheat', 'dairy', 'eggs']"
3462,"garlic parmesan flavored soybean oil (soybean oil, natural flavors [including flavorings {contains canola oil}, lipolyzed butter oil], lactic acid, turmeric, annatto)",['soybeans']
3463,"graham cracker crust: graham crackers (enriched wheat flour [wheat flour, niacin, reduced iron, thiamin mononitrate, riboflavin, folic acid], high fructose corn syrup, whole wheat flour, vegetable oil [soybean oil, palm oil and palm kernel oil], contains 2% or less baking soda, salt, honey)","['wheat', 'soybeans']"
3464,contains 2% or less: cream,['dairy']
3465,ascorbyl palmitate],[]
3466,"flavor blend (water, sugar, modified corn starch, citric acid, sodium citrate, cinnamon, vitamin a acetate, vitamin d3)",[]
3467,parboiled white rice,[]
3468,"milk chocolate (sugar, cocoa butter, chocolate liquor, whole milk powder, soy lecithin [an emulsifier], salt, natural vanilla extract)","['dairy', 'soybeans']"
3469,sunflower lecithins,[]
3470,"gluten-free crust (water, tapioca starch, rice flour, potato starch, chickpea flour, milled flaxseed, rice starch, olive oil, cane sugar, yeast, sea salt, psyllium, chicory root extract, xanthan gum, locust bean gum)",[]
3471,"bleached enriched wheat flour (niacin, reduced iron, thiamine monontrate (vitamin b1), riboflavin (vitamin b2), folic acid)","['wheat', 'gluten']"
3472,contains 2% or less than the following: annatto extract,[]
3473,unsweetened organic dark chocolate,[]
3474,combination of palm olein and palm oil,[]
3475,organic honey live and active probiotic cultures: l,[]
3476,"dark chocolate cranberries: dark chocolate (sugar, chocolate liquor (processed with alkali), cocoa butter, milk fat, soy lecithin (an emulsifier), vanilla, vanillin (an artificial flavor))","['dairy', 'soybeans']"
3477,"cookies (sugar, enriched flour [wheat flour, niacin, reduced iron, thiamine mononitrate {vitamin b1}, riboflavin {vitamin b2}, folic acid], soybean and palm oils, cocoa processed with alkali, invert sugar, contains 2% or less of yellow corn flour, corn starch, chocolate, salt, leavening [sodium bicarbonate, monocalcium phosphate], artificial flavor, soy lecithin, whey)","['wheat', 'soybeans', 'dairy']"
3478,"parmesan cheese (milk, salt, cheese cultures, enzymes)",['dairy']
3479,"provolone cheese with smoke flavor (provolone cheese [pasteurized milk, cheese cultures, salt, enzymes, natural smoke flavor])",['dairy']
3480,"soy sauce (water, wheat, soy bean, salt)","['wheat', 'soybeans']"
3481,"organic chocolate chips (organic cane sugar syrup, organic chocolate liquor, organic cocoa butter, organic soy lecithin)",['soybeans']
3482,baking powder (sodium bicarbonate & ammonium bicarbonate),[]
3483,garuc,[]
3484,"pitted kalamata olives (olives, water, salt, olive oil, acetic acid)",[]
3485,"low moisture part skim mozzarella cheese (part skim milk, cheese cultures, salt, enzymes)",['dairy']
3486,"pretzel bun: enriched flour (unbleached, unbromated wheat flour, malted barley flour, niacin, iron [reduced iron], thiamin mononitrate, riboflavin, folic acid)","['wheat', 'gluten']"
3487,"vegetable oil (palm, soybean)",['soybeans']
3488,"release agent (sunflower oil, coconut oil, sunflower lecithin)",[]
3489,roasted oregon hazelnuts,['tree nuts']
3490,"peanut brittle (sugar, peanuts, corn syrup, butter [cream, salt], sodium bicarbonate, salt)","['peanuts', 'dairy']"
3491,"vanilla bean extractives), and artificial flavor]",[]
3492,contains celery,['celery']
3493,crushed ginger,[]
3494,extractives of paprika and turmeric (color),[]
3495,acidifiers: lactic acid,[]
3496,vitamin e dl alpha tocopheryl,[]
3497,sodium molybdate,[]
3498,"vanilla), corn syrup, milk chocolate (sugar",['dairy']
3499,savory flavor (contains maltodextrin),[]
3500,"(may contain: blue 1, green 3, red 40, yellow 5 and yellow 6)",[]
3501,"chocolate chips (sugar, chocolate liquor, cocoa butter, soy lecithin [emulsifier], vanilla extract)",['soybeans']
3502,farm raised atlantic salmon,['fish']
3503,sodium nitrite; diced turkey: ingredients: turkey breast water,[]
3504,organic corn flour,[]
3505,lactase enzyme and vitamin d3,[]
3506,contains 2% or less of organic garlic,[]
3507,wheat flour - coconut oil - sugar - dehydrated glucose syrup - low fat cocoa - dextrose - whey powder - soy flour - skimmed milk powder - salt - emulsifier: soy lecithin - leavening: sodium bicarbonate,"['wheat', 'soybeans', 'dairy']"
3508,"preservative (calcium propionate, sorbic acid)",[]
3509,ingredients: pollock,[]
3510,"monterey jack cheese - (pasteurized milk, cheese cultures, salt, enzymes)",['dairy']
3511,vegan sour cream,[]
3512,"contains 2% or less of: sour cream (cultured cream, nonfat milk)",['dairy']
3513,eggs water,['eggs']
3514,organic cranberry juice from concentrate,[]
3515,"cooked spicy italian sausage (pork, spices, water, salt, corn syrup solids, extractives of spices including paprika, disodium inosinate and disodium guanylate, bha, propyl gallate, citric acid)",[]
3516,"artichoke pieces (with water, salt, citric acid)",[]
3517,"gums (agar, xanthan, sodium alginate, guar, acacia)",[]
3518,"pepperoni (pork, beef, salt, contains 2% or less of: paprika and/or oleoresin of paprika, spices and/or spice extractives, lactic acid starter culture, sodium nitrite, bha, bht, citric acid, may also contain: water, dextrose, smoke flavoring, sodium ascorbate and/or ascorbic acid [vitamin c], flavoring, garlic powder)",[]
3519,"creamer (water, palm oil, corn syrup solids, sodium caseinate (a milk derivative), mono and diglycerides, dipotassium phosphate, sodium silicoaluminate, soy lecithin, bht)","['dairy', 'soybeans']"
3520,lemon peel [lemon peel,[]
3521,soybean and palm oils,['soybeans']
3522,"organic chicken broth concentrate (organic chicken broth, organic chicken flavor, organic chicken fat, organic soy sauce powder [organic soy sauce {water, organic soybeans, salt}, organic corn maltodextrin, salt], sea salt, yeast extract, organic canola oil, organic cooked vegetables [organic carrots, organic celery, organic onions], organic onion powder, organic turmeric, flavoring, organic flavor)","['soybeans', 'celery']"
3523,natural flavors (contains corn and/or soybean oil and milk),"['dairy', 'soybeans']"
3524,"pepperoni: (pork, beef, salt, dextrose, sodium nitrite, bha, bht, citric acid, may contain water, spices, flavoring, smoke favoring, paprika, oleoresin of paprika, lactic acid starter culture, sodium ascorbate, garlic powder, dehydrated garlic)",[]
3525,"artificial colors (fd&c yellow 5, yellow 6, red 40, blue 1)",[]
3526,non-gmo sunflower seeds,[]
3527,matcha powder,[]
3528,"artificial color (including yellow 5, yellow 6, red 3, red 40, blue 1)",[]
3529,usda beef chuck and sweet onions,[]
3530,vitamins and minerals: dicalcium phosphate,[]
3531,"great northern beans (bean water, salt, calcium chloride)",[]
3532,"sour cream & onion seasoning (organic onion, organic nonfat milk, salt, organic yogurt powder [organic nonfat milk, lactic acid, cultures, natural flavor], organic sour cream powder [organic sour cream (organic cream, cultures, lactic acid), organic nonfat milk, citric acid], organic whey, organic vinegar powder [organic maltodextrin, organic vinegar], organic cane sugar, organic parsley, organic yeast extract, lactic acid, citric acid)","['dairy', 'wheat']"
3533,"madagascar bourbon pure vanilla bean paste (sugar, water, vanilla extract, vanilla beans, gum tragacanth {natural thickener})",[]
3534,bovine gelatin,[]
3535,"coloring (includes yellow 5, red 40, yellow 6, blue 1, yellow 6 lake, yellow 5 lake, red 40 lake, blue 1 lake, blue 2 lake, blue 2)",[]
3536,"beef & pork meatloaf (beef, pork, barbecue sauce [tomato puree {water, tomato paste}, high fructose corn syrup, molasses, vinegar, less than 2% of: spices, natural hickory smoke flavor, natural flavors, modified food starch, salt, xanthan gum, dried onion, dried garlic, caramel color, turmeric, paprika extracts], onions, bread crumbs [wheat flour, sugar, yeast, salt], egg [egg, citric acid], salt, garlic, black pepper)","['dairy', 'wheat', 'eggs']"
3537,"natamycin (a natural mold inhibitor); croutons: enriched unbleached wheat flour (wheat flour, malted barley flour, niacin, iron, thiamine mononitrate, riboflavin, folic acid)",['wheat']
3538,"dehydrated marshmallows (sugar, corn syrup, modified cornstarch, gelatin, artificial flavor)",[]
3539,"vegetable oil (contains one or more of the following: cottonseed, corn)",[]
3540,"a blend of root vegetables (sweet potato, taro, batata, parsnips)",[]
3541,small red beans,[]
3542,"filling (ricotta (whey, whole milk, cream, vinegar), seasoning (water, sunflower oil, potato starch, casein, salt), parmesan cheese (pasteurized cultured milk, salt, enzymes), bread crumbs (wheat flour, yeast, salt), mozzarella cheese (pasteurized cultured milk, salt and enzymes), mascarpone cheese (pasteurized milk, cream, citric acid), pecorino romano cheese (pasteurized cultured sheep milk, rennet, salt), cornstarch, chicory root fiber, potato starch, dehydrated potatoes, vegetable fiber, 2% or less of natural flavors, salt, yeast extract. pasta (semolina, eggs, water)","['dairy', 'wheat', 'eggs']"
3543,"brie cheese (pasteurized milk, pasteurized cream, cultures, salt, enzymes)",['dairy']
3544,"dark chocolate raisins (dark chocolate [sugar, chocolate liquor, cocoa butter, milk fat, soy lecithin-an emulsifier, natural vanilla flavor], raisins, tapioca dextrin, confectioners glaze)","['dairy', 'soybeans']"
3545,natural turmeric flavor,[]
3546,baby cob corn & mushrooms,[]
3547,"gravy (water, porter ale [water, barley malt, hops], heavy cream [cream, carrageenan], corn starch, onions, beef flavor [cooked beef, yeast extract, beef tallow, beef extract, flavoring, salt, sugar, vegetable juice concentrates {onion, carrot, celery}, lactic, acid], burgundy wine, salt, unsalted butter [cream, natural flavor], canola oil, garlic, butter [cream, salt], methylcellulose, spice)",['dairy']
3548,refined flour,['wheat']
3549,contains less than 2% of: palm kernel oil,[]
3550,mizithra cheese,['dairy']
3551,"turmeric [color]), toasted corn (corn",[]
3552,"made from: enriched wheat flour (flour, niacin, reduced iron, thiamine mononitrate, riboflavin, folic acid)","['wheat', 'gluten']"
3553,"milk chocolate (sugar, cocoa butter, dry whole milk, chocolate, soy lecithin (an emulsifier), salt, vanilla)","['dairy', 'soybeans']"
3554,6% (in green pasta),[]
3555,dehydrated carrot,[]
3556,"xanthan gum), tomatoes, peas, pine nuts",['tree nuts']
3557,"soy sauce (water, wheat, soybeans, salt and less than 0.10% sodium benzoate as a preservative)","['soybeans', 'wheat']"
3558,vegetable gums,[]
3559,liquid invert sugar,[]
3560,yams (sweet potatoes),[]
3561,white balsamic vinegar,[]
3562,"cheddar cheese (pasteurized milk, cheese cultures, salt, enzymes, annatto [vegetable color], powdered cellulose [to prevent caking], potassium sorbate and natamycin [presevatives])",['dairy']
3563,spices including dried onions,[]
3564,spices (including parsley),[]
3565,organic cultured wheat flour (for freshness),"['wheat', 'gluten']"
3566,"spices (including black pepper, red pepper)",[]
3567,enriched semolina,"['wheat', 'gluten']"
3568,green bell pepper puree,[]
3569,"flavored fruit pieces (dehydrated apples {treated with sodium sulfite to promote color retention}, artificial flavor, citric acid, annatto color)","['sulphur dioxide', 'sulphites']"
3570,"dehydrated four cheese blend (mozzarella/feta/asiago/parmesan cheeses [pasteurized milk, salt, cheese cultures, enzymes], disodium phosphate, natural flavors, maltodextrin)",['dairy']
3571,"rosemary crackers ([enriched flour (wheat flour, niacin, reduced iron, thiamine mononitrate, riboflavin, folic acid) malt barley flour], expeller pressed canola oil, sesame seeds, sugar, minced onion, rosemary, minced garlic, sea salt, caraway seeds, poppy seeds, yeast)","['wheat', 'gluten', 'sesame']"
3572,certified organic raw cacao,[]
3573,steviol glycoside (stevia),[]
3574,"semisweet chocolate (sugar, chocolate liquor, cocoa butter milkfat, soy lecithin, natural flavor, salt)","['dairy', 'soybeans']"
3575,contains less than 2% of: disodium phosphate,[]
3576,"fully cooked ham strips water added smoke flavoring added (pork, water, salt, sugar, sodium phosphates, smoke flavoring, sodium erythorbate, sodium nitrite)",[]
3577,farro wheat,"['wheat', 'gluten']"
3578,and salt,[]
3579,grade a pasteurized cultured reduced fat milk,['dairy']
3580,hydrogenated vegetable oil (palm kernel and soybean oil),['soybeans']
3581,whole grain teff seed,[]
3582,organic whole grain wheat,"['wheat', 'gluten']"
3583,baby shrimp,['shellfish']
3584,"yogurt flavored covered waffle cone pieces (yogurt flavored coating [sugar, palm kernel oil and/or palm oil, nonfat dry milk, whey powder, nonfat yogurt powder {cultured whey, nonfat milk}, titanium dioxide {color}, soy lecithin, lactic acid, vanilla], waffle cone [wheat flour, sugar, vegetable shortening {soybean and/or palm oil}, salt, soy lecithin], gum arabic, corn syrup, confectioner's glaze)","['dairy', 'wheat', 'soybeans']"
3585,"imitation bacon flavored chiplets (textured vegetable protein [soy flour, caramel color], soybean oil, salt, natural flavors)",['soybeans']
3586,celery seed spice extract,['celery']
3587,filling: cooked ground beef,[]
3588,"water food color (propylene glycol, yellow #5 & yellow #6, red #40, caramel color)",[]
3589,"leavening (calcium carbonate, baking soda, aluminum sodium sulfate, monocalcium phosphate, sodium acid pyrophosphate)",[]
3590,"reduced fat low moisture mozzarella cheese (pasteurized reduced fat milk, cheese culture, salt, enzymes, vitamin a palmitate)","['dairy', 'gluten']"
3591,"n&a flavor (acacia gum, propylene glycol)",[]
3592,nonfat dry milk oat fiber,['dairy']
3593,"organic coconut milk powder (coconut milk, maltodextrin)",['tree nuts']
3594,contains less than 2% of the following: ascorbic acid (vitamin c),[]
3595,hydrolyzed corn and soy and wheat protein,"['wheat', 'soybeans']"
3596,organic whole raisin puree,[]
3597,contains 1% or less of: cellulose gel,[]
3598,"brown rice syrup (brown rice, water)",[]
3599,corn puree,[]
3600,vegetable oil (palm and/or palm kernel),[]
3601,high maltose syrup,[]
3602,sodium phospate (sodium hexametaphosphate),[]
3603,bananas (ascorbic acid and citric acid added to promote color retention),[]
3604,"lemon juice mix (water, lemon juice {filtered water, lemon juice concentrate, lemon oil}, citric acid)",[]
3605,lactobacillus plantarum heal 9,[]
3606,gellan guma,[]
3607,grape seed extract,[]
3608,"seasoning (salt, natural flavors, dextrose, yeast extract, buttermilk, beet powder [color], maltodextrin, nonfat milk, onion powder, cheddar cheese [milk, salt, cultures, enzymes], whey, citric acid, lactic acid, whey protein concentrate, annatto extract, butter [cream], extractives of paprika, vinegar)",['dairy']
3609,organic nori flakes,[]
3610,cane sugara1,[]
3611,organic lemon juice xanthan gum,[]
3612,cocoa (natural and processed with alkali),[]
3613,"caramel swirl (sugar, water, coconut oil, salt, corn starch, pectin)",[]
3614,"tofu (water, soybeans, calcium sulfate, calcium chloride)",['soybeans']
3615,fruit on the bottom: blueberries,[]
3616,fumaric acid (to preserve freshness),[]
3617,"sauce (water, cream, part skim mozzarella cheese [pasteurized part skim milk, skim milk, salt, cultures, enzymes], parmesan cheese [part-skim milk, cheese culture, salt, enzymes], soybean oil, vermont white cheddar cheese [cheddar cheese {pasteurized milk, cheese culture, salt, enzymes}, potato starch, natamycin], sherry wine, romano cheese from cow's milk [cultured part-skim milk, salt, enzymes], nonfat dry milk, contains 2% or less of: modified corn starch, salt, modified rice starch, gelatin, xanthan gum, flavoring, guar gum)","['dairy', 'soybeans']"
3618,"anti-caking blend (potato starch, corn starch, cellulose, natamycin [a natural mold inhibitor])",[]
3619,perch fish fillets,['fish']
3620,"folic acid]), sodium phosphates, guar gum, xanthan gum mono & diglycerides, unsalted butter (cream [milk]",['dairy']
3621,potassium metabisulfites (preservative),"['sulphur dioxide', 'sulphites']"
3622,"pork flavor (pork broth, rendered bacon fat [{cured with water, salt, sugar, dextrose, sodium erythorbate, sodium nitrite}, tbhq and citric acid], salt, smoked flavor, yeast extract)",[]
3623,fructose-glucose syrup mixed with sugar,[]
3624,organic alkalized cocoa (for color),[]
3625,medium chain triglycerides (from coconut and palm),[]
3626,"milk chocolate (sugar, cocoa butter, dry whole milk, chocolate liquor, soy lecithin (added as an emulsifier), salt)","['dairy', 'soybeans']"
3627,sweetened with a nutritive sweetener and a non-nutritive sweetener,[]
3628,"cultured buttermilk (buttermilk, whey, lactic acid)",['dairy']
3629,fouc acio,[]
3630,"chili bits (glutinous rice, soy sauce [water, soybean, wheat, salt], sugar, starch, chili, artificial color fd&c yellow 5 and yellow 6)","['soybeans', 'wheat']"
3631,peanuts,['peanuts']
3632,contains less than 2 % of the following: white grape juice concentrate,[]
3633,"whole milk mozzarella cheese (pasteurized milk, cheese cultures, salt, enzymes)",['dairy']
3634,clover honey,[]
3635,"herbes de provence (thyme, basil, fennel, savory, rosemary, lavender, tarragon)",[]
3636,"diced red bell peppers (red bell peppers, vinegar, salt, sodium benzoate, calcium chloride)",[]
3637,vegetable fibers,[]
3638,less than 2% of caramel color,[]
3639,scampi,['shellfish']
3640,"provolone cheese (pasteurized milk, cultures, salt, enzymes)",['dairy']
3641,white sesame seeds,['sesame']
3642,"baking powder (monocalcium phosphate, sodium bicarbonate [baking soda], corn starch)",[]
3643,"yeast (yeast, starch, ascorbic acid)",[]
3644,comino and corn oil,[]
3645,"parmesan and romano made from cow's milk (pasteurized part-skim cow's milk, cheese cultures, salt, enzymes)",['dairy']
3646,carrageenan and pectin,[]
3647,"flour (enriched wheat flour [wheat flour, malted barley flour, niacin, iron, thiamin mononitrate, riboflavin, folic acid], whole wheat flour)","['gluten', 'wheat']"
3648,"beef demi-glace (reduced wine, vegetable juice concentrates [tomato, onion, carrot, celery], maltodextrin, sugar, beef stock, natural flavor, salt, butter, yeast extract, and beef fat)",['dairy']
3649,artificial color (including yellow 6),[]
3650,shallot & lime peel,[]
3651,less than 2% of: corn syrup,[]
3652,sauce and cooked lightly breaded chicken patties: water,[]
3653,2% or less of: wheat flour,"['wheat', 'gluten']"
3654,"hoisin sauce (sugar, water, salt, sweet potato powder, rice vinegar, less than 2% of corn starch, soybeans, sesame paste, spices, wheat flour, garlic, chili pepper)","['soybeans', 'sesame', 'wheat']"
3655,yuzu extract,[]
3656,less than 2% of: green bell peppers,[]
3657,"sausage gravy (water, pork sausage [pork, seasoning (salt, spices, monosodium glutamate)] gravy mix [palm oil, modified food starch, enriched bleached flour (wheat flour, niacin, iron, thiamin mononitrate, riboflavin, folic acid), maltodextrin, corn syrup solids, salt, yeast extract, monosodium glutamate, contains less than 2%: sodium caseinate, tomato powder, pepper, color added, monoglycerides, dextrose, turmeric, paprika, natural flavors], cultured dextrose)","['wheat', 'gluten', '**dairy']"
3658,contains 2% or less of molasses,[]
3659,contains 2% or less of each of the following: coconut oil,[]
3660,turmeric extract for color,[]
3661,"dijon mustard (vinegar, water, mustard seed, salt, white wine, citric acid, tartaric acid, spices)",['mustard']
3662,eco-farmed whole grain brown rice,[]
3663,soybean,['soybeans']
3664,organic spearmint,[]
3665,"glazed turkey tenderloins (cooked turkey tenderloins, water, modified cornstarch, seasoning [autolyzed yeast extract, maltodextrin, salt, turkey flavor, turkey stock, flavor, gum arabic], carrageenan, canola oil, sodium phosphate, natural flavoring, salt, potassium chloride, paprika)","['wheat', 'gluten']"
3666,"bleached enriched wheat flour (contains niacin, reduced iron, thiamine mononitrate (vitamin b1), riboflavin (vitamin b2), folic acid)","['wheat', 'gluten']"
3667,calcium chloride and potassium sorbate (preservatives),[]
3668,and baking soda (sodium bicarbonate),[]
3669,"soy sauce (water, wheat, defatted soybeans, salt)","['soybeans', 'wheat', 'gluten']"
3670,flake salt,[]
3671,light cream,['dairy']
3672,valerian root extract,[]
3673,palm and coconut oil,[]
3674,preserved with sulphur dioxide,"['sulphur dioxide', 'sulphites']"
3675,potassium sorbate (preserves freshness),[]
3676,and sea salt,[]
3677,"pickle relish (cucumbers, water, vinegar, salt, natural flavors, mustard seeds, red peppers, xanthan gum, turmeric)",['mustard']
3678,color (fd&c blue #1),[]
3679,cherry extract,[]
3680,sprouted flaxseed,[]
3681,"egg shade (salt, fd&c yellow #5 and fd&c yellow #6)",['eggs']
3682,1% sodium benzoate (preservative),[]
3683,"chile lime seasoning (salt, maltodextrin, citric acid, spices, paprika, garlic powder, extractives of paprika, spice extractives, natural flavors (including lime and lemon oil), with calcium stearate and silicon dioxide added to prevent caking)",[]
3684,"mozzarella cheese (pasteurized part skim milk, cheese cultures, salt, enzymes, powdered cellulose added to prevent caking, natamycin a natural mold inhibitor)","['dairy', 'wheat', 'gluten']"
3685,corned beef seasoning,[]
3686,lemongrass sauce: water,[]
3687,citric and malic acid,[]
3688,"seasoning blend (sea salt, corn starch, cane sugar, organic whey, maltodextrin, onion, yeast extract, garlic, spices [thyme, celery seed, white pepper], turmeric, parsley)","['celery', '**dairy']"
3689,palm oil and soybean oil,['soybeans']
3690,contains tartrazine,[]
3691,"fructan (nutra flora, prebiotic dietary fiber)",[]
3692,"shrimp (raw shrimp, water, salt, sodium tripolyphosphate to retain moisture)",['shellfish']
3693,"chopped pickles (cucumbers, water, vinegar, salt, calcium chloride, xanthan gum)",[]
3694,"salted garlic (garlic, salt)",[]
3695,green chilies(contains citric acid),[]
3696,beta carotene for color,[]
3697,green applesa,[]
3698,"apocarotenal [color]), modified food starch (corn), enriched wheat flour (non brominated [wheat flour bleached","['wheat', 'gluten']"
3699,soy lecithin and caramel color (class iv),['soybeans']
3700,fennel powder,[]
3701,"milk chocolate (sugar, milk, cocoa butter, chocolate liquor, soy lecithin [an emulsifier], vanillin [an artificial flavor])","['dairy', 'soybeans']"
3702,unbleached enriched wheat flour,"['wheat', 'gluten']"
3703,corn oil with spice extract,[]
3704,sodium bisulfites (as a preservative),"['sulphur dioxide', 'sulphites']"
3705,"contains 2% or less of each of: baking powder (monocalcium phosphate, sodium bicarbonate, corn starch)",[]
3706,acidity corrector: lactic acid,[]
3707,organic orange juice not from concentrate,[]
3708,"apple filling (water, glucose-fructose syrup, apples, modified corn starch, sugar, gellan gum, artificial flavor, malic acid, potassium sorbate [preservative], sodium metabisulfite [preservative], cinnamon, nutmeg, fd&c yellow #6, caramel color)",[]
3709,sodium benzoate and calcium disodium edta (to protect quality),[]
3710,"vegan spicy mayo (canola oil, brown rice syrup, apple cider vinegar, soy protein, sea salt, mustard flour, lemon juice concentrate)","['soybeans', 'mustard']"
3711,aromatic bitters [water,[]
3712,bacon: pork,[]
3713,silicon dioxide (anti-caking),[]
3714,organic cultured unpasteurized milk,['dairy']
3715,potassium sorbate and sodium benzoate (maintains),[]
3716,organic cocoa butter,[]
3717,vegetable mix: baby green leaf lettuce,[]
3718,calcium disodium edta added to protect flavor),[]
3719,"colors (blue 1 lake, yellow 5, red 3, red 40, annatto [color], blue 1, blue 2, blue 2 lake, red 40 lake, yellow 5 lake, yellow 6, yellow 6 lake)",[]
3720,whole wheat,"['wheat', 'gluten']"
3721,strawberry and raspberry juice concentrates,[]
3722,partially hydrogenated vegetable shortening (contains one or more of the following: cottonseed and/or soybean oil),['soybeans']
3723,yellow #5 [color],[]
3724,"rice vinegar (water, alcohol, glutinous rice)",[]
3725,organic sprouted whole soybeans,['soybeans']
3726,natural citric acid,[]
3727,red 40 color and artificial flavor,[]
3728,less than 2% of: carrageenan,[]
3729,bha&bht preservatives,[]
3730,concentrated organic grape juice,[]
3731,"dill relish (cucumbers, salt, water, distilled vinegar, alum, xanthan gum, 0.1% potassium sorbate and sodium benzoate as preservatives, natural spice flavors)",[]
3732,yogurt: pasteurized grade a whole milk,['dairy']
3733,ground corn treated with lime,[]
3734,xanthan gum (thikener),[]
3735,fruit juice concentrate and titanium dioxide (color),[]
3736,contains less than,[]
3737,soy sauce powder [soy sauce {fermented soybeans,['soybeans']
3738,"organic mint tea (water, organic spearmint)",[]
3739,apple juice (water and apple juice concentrate),[]
3740,(for color),[]
3741,"unbleached flour (wheat flour, malted barley flour, niacin, iron, thiamin mononitrate, riboflavin, folic acid)","['wheat', 'gluten']"
3742,natural flavors caramel colors,[]
3743,"cooked red potatoes (red potatoes, water, salt)",[]
3744,organic lime oil and/or organic lime juice,[]
3745,cellulose powder for freshness,[]
3746,contains 2% or less of: cream,['dairy']
3747,fd&c #6,[]
3748,mushroom powder,[]
3749,"american cheese (milk, cheese culture, salt, enzymes, water, cream, whey, sodium citrate, tricalcium phosphate, salt, sorbic acid (preservative), lactic acid, color added (titanium dioxide)",['dairy']
3750,tocopherols preservative,[]
3751,snap peas,[]
3752,"pasteurized process cheddar cheese: cheddar cheese (pasteurized milk, cheese culture, salt, enzymes)",['dairy']
3753,"emulsifier (mono- and diglycerides with preservatives [mixed tocopherols, ascorbic acid and citric acid], polysorbate 60, soy lecithin)",['soybeans']
3754,contains 2% or less of each of the following: modified corn starch,[]
3755,turkey breast,[]
3756,blueberry filling: blueberries,[]
3757,crunchy cheese curls - corn meal,[]
3758,"yeast nutrients (ammonium sulfate, calcium sulfate, monocalcium phosphate)",[]
3759,less than 2 percent of titanium dioxide,[]
3760,contains 2% or less of salt,[]
3761,"leavening (sodium acid pyrophosphate, sodium bicarbonate corn starch, monocalcium phosphate)",[]
3762,"organic cold-pressed juices (cucumber, ginger, apple, spinach, romaine lettuce, kale, lime, lemon)",[]
3763,soy lecithin [emulsifier],['soybeans']
3764,high fructose corn syrup and less than 2% of: ginger extract,[]
3765,"enriched flour (wheat flour,niacin, reduced iron, thiamine, mononitrate, riboflavin, folic acid)","['wheat', 'gluten']"
3766,"yeast nutrients (calcum sulfate, calcium phosphate)",[]
3767,"panko japanese style bread crumbs (enriched wheat flour [enriched with niacin, reduced iron, thiamin mononitrate, riboflavin, folic acid], dextrose, sugar, yeast, salt)","['wheat', 'gluten']"
3768,"white morsels (sugar, fractionated palm kernel oil, milk, nonfat milk, hydrogenated palm oil, soy lecithin, natural flavor)","['dairy', 'soybeans']"
3769,"seasoning (salt, modified food starch, sodium phosphates, chicken broth, natural flavors)",[]
3770,organic spices include: sage,[]
3771,cocoa powder processed with alakli natural and artificial favors,[]
3772,fried rice seasoning [salt,[]
3773,"whole grain blend (white whole wheat flour, brown rice flour, whole grain oat flour)","['wheat', 'gluten']"
3774,"hydrogenated vegetable oil blend (palm kernel, palm, soybean and cottonseed oils)",['soybeans']
3775,"organic part skim mozzarella cheese (organic pasteurized milk, cultures, salt, enzymes)",['dairy']
3776,contains 1% or less of citric acid,[]
3777,potassium acetate,[]
3778,green split pea,[]
3779,onion puree,[]
3780,living bacterial culture,[]
3781,"coconut blend (water, coconut cream)",[]
3782,thiamine mononitrate (b1),[]
3783,organic carrots 1,[]
3784,ascorbic acid and citric acid added to maintain color,[]
3785,caramelized coconut,[]
3786,refined soybean oil,['soybeans']
3787,"coconutmilk (filtered water, coconut cream)",[]
3788,ascorbic acid (acidity regulator),[]
3789,"beef flavor (water, beef flavor, salt)",['dairy']
3790,"natural flavor (butter powder, [butter {cream, salt}], nonfat milk solids, salt, natural flavors)",['dairy']
3791,contains less than 2% of the following ingredients: organic corn starch,[]
3792,glyceryl lactoesters of fatty acids,[]
3793,high oleic sunflower and/or canola and/or palm oil,[]
3794,contains 2% or less water,[]
3795,brine,[]
3796,and less than 2% of the following: pork broth with natural flavorings,[]
3797,may_contain less than 2% sugar,[]
3798,artificial flavor (vanilla powder) and soy lecithin (an emulsifier),"['soybeans', '**dairy']"
3799,fd&c yellow no 5,[]
3800,leavening [sodium acid pyrophosphate,[]
3801,hi-maize resistant starch,[]
3802,"cream (cream, milk, cellulose gum, guar gum, carob and locust bean gum, mono - and diglycerides, carrageenan)",['dairy']
3803,peeled whole tomatoes,[]
3804,puree,[]
3805,"mayonnaise (soybean oil and/or canola oil, egg yolk, vinegar, cane sugar, water, salt, spice)","['eggs', 'soybeans']"
3806,enzyme modified cream,[]
3807,sulphur,"['sulphur dioxide', 'sulphites']"
3808,mono and diglycerides with ciitric acid (antioxidant),[]
3809,"dried cranberries (cranberries, cane sugar, glycerin, citric acid, sunflower seed oil)",[]
3810,cultured wheat starch (mold inhibitor),"['wheat', 'gluten']"
3811,sauce and vegetables: carrots,[]
3812,diced celery,['celery']
3813,"mashed potatoes (water, mashed potatoes [potatoes, sodium acid pyrophosphate {to retain color}, potassium sorbate {preservative}], potato flakes [potatoes, mono- and diglycerides, sodium acid pyrophosphate {to retain color}, citric acid], milk [with vitamin d3], salted butter [cream, salt], salt, spices)","['dairy', 'wheat', 'gluten']"
3814,natural flavors and artifical flavors,[]
3815,"food acids added (citric, phosphoric, malic, tartaric)",[]
3816,"vegetable oil (soybean, canola and/or corn oil) onion",['soybeans']
3817,organic sprouted maize,[]
3818,soluble fiber,[]
3819,"butter popcorn flavor base (high fructose corn syrup, modified corn starch, natural flavor, xanthan gum)",[]
3820,sodium stearoyl-2-lactylate,[]
3821,"sauce (water, tomato paste, seasoning [salt, sugar, onion powder, spices, garlic powder, xanthan and guar gum, potassium sorbate, citric acid, tricalcium phosphate, soybean oil], modified food starch)",['soybeans']
3822,contains 2% or less of each: belgian chocolate liquor,[]
3823,"breaded with enriched bleached wheat and enriched durum flours (enriched with niacin, ferrous sulfate, thiamine mononitrate, riboflavin, folic acid)","['wheat', 'gluten']"
3824,"dough conditioners (enriched flour [wheat flour, niacin, reduced iron, thiamine mononitrate, riboflavin, folic acid], ascorbic acid, enzymes)","['wheat', 'gluten']"
3825,(palm and canola oils),[]
3826,contains 2% or less of corn starch - modified,[]
3827,"star fruita (with sugar, citric acid, sulfur dioxide)","['sulphur dioxide', 'sulphites']"
3828,wine solids (sulfites),"['sulphur dioxide', 'sulphites']"
3829,"mandarin oranges (prepared with water, sugar citric acid, modified cornstarch, mandarin juice concentrate, cultured dextrose, salt",[]
3830,no more than 2% silicon dioxide added to prevent caking,[]
3831,"contains 2% or less of: strawberry flavored topping (sugar, corn cereal, corn syrup, food starch-modified, soybean oil, partially hydrogenated soybean oil, natural flavor, citric acid, red 40 lake, blue 2 lake)",['soybeans']
3832,muffin: water,[]
3833,contains 1% or less of: mustard flour,['mustard']
3834,"sauce (water, tomato paste, soybean oil, modified food starch, salt, spices, garlic powder, xanthan gum, paprika, onion powder, parmesan cheese [pasteurized cultured part-skim milk, salt, enzymes])","['soybeans', 'dairy']"
3835,tomatoes diced,[]
3836,"parmesan cheese (parmesan cheese [pasteurized part-skim milk, cheese cultures, salt, enzymes], powdered cellulose to prevent caking, sorbic acid to protect flavor)",['dairy']
3837,"zaru soba noodles (wheat flour, buckwheat flour, yam flour, salt, water)","['wheat', 'gluten']"
3838,sugar or high-fructose corn syrup,[]
3839,vitamin k-1,[]
3840,"vegetable shortening (partially hydrogenated soybean, or cotton seed)",['soybeans']
3841,"raising agents (ammonium bicarbonate, sodium bicarbonate)",[]
3842,yellow #5 and blue #1,[]
3843,"organic vegetable broth (water, organic vegetable concentrate blend [organic tomato, organic celeriac, organic onion, organic carrot], organic celery, organic carrot, organic dextrose, organic molasses, yeast extract, organic pear juice concentrate, organic turmeric, organic flavoring, organic onion powder)",['celery']
3844,"crisp rice (rice, brown sugar, salt, distilled monoglycerides)",[]
3845,"gluten free tamari (water, soybeans, salt, alcohol)",['soybeans']
3846,"bleu cheese (pasteurized milk, cheese cultures, salt, enzymes, penicillium roqueforti, powdered cellulose [prevent caking])",['dairy']
3847,and red 40,[]
3848,"vegan buttery spread [(oil blend (palm fruit, canola, olive), water, salt, natural flavor, sunflower lecithin, lactic acid, annatto extract], organic brown sugar, vegan chocolate (organic sugar, chocolate, cocoa butter, soy lecithin, vanilla bean), water, tapioca syrup, less than 2% of: palm fruit oil, pure vanilla extract (water, alcohol 40%, vanilla beans), cream of tartar, sunflower lecithin, kosher salt, baking soda, guar gum, konjac, xanthan gum","['dairy', 'soybeans']"
3849,medium chain triglycerides from coconut oil,[]
3850,organic roasted sunflower seed,[]
3851,calcium chloride (to promote firmness),[]
3852,methyl cellulose,[]
3853,enzyme (added for improved baking),[]
3854,"chicken base (cooked chicken, salt, chicken fat, sugar, maltodextrin (from corn), hydrolyzed wheat gluten, natural flavoring, potato starch, yeast extract)","['wheat', 'gluten']"
3855,"dijon mustard (distilled vinegar, water, mustard seed, salt, white wine, citric acid, tartaric acid, spices)",['mustard']
3856,"modified egg yolk (egg yolk, salt, phospholipase)",['eggs']
3857,"cane sugar (brown, white)",[]
3858,organic cumin seeds,[]
3859,"red peppers (sweet peppers, water, citric acid)",[]
3860,7%,[]
3861,"sour cream (cream, nonfat dry milk, cultures)",['dairy']
3862,"enriched malted wheat flour (wheat flour, malted barley flour, niacin, reduced iron, thiamine mononitrate, riboflavin, folic acid)","['wheat', 'gluten']"
3863,"soy sauce (water, soybeans, wheat, salt, caramel color)","['soybeans', 'wheat', 'gluten']"
3864,less than 1%: pectin,[]
3865,"lemon powder (corn syrup solids, lemon juice solids, lemon oil)",[]
3866,"fd&c colors (yellow 5 & 6, red 40, blue 1)",[]
3867,"salted caramel (sugar, sea salt, natural flavor)",[]
3868,spices (including black pepper),[]
3869,riboflavin(vitamin b2),[]
3870,ingredients: sweet potato juice from concentrate,[]
3871,"stabilizer (xanthan gum, carob bean gum, guar gum)",[]
3872,"leavening blend (sodium acid pyrophosphate, baking soda, monocalcium phosphate)",[]
3873,creme fraiche,['dairy']
3874,dried eggs,['eggs']
3875,high fructose corn syrup and/or dextrose,[]
3876,concentrated lemon juice citric acid,[]
3877,"dark chocolate (chocolate, sugar, cocoa butter, soy lecithin, natural vanilla extract)",['soybeans']
3878,whole grain millet flour,[]
3879,natural rosemary flavor,[]
3880,"organic half & half (organic milk, organic cream)",['dairy']
3881,"organic pasta (organic corn flour, organic quinoa flour)",[]
3882,contains 2% or less of: modified wheat starch,"['wheat', 'gluten']"
3883,sunflower oil],[]
3884,organic coconut butter,[]
3885,"croutons: enriched wheat flour (enriched with niacin, reduced iron, thiamine mononitrate, riboflavin, folic acid)","['wheat', 'gluten']"
3886,contains 2% or less of: canolol,[]
3887,"sour cream (cultured cream, nonfat dry milk ,gelatin)","['dairy', 'eggs']"
3888,contains 2% or less spices,[]
3889,organic rolled wheat,[]
3890,"white cooking wine (white wine, salt, sulphites)",['sulphites']
3891,"anti-oxidant containing raisins (rains, vegetable oil)",[]
3892,"organic cultured greek yogurt (pasteurized organic nonfat milk, live and active cultures [l. bulgaricus, s. thermophilus, l. acidophilus, b. bifidus, l. rhamnosus, l. casei])",['dairy']
3893,triticale flour,[]
3894,chile guajillo,[]
3895,rice flour and rice bran extract,[]
3896,"fresh natural white cheese curds (cultured pasteurized milk, salt and enzymes)",['dairy']
3897,sunflower oil with tocopherol to protect flavor,[]
3898,"dark chocolate flavoured coating (sugar, palm kernel oil [rspo certified], cocoa powder, sunflower lecithin, salt) walnuts",['tree nuts']
3899,polysorbate 80 (emulsifier),[]
3900,"sushi vinegar (sugar, rice vinegar, water, salt, citric acid, kelp extract (kelp extract, sorbitol, maltitol, hydrogenated starch hydrolysates, alcohol, salt, xanthan gum), avocado, pickled ginger (ginger, water, salt, sugar, vinegar), sesame seeds, seaweed, lettuce",['sesame']
3901,"chipotles (chipotles peppers, water, tomato paste, sugar, onion, and vinegar)",[]
3902,"fruit center: fruit puree (white grape, pear and blueberry)",[]
3903,corn masa,[]
3904,sugar and lime juice],[]
3905,"tomato crisp (rice flour, pea and/or potato starch, corn flour, pea and/or potato fiber, dried tomatoes, sugar, salt, dried red beets, dried carrots, paprika, turmeric) sunflower oil",['**soybeans']
3906,garlic in oil,[]
3907,sauce: invert sugar,[]
3908,tocopherols (added to preserve freshness),[]
3909,contains less than 1% of each of the following: soy flour,['soybeans']
3910,mung bean sprout,[]
3911,"blend of vegetable oil (canola, corn)",['**soybeans']
3912,"enzymes), white pepper, garlic powder",[]
3913,( palm oil),[]
3914,"contains 2% or less of: tomato puree (tomato paste, water)",[]
3915,"milk (milk, ascorbic acid [vitamin c] and vitamin d2)",['dairy']
3916,"garlic puree (garlic, distilled vinegar)",[]
3917,"vegetable shortening (palm, fractionated palm and canola oils)",[]
3918,"romano cheese (pasteurized cow's milk, cheese cultures, salt, enzymes, powdered cellulose)",['dairy']
3919,ascorbic acid and tocopherols (vitamin c and vitamin e to help maintain freshness),[]
3920,"dough conditioners (contains one or more of the following: mono & diglycerides, ethoxylated mono and diglycerides, sodium stearoyl lactylate, calcium peroxide, datem, ascorbic acid, enzymes)",[]
3921,"poultry seasoning (sage, thyme, black pepper, red pepper, nutmeg)",[]
3922,"pepperoni (pork, beef, salt, spices, dextrose, lactic acid starter culture, paprika oleoresin, natural flavoring, sodium nitrite, bha, bht, citric acid)",[]
3923,vegetable oil (cottonseed and/or canola and/or soybean),['soybeans']
3924,"seasoning [{parmesan cheese (made from pasteurized cow's milk, culture, enzymes, salt)}",['dairy']
3925,"sauce (water, spice [creamer {sunflower oil, corn syrup solids, sodium casienate, mono- and diglycerides, dipotassium phosphate, 2% or less of tricalcium phosphate, soy lecithin, tocopherols added to protect flavor}, maltodextrin, modified food starch, salt, sugar, cultured buttermilk, onion powder, garlic powder, less than 2% of spices, citric acid, lactic acid, xanthan gum, natural & artificial flavor], tomato paste, hot sauce [aged red cayenne peppers, distilled vinegar, salt, garlic])","['dairy', 'soybeans', '**gluten']"
3926,"yogurt flavored coating (sugar, modified oils [palm kernel and/or palm], nonfat milk powder, whey powder, yogurt powder [whole milk powder, nonfat milk powder, lactic acid, citric acid, bacterial cultures], titanium dioxide color, soy lecithin [emulsifier], lactic acid, vanilla flavor)","['dairy', 'soybeans']"
3927,"cream cheese (pasteurized nonfat milk and milkfat, cheese culture, whey protein concentrate, salt guar gum, carob bean gum)",['dairy']
3928,"cooked italian style meatballs (beef, pork, water, bread crumbs (wheat flour, water, salt, yeast, soybean and/or cottonseed oil, ammonium chloride, potassium bromate, calcium propionate), romano cheese (may contain pasteurized cow's milk, culture, salt, enzymes, or pasteurized sheep's milk, lactic acid, salt, rennet), textured vegetable protein (soy protein concentrate, caramel color), eggs, ricotta cheese (whey, skimmed milk, cream, vinegar, xanthan gum, locust bean gum and guar gum (stabilizers)), salt, garlic, parsley, spices, caramel color, brown sugar, and flavorings)","['dairy', 'eggs', 'wheat', 'soybeans']"
3929,"brown sugar1 (sugar, molasses)",[]
3930,soy lecithin (an emulsifier) whole milk powder,"['dairy', 'soybeans']"
3931,"avocado ranch dressing (soybean oil, non fat sour cream [cultured skim milk, corn starch, tapioca starch, carrageenan, locust bean gum], water, avocado, egg yolk, cilantro, less than 2% of dried garlic, dried bell pepper, sugar, distilled vinegar, salt, modified corn starch, dried onion, gluconic acid, apple cider vinegar, spices, lime juice concentrate, seasoning blend (dextrose, salt, natural flavors, modified corn starch], xanthan gum, guar gum, tocopherols, phosphoric acid, ground mustard, fruit juices and turmeric extract [color], dried lemon peel, citric acid, maltodextrin, cultured dextrose), grape tomatoes, turkey breast (turkey breast, water, contains 2% or less of salt, sugar, vinegar, cultured celery juice, cherry powder), bacon bits (bacon cured with water, salt, sodium phosphates, sodium erythorbate, sodium nitrite. may also contain: sugar, brown sugar, and natural smoke flavor), cheddar cheese (cheddar cheese (pasteurized milk, cheese culture, salt, enzymes annatto {vegetable color)], potato starch and powdered cellulose [to prevent caking], natamycin [a natural mold inhibitor]), green leaf lettuce","['dairy', 'eggs', 'soybeans']"
3932,fill: beef,[]
3933,organic portobello mushrooms,[]
3934,lemon juice concentrate and other natural flavors,[]
3935,contains less than 2% of colors (radish),[]
3936,soy mono- & diglycerides,['soybeans']
3937,"artificial flavors (milk, vanillin)",['dairy']
3938,"chorizo (pork and beef, paprika, salt, sugar, wine, vinegar, spices, garlic, and sodium nitrite)",[]
3939,dark chili powder,[]
3940,"crust (enriched flour [wheat flour, niacin, reduced iron, thiamin mononitrate, riboflavin, folic acid], water, soybean oil, sugar, yeast, contains 2% or less of: leavening [sodium bicarbonate, sodium aluminum phosphate], salt, corn meal, soy lecithin [processing aid])","['**gluten', 'soybeans']"
3941,fire roasted onion,[]
3942,textured wheat gluten,['**gluten']
3943,"cream cheese (pasteurized cultured milk and cream, salt, stabilizers [xanthan and/or caros bean and/or guar gums])",['dairy']
3944,"greek style yogurt coating (sugar, palm kernel oil, lactose, nonfat dry milk solids, yogurt powder, lactic acid, soy lecithin - an emulsifier and natural flavor)","['dairy', 'lactose', 'soybeans']"
3945,sliced hearts of palm,[]
3946,"sherry cooking wine (sherry wine, salt)",[]
3947,"organic dijon mustard (organic apple cider vinegar, water, organic mustard seed, salt, organic spices)",['mustard']
3948,"cheddar cheese (pasteurized milk, cheese culture, salt, enzymes, anticaking blend [potato starch, powder cellulose])",['dairy']
3949,"salsa picante dressing (water, cultured lowfat buttermilk, soybean oil, cider vinegar, tomato paste, distilled vinegar, sugar, contains less than 2% of salt, egg yolks, corn starch, dehydrated onion, xanthan gum, dehydrated garlic, spices [includes mustard], dehydrated red bell pepper, dehydrated green jalapeno pepper, gum acacia, dehydrated green onion, oleoresin paprika [color])","['dairy', 'eggs', 'mustard', 'soybeans']"
3950,goji berry extract,[]
3951,"enzyme modified cheddar cheese [cheddar cheese (milk, cheese culture, salt, enzymes) and annatto (color)), oleoresin paprika, spice extract, citric acid, milk solids (milk protein concentrate and lactose), onion powder and beta carotene (color)","['dairy', 'lactose']"
3952,stevia rebaudiana leaf extract (sweetener),[]
3953,mild hot pepper,[]
3954,ferrous gluconate (to stabilize color),[]
3955,"sour cream powder(cream, non fat milk, cultures)","['dairy', 'lactose']"
3956,contains less than 2% of sodium caseinate (a milk derivative),['dairy']
3957,organic anaheim chilies,[]
3958,"jalapeno puree (red jalapeno peppers, salt, citric acid)",[]
3959,"pasteurized process horseradish cheddar cheese (aged cheddar cheese [milk, cultures, salt, enzymes], ground horseradish, horseradish flavor, trisodium citrate)",['dairy']
3960,roasted sesame,['sesame']
3961,natural mixed tocopherols,[]
3962,"chocolate flavored coating (sugar, modified vegetable fat [palm kernel and/ or palm], cocoa powder, cocoa powder processed with alkali, soy lecithin, natural vanilla extract)",['soybeans']
3963,certified organic grade a nonfat milk,"['dairy', 'lactose']"
3964,raisins with sulfur dioxide added as a preservative,['sulphur dioxide']
3965,enriched pre-cooked long grain white rice [enriched with niacin,[]
3966,organic red leaf lettuce,[]
3967,"worcestershire sauce (distilled vinegar, molasses, corn syrup, water, salt, caramel color, garlic powder, sugar, spices, tamarind, natural flavor, ammonium sulfite)",[]
3968,"chocolate chips (sugar, chocolate liquor, cocoa butter, soy lecithin)",['soybeans']
3969,"spice leavening (sodium bicarbonate, sodium aluminum phosphate, monocalcium phosphate)",[]
3970,"organic egg noodles (organic semolina wheat flour, organic egg white, organic whole egg)","['eggs', 'gluten', 'wheat']"
3971,acesulfame potassium (non-nutritive sweetener),[]
3972,contains two percent or less of: artificial flavor,[]
3973,sugar dipotassium phosphate,[]
3974,"organic multigrain and seed blend (organic spelt flour, organic cracked barley, organic kamut flour, organic cracked brown rice, organic buckwheat flour, organic sunflower kernels, organic milled carmelized rye, organic millet, organic quinoa, organic amaranth)","['gluten', 'wheat']"
3975,contains five live active cultures including: s,[]
3976,spice extractive,[]
3977,gotu kola,[]
3978,cookie dough with chips {cookie dough [wheat flour,"['gluten', 'wheat', 'eggs']"
3979,leuconostoc cremoris,[]
3980,"baking powder (sodium acid pyrophosphate, sodium bicarbonate, monocalcium phosphate)",[]
3981,"cooked egg whites (egg whites, modified starch, canola oil, xanthan gum)",['eggs']
3982,"pulled pork (pork, seasoning [brown sugar, spices, sea salt, dehydrated garlic, paprika, lemon oil], cider vinegar)",[]
3983,"to maintain freshness (sorbic acid, calcium propionate, potassium sorbate)",[]
3984,best ingredients: whole wheat flour,"['gluten', 'wheat']"
3985,crushed unpeeled tomatoes,[]
3986,"sauce (water, catsup [tomato concentrate {water, tomato paste}, sugar, vinegar, sea salt, spices, dried onion, natural flavors, dried garlic], sugar, onions, tomato paste, worcestershire sauce [vinegar, molasses, water, tamarind, natural flavor, sugar, salt, onion, garlic], chicken fat, apple cider vinegar, modified cornstarch, chili pepper, natural malt flavor [flavor, water, sodium bicarbonate], spices, molasses, garlic powder, salt, smoke flavor, cayenne pepper sauce ([cayenne red peppers, vinegar, water, salt, garlic powder], dried onions, dried garlic), sweet potatoes",[]
3987,"organic sugared eggs (egg yolks, sugar)",['eggs']
3988,fresh gotham greens basil,[]
3989,"beef stock (water, beef base [cooked beef, salt, autolyzed yeast extract, sugar, dehydrated beef extract, onion powder, canola oil, lactic acid powder {with modified corn starch}, caramel color, garlic powder, soy lecithin, maltodextrin])",['soybeans']
3990,"pasteurized process cheese spread (american cheese [pasteurized milk, cheese culture, salt, enzymes], water, whey, sodium phosphate, whey protein concentrate, skim milk, salt, milkfat, artificial color)",['dairy']
3991,vanilla extract],[]
3992,"ingredients: enriched egg noodles (enriched flour [durum wheat flour, wheat flour, niacin, ferrous sulfate (iron), thiamine mononitrate (vitamin b1), riboflavin (vitamin b2), folic acid], water, egg)","['gluten', 'wheat', 'eggs']"
3993,"caramel (cream, non-gmo corn syrup, cane sugar, non-gmo soy lecithin, sodium bicarbonate)","['dairy', 'soybeans']"
3994,sucralose vitamin blend: sodium ascorbate (vitamin c),[]
3995,whey buttermilk,"['dairy', 'lactose']"
3996,xanthan gum stabilizer,[]
3997,"raisins (raisins vegetable glycerin, vegetable oil [canola and/or sunflower oil])",[]
3998,"sesame semolina bread [enriched wheat flour (wheat flour, malted barley flour, niacin, reduced iron, thiamine mononitrate, riboflavin, folic acid)","['gluten', 'wheat', 'sesame']"
3999,scallops (placopecten magellanicus),"['fish', 'shellfish']"
4000,natural chicken flavor,[]
4001,potassium sorbate (preservative),[]
4002,lactococcus sp,[]
4003,"vegetable shortening (interesterified soybean oil, fully hydrogenated soybean oil)",['soybeans']
4004,food,[]
4005,less than 2% of iodized salt (contains potassium iodate),[]
4006,non-homogenized cow milk,['dairy']
4007,"m&m's minis [milk chocolate (sugar, chocolate, skim milk, cocoa butter, lactose, milkfat, soy lecithin, salt, artificial and natural flavors)","['dairy', 'soybeans', 'gluten']"
4008,monobasic potassium phosphate,[]
4009,dehydrated garlic and natural flavoring,[]
4010,"artificial colors (including red 40, blue 2, blue 1)",[]
4011,"enriched wheat flour bleached (flour, niacin, iron, thiamine mononitrate, riboflavin, folic acid)",['gluten']
4012,natamycin (to protect flavor),[]
4013,mozzarella cheese [pasteurized milk,['dairy']
4014,"organic chocolate chips (organic cane sugar, organic chocolate liquor, organic cocoa butter, organic soy lecithin [emulsifier])",['soybeans']
4015,"lemon compote (12%) (water, sugar, lemon juice concentrate, rice starch, flavoring)",[]
4016,organic expeller-pressed palm oil,[]
4017,modified corn starch and salt,[]
4018,contains 2% or less of: aspartame,[]
4019,modified com starch,[]
4020,soy lecithin and pgpr (emulsifiers),['soybeans']
4021,organic celery juice & organic lemon juice,[]
4022,"enriched macaroni product (wheat flour, niacin, ferrous sulfate, thiamin mononitrate, riboflavin, folic acid)",['gluten']
4023,natural flavors (contains soy and wheat),"['soybeans', 'gluten']"
4024,and natural flavor (including smoke),[]
4025,"beta carotene), cream of tartar, sea salt, spices, garlic powder, natural butter flavor",['dairy']
4026,organic cocoa powder (processed with alkali),[]
4027,"nut & seed flour blend (almonds, sunflower seeds, flax seeds) tapioca starch cassava flour organic sunflower oil sun-dried tomatoes sea salt organic onion organic basil organic garlic organic oregano organic pepper rosemary extract (for freshness)",['tree nuts']
4028,"less than 2% of: vegetable gums (carob bean, guar, tara)",[]
4029,coffee capsule: roast & ground coffee,[]
4030,oil of peppermint,[]
4031,szechuan peppercorns,[]
4032,"corn sticks (yellow corn masa, soybean oil, cajun seasoning [maltodextrin, salt, spices & herbs, onion powder, tomato powder, garlic powder, natural flavoring, green pepper powder, cornstarch-modified])",['soybeans']
4033,"onion sauce (onion cubes, white wine. sunflower oil)",[]
4034,citric acid ascorbic acid,[]
4035,"enzymes), onion powder, dextrose, torula yeast, calcium propionate (preservative), sodium stearoyl lactylate, natural flavors (milk), citric acid, parmesan cheese (pasteurized milk",['dairy']
4036,milk),['dairy']
4037,"enriched flour (wheat flour with niacin, reduced iron, thiamin mononitrate, riboflavin, folic acid)",['gluten']
4038,yellow zucchini squash,[]
4039,"candied orange peel (orange peel, cane sugar, safflower oil, ascorbic acid, citric acid)",[]
4040,"dijon mustard (mustard seed, vinegar, water, salt, spices)",['mustard']
4041,natural vanilla flavor (wonf),[]
4042,"bacon (cured with water, salt, [sodium phosphates, sodium erythorbate, sodium nitrite as preservatives]. may contain sugar, brown sugar, and/or smoke flavoring)",[]
4043,natural flavors (including milk),['dairy']
4044,autolyzed yeast extract (yeast extract),[]
4045,organic amaranth sprout,[]
4046,"ripptein pea blend (water, pea protein)",[]
4047,peanut and/or canola and/or cotton seed oil,['peanuts']
4048,"calcium sulfate), fd&c yellow #6, soybean lecithin, fd&c red #40 lake, molasses",['soybeans']
4049,adzuki beans,[]
4050,calcium propionate (to retain freshness) potassium sorbate (to retain freshness),[]
4051,"filling (rapini [broccoli], mozzarella [milk, salt, rennet], bread crumbs [wheat flour, salt, natural yeast], extra virgin olive oil, grana padano cheese [milk, salt, rennet, egg lysozyme], chili pepper sauce [red chili peppers, sunflower oil, extra virgin olive oil, sun dried tomatoes, basil, garlic, salt], garlic, pecorino romano cheese [sheep's milk, salt, rennet], salt)","['dairy', 'wheat', 'eggs']"
4052,chicken tenderloins containing: up to 18% of a solution of water,[]
4053,"cooked seasoned grilled chicken breast strips (boneless chicken breast with rib meat, mirin [water, mirin {water, rice, alcohol, salt, enzyme, koji}, sugar, lactic acid], water, turbinado sugar, less than 2% soy sauce [water, wheat, soybeans, salt], tapioca starch, sea salt, natural flavors)","['soybeans', 'wheat']"
4054,"margarine (soybean oil, modified palm oil, canola oil, water, salt, whey powder, soy lecithin, monoglycerides, natural flavor, annatto color, vitamin a palmitate, citric acid, vitamin d3)","['soybeans', 'dairy']"
4055,"chicken meat (cooked white chicken meat, water, modified corn starch, salt, sodium phosphate)",[]
4056,"enriched cake flour (wheat flour, niacin, reduced iron, thiamine mononitrate, riboflavin, folic acid)","['wheat', 'gluten']"
4057,"cheese sauce mix (cheese blend [whey, cheddar cheese {cultured milk, salt, enzymes}, reduced lactose whey, maltodextrin, canola oil, salt, disodium phosphate, blue cheese {cultured milk, salt, enzymes}, nonfat dry milk, citric acid], modified food starch, whey, corn syrup solids, coconut oil, salt, yeast extract, sodium caseinate, potassium & sodium phosphates, annatto extract [color], sugar, mono & diglycerides, citric acid, xanthan gum, disodium inosinate, soy lecithin)","['dairy', 'soybeans']"
4058,contains 2% or less of the following: organic expeller pressed canola oil,[]
4059,"chocolate chips (dried cane syrup, unsweetened chocolate, cocoa butter, soy lecithin [emulsifier], vanilla)",['soybeans']
4060,potstickers: chicken,[]
4061,reduced mineral whey powder,['dairy']
4062,"cheddar and blue cheese (cultured milk, salt, enzymes)",['dairy']
4063,"vegetable oil (contains one or more of the following: canola, palm, soybean, sunflower)",['soybeans']
4064,"organic ancho stock base (organic flavor, organic cilantro, organic ancho pepper, sea salt, organic cane sugar, organic onion juice concentrate, organic garlic, organic spices, citric acid, organic lime juice concentrate, organic paprika)",[]
4065,whey protein concentrate spice,['dairy']
4066,organic chicken flavor (made from organic chicken),[]
4067,spice yeast extract,[]
4068,"emulsifier (mono- and diglycerides, soy lecithin)",['soybeans']
4069,"preservatives (sodium benzoate, potassium sorbate, sodium propionate)",[]
4070,organic black garlic,[]
4071,"milk chocolate (organic chocolate liquor++, cocoa butter++, nonfat milk, whole milk powder, cane sugar++, organic blue agave inulin, sunflower lecithin, vanilla)","['dairy', 'soybeans']"
4072,thiamin hcl (vitamin b1),[]
4073,"organic banana slices (organic bananas, ascorbic acid, citric acid [to promote color retention])",[]
4074,wheat flour - sugar - whole eggs - leavening: acid sodium pyrophosphate,"['wheat', 'eggs', 'gluten']"
4075,mini beads ingredients: dextrose,[]
4076,"cayenne pepper sauce (aged red peppers, vinegar, salt, garlic)",[]
4077,"live active yogurt cultures (l. bulgaricus, s. thermophilus, l. acidophilus, bifidus, l. casei)]",['dairy']
4078,"enriched flour (wheat flour, niacin, reduced iron, thiamine mononitrate, riboflavin, folic)","['wheat', 'gluten']"
4079,"organic pasta (organic durum wheat flour, organic eggs, water)","['eggs', 'wheat']"
4080,beef powder,[]
4081,"dough (soy flour, wheat flour, rice flour, extra virgin olive oil, salt, mother yeast)","['soybeans', 'wheat']"
4082,"jasmine rice (water, whole grain brown rice, whole grain red rice, jasmine rice)",[]
4083,ascorbic acid added as dough conditioner,[]
4084,organic echinacea purpurea extract,[]
4085,hatch peppers,[]
4086,"red velvet cake (sugar, enriched bleached wheat flour [wheat flour, niacin, reduced iron, thiamine mononitrate, riboflavin, folic acid], dried whole egg, cocoa processed with alkali, soybean oil, nonfat dry milk, emulsifier blend [propylene glycol mono- and diesters of fatty acids, mono- and diglycerides, lecithin, leavening [sodium bicarbonate, sodium aluminum phosphate, monocalcium phosphate], natural and artificial flavor, vital wheat gluten, palm oil, sodium propionate [preservative], food starch-modified, polysorbate 60, sodium stearoyl lactylate, xanthan gum, guar gum, red 40, sorbic acid)","['dairy', 'eggs', 'wheat', 'gluten']"
4087,grains: black quinoa,[]
4088,fumed silica,[]
4089,vegetable oil (contains one or more of the following: canola and/or safflower and/or soybean oil),['soybeans']
4090,"protein blend (pea protein, brown rice protein)",[]
4091,"less than 2% of cheddar club cheese (cheddar cheese [pasteurized milk, cheese culture, salt, enzymes], water, salt, annatto [color])",['dairy']
4092,flax seed,[]
4093,dried onion,[]
4094,contains 1% or less of: cocoa processed with alkali,[]
4095,crushed corn,[]
4096,lactic acis,[]
4097,"parmesan cheese (pasteurized milk, salt, bacterial culture, lipase, calcium chloride, microbial enzyme, corn starch and/or cellulose (as an anticaking agent))",['dairy']
4098,orange juice from concentrate (17%),[]
4099,sodium benzoate & potassium sorbate (to preserve freshness),[]
4100,organic green bell peppers,[]
4101,organic apple juice concentrate,[]
4102,organic amaranth,[]
4103,"butter (cream, salt, natural flavoring)",['dairy']
4104,water and acid citric,[]
4105,less than 2% of the following: dehydrated onions,[]
4106,"peanut butter (roasted peanuts, sugar, contains less than two percent of: fully hydrogenated vegetable oils [rapeseed, cottonseed, soybean], salt, corn syrup)","['peanuts', 'soybeans']"
4107,"cheddar cheese blend (cheddar cheese [pasteurized milk, cultures, salt, enzymes], maltodextrin, whey, buttermilk, salt, sodium phosphate, citric acid, yellow 6, lactic acid, extract of turmeric)",['dairy']
4108,dehydrated green chilies,[]
4109,"stabilizer (propylene glycol monoester, mono and diglycerides, guar gum, cellulose gum, carrageenan)",[]
4110,vitamine e,[]
4111,organic fig paste,[]
4112,contains less than 2% of annatto extract (color),[]
4113,contains less than 1% of salt,[]
4114,"diced sweet pickles (contains cucumbers, sugar, water, salt, vinegar, alum, natural and artificial flavors, turmeric, benzoate of soda added)",[]
4115,shortening (palm oil and soybean oil),['soybeans']
4116,"organic dates (dates, oat flour)",[]
4117,"cheese blend [cheddar cheese (milk, salt, cultures, enzymes)",['dairy']
4118,"basil blend (genovese basil, sunflower oil, salt)",[]
4119,"light corn syrup (corn syrup, salt, vanilla extract)",[]
4120,bht (added to preserve freshness),[]
4121,"brownie (sugar, margarine{liquid soybean oil, partially hydrogenated soybean oil, water, salt, whey, soy lecithin, soy mono and diglycerides, sodium benzoate, artificial butter flavor, beta carotene, vitamin a palmitate}, enriched wheat flour {wheat flour, thiamine mononitrate, niacin, riboflavin, reduced iron, folic acid}, fructose, pasteurized egg, cocoa processed with alkali, water, natural cocoa, brown sugar, unenriched wheat flour, partially hydrogenated soybean oil, baking powder{sodium acid pyrophosphate, sodium bicarbonate, corn starch, mono calcium phosphate}, glycerine, powdered sugar{sugar, corn starch}, natural flavor, potassium sorbate, salt)","['dairy', 'eggs', 'wheat', 'soybeans']"
4122,"pecans), invert sugar, whole milk, nonfat milk solids, molasses, sorbitol, cherries {cherries, corn syrup, water, sugar, citric acid, sodium benzoate and potassium sorbate (preservatives), sulfur dioxide (to promote color retention), fd & c red #401, salt, cocoa powder, raisins, honey, egg albumen, apricots with sulfur dioxide (to promote color retention), natural and artificial flavors, soy lecithin (an emulsifier), spice, tapioca flour, tocopherols (a natural antioxidant), mono am diglyce_rides with citric acid (to help protect flavor), fd & c colors (yellow #5 & #6","['peanuts', 'dairy', 'sulphur dioxide', 'sulphites', 'eggs', 'soybeans']"
4123,vanilla bean specks,[]
4124,caramel coloring and natural flavorings,[]
4125,baby green leaf lettuce,[]
4126,"enriched and bleached wheat flour (niacin, iron, thiamin mononitrate, riboflavin, folic acid)","['wheat', 'gluten']"
4127,sweetened dried cranberries: cranberries,[]
4128,dill oil,[]
4129,"vegetable oil (hydrogenated and/or partially hydrogenated palm kernel, palm and/or coconut oil, soybean, palm, and palm kernel oil with tbhq for freshness)",['soybeans']
4130,"mozzarella mild white cheddar cheese (pasteurized milk, cheese cultures, salt, enzymes)",['dairy']
4131,"sunfish (sunfish, water, salt, sodium tripolyphosphate)",['fish']
4132,"milk chocolate (sugar, cocoa butter, chocolate liquor, milk, soy lecithin as emulsifier, vanilla)","['dairy', 'soybeans']"
4133,natural flavors & oleoresin paprika,[]
4134,fd&c yellow #6],[]
4135,"sesame sticks (unbleached wheat flour [contains malted barley flour as an enzyme additives], soybean oil, sesame seeds, bulgur wheat, salt, beet power [color], turmeric [color])","['wheat', 'soybeans', 'sesame']"
4136,"salted caramel (corn syrup, sweetened condensed whole milk, sugar, water, butter [cream, salt], sea salt, pectin, natural flavor)",['dairy']
4137,organic granulated garlic,[]
4138,5% or less of natural and artificial flavors,[]
4139,pre-gelled small red beans,[]
4140,raisins with sulpher dioxide added as a preservative,"['sulphur dioxide', 'sulphites']"
4141,"pizza sauce: tomato puree (tomatoes, water)",[]
4142,"coating (sugar, palm oil, palm kernel oil, cocoa powder processed with alkali, soy lecithin, vanilla extract)",['soybeans']
4143,yellow #6],[]
4144,contains less than 2% strawberry puree concentrate,[]
4145,vitamin d3+,[]
4146,"durum wheat flour (enriched with iron (ferrous sulfate) and b vitamins (niacin, thiamin, riboflavin, folic acid))","['wheat', 'gluten']"
4147,"potatoes (potato, sodium acid pyrophosphate [color retention])",[]
4148,"organic tamari soy sauce (soybeans, maltodextrin, salt)",['soybeans']
4149,lactic acid parsley,[]
4150,contains less than 2% of salt,[]
4151,vegetable oil (cottonseed and/or canola),[]
4152,"flour (wheat flour, niacin, reduced iron, thiamine, mononitrate, riboflavin, folic acid)","['wheat', 'gluten']"
4153,"calcium propionate), eggplant, anchovies, sea salt, canola oil / italian olive oil, spice, vinegar, sodium bisulfite, 1/10 of 1% benzoate of soda (as a preservative)","['eggs', 'fish', '**sulphites']"
4154,"spices (mustard, chili pepper, cumin, coriander)",['mustard']
4155,spinach puree,[]
4156,garlic powder and flavor,[]
4157,"9 whole grain granola: nine whole grains (oats, barley, white wheat, rye, triticale, spelt, brown rice, millet, buckwheat)",['gluten']
4158,chocolate syrup ingredients: sugar,[]
4159,all natural fresh lemon,[]
4160,natural flavors (milk),['dairy']
4161,"artificial colors (fd&c yellow #5, fd&c yellow #6)",[]
4162,"peanuts [roasted in vegetable oil (peanut, cottonseed, sunflower seed and/or canola)",['peanuts']
4163,"pouch: hot sauce (aged cayenne peppers, vinegar, salt)",[]
4164,"mayonnaise (soybean oil, egg yolks, water, distilled vinegar, salt, mustard flour)","['soybeans', 'eggs', 'mustard']"
4165,"cooked whole grain fusilli pasta (water, whole grain fusilli pasta [whole grain durum wheat flour, semolina (wheat), durum wheat flour, oat fiber], olive oil, sunflower oil, salt, natural flavor)","['wheat', 'gluten']"
4166,black truffle juice [water,[]
4167,wine,[]
4168,"milk (milk, vitamin d3 added)",['dairy']
4169,rosemary extract and ascorbic acid added to maintain freshness),[]
4170,maltodextrin (from potato),[]
4171,"vanilla base (sugar, water, modified corn starch, natural vanilla flavor, citric acid and potassium sorbate [preservatives])",[]
4172,"cherry jam (cherries, sugar, pectin)",[]
4173,organic lime juice from concentrate,[]
4174,"semi-sweet chocolate (sugar, chocolate liquor, cocoa butter, soy lecithin, vanilla)",['soybeans']
4175,yellow capsicum,[]
4176,potassium sorbate & sodium benzoate (to preserve freshness),[]
4177,habaneros,[]
4178,"cheddar cheese (cultured pasteurized milk, salt, enzymes, annatto color)",['dairy']
4179,cake: cane sugar,[]
4180,"romano cheese (pasteurized milk, cheese cultures, salt, and enzymes)",['dairy']
4181,"brownie crisps (unbleached wheat flour, sugar, canola oil, cocoa [processed with alkali], baking soda, salt, natural flavors)","['wheat', 'gluten']"
4182,"peppers (anaheim, jalapeno, serrano)",[]
4183,"vegan butter (vegetable oil blend, water, salt, sunflower lecithin, lactic acid, annatto extract [color])",['**dairy']
4184,"yogurt flavored coating (sugar, rspo hydrogenated palm kernel oil, nonfat milk powder, whey powder, yogurt powder [cultured whey, nonfat milk], titanium dioxide [color], lactic acid, soy lecithin [an emulsifier], vanillin [an artificial flavor])","['dairy', 'soybeans']"
4185,brewed vinegar,[]
4186,"decorations (sugar, corn starch, palm oil, artificial colors ([fd&c red no. 40 aluminum lake, fd&c yellow no. 5 aluminium lake, fd&c yellow no. 6 aluminium lake, fd&c red no. 3, titanium dioxide and mica], citric acid and potassium sorbate as preservative), baking powder, nonfat dry milk, wheat gluten, propylene glycol mono- and diesters of fats and fatty acids, mono- and diglycerides, lecithin, with bht and citric acid to help protect flavor, artificial flavors (water, propylene glycol, artificial flavors, citric acid), modified food starch, cellulose gum, cellulose gel, modified gum acacia, methylcellulose, soy lecithin (emulsifier)","['dairy', 'wheat', 'gluten', 'mustard', 'soybeans']"
4187,brownie bits contain sugar,[]
4188,lard and hydrogenated lard with bht added to protect flavor,[]
4189,"greek yogurt (cultured pasteurized grade a cream, non fat milk, whey protein concentrate, pectin & salt) parmesan cheese (cultured milk, enzymes, salt)",['dairy']
4190,bourbon alcohol,[]
4191,white pearled sorghum flour,[]
4192,"traditional naan (unbleached enriched wheat flour {wheat flour, malted barley flour, reduced iron, thiamine mononitrate, niacin, riboflavin, folic acid}, filtered water, canola oil, sugar, sea salt, yeast, cultured wheat, baking powder {sodium acid pyrophosphate, potato starch, sodium bicarbonate}, enzymes)","['wheat', 'gluten']"
4193,ascorbic acid (vitamin c) added to maintain color,[]
4194,"pasteurized process yellow cheese product: american cheese (milk, salt, cheese cultures, enzymes)",['dairy']
4195,banana split base [pineapple,[]
4196,thompson raisins (contains palm and/or sunflower oil),[]
4197,"smoked provolone cheese (pasteurized milk, cheese culture, salt, enzymes, natural smoke flavor)",['dairy']
4198,"spices mustard), natural flavors, yeast extract, citric acid, rice concentrate, buttermilk, onion powder, garlic powder, cheddar cheese (cultured milk","['mustard', 'dairy']"
4199,"organic uncured ham- no nitrites or nitrates added except for those naturally occurring in cultured celery powder and sea salt (organic pork, water, sea salt, organic honey, cultured celery powder, organic spices)",[]
4200,"dough conditioners (mono and diglycerides, sodium and/or calcium stearoyl lactylate, soy lecithin, calcium carbonate)",['soybeans']
4201,"organic hot pepper jelly seasoning (organic cane sugar, organic bell pepper powder, organic chile peppers, sea salt, organic maltodextrin, organic jalapeno peppers, organic distilled white vinegar citric acid, organic cayenne pepper, organic capsicum extract)",[]
4202,and sodium phosphates],[]
4203,non-gmo tofu: water,['soybeans']
4204,cookie: wheat flour,"['wheat', 'gluten']"
4205,vitamin d2 bakers yeast,[]
4206,phytonadione [vitamin k],[]
4207,"cheddar and asiago cheese (milk, cultures, salt, enzymes)",['dairy']
4208,"preservative (potassium sorbate, sorbic acid)",[]
4209,onion and garlic powder blend,[]
4210,"mayonnaise (expeller pressed canola oil, whole eggs, apple cider vinegar, water, egg yolks, salt, white mustard [distilled white vinegar, water, mustard seeds, salt], lemon juice concentrate)","['eggs', 'mustard']"
4211,topping if present: sesame seeds,['sesame']
4212,"natural pink sugar (sugar, fruit and vegetable coloring, carnauba wax)",[]
4213,"bbq sauce (water, sugar, tomato paste, distilled vinegar, molasses, corn starch, salt, natural smoke flavor, garlic powder, onion powder, chili powder, spices)",[]
4214,"casing (caramel, red 3)",[]
4215,organic stevia extract,[]
4216,l- cysteine hydrochloride,[]
4217,"reduction (tarragon, shallots, water, vinegar)",[]
4218,"bacon (cured with water, salt, sodium phosphates, sodium erythorbate, sodium nitrite, may also contain: sugar, brown sugar, and natural smoke flavor)",[]
4219,"seasoning (salt, dehydrated bell pepper, dehydrated garlic, spices, dehydrated onion, dehydrated parsley)",[]
4220,meringue powder,['eggs']
4221,red wine,[]
4222,contains 2% or less of the following: sucralose,[]
4223,organic tomato puree,[]
4224,"(sodium aliginate, guar gum, calcium chloride)",[]
4225,e,[]
4226,ascorbic acid & citric acid as anti-oxidant,[]
4227,wax,[]
4228,ingredients: oats,[]
4229,"milk chocolate (sugar, milk, cocoa butter, chocolate, soy lecithin (emulsifier), barley malt powder, vanillin (artificial flavoring))","['dairy', 'soybeans']"
4230,coconut gel,[]
4231,soy lecithin and canola oil,['soybeans']
4232,glaze mix ingredients: sugar,[]
4233,alcohol vinegar,[]
4234,"wafers (wheat flour, sugar, palm oil, caramel color, dextrose, contains 2% or less of the following: corn flour, high fructose corn syrup, corn syrup, food starch-modified, cocoa processed with alkali, salt, baking soda, mono and diglycerides, soy lecithin)","['wheat', 'gluten', 'soybeans']"
4235,"leavening (baking soda, sodium aluminum sulfate, monocalcium phosphate, ammonium bicarbonate)",[]
4236,"minced fish blend (pollock, whiting, cod, sole, tilapia)",['fish']
4237,"lemon powder (corn syrup, lemon juice concentrate, lemon oil)",[]
4238,cocoa+,[]
4239,"organic vegetable juice blend (organic tomato paste, organic celeriac juice concentrate, water, organic onion juice concentrate, organic carrot juice concentrate)",[]
4240,stabilizers {carob bean gum,[]
4241,"worcestershire sauce (water, vinegar, soy sauce [water, soybeans, wheat, salt], sugar, salt, garlic powder, onion powder, natural spices)","['soybeans', 'wheat']"
4242,cocoa (11% min. in the cream),['dairy']
4243,mesquite smoke flavor,[]
4244,"cocoa drops (sugar, partially hydrogenated vegetable oil [palm kernel, coconut, palm], cocoa processed with alkali, dextrose, cocoa powder, whey powder, soy lecithin [emulsifier], vanillin [artificial flavor])","['dairy', 'soybeans']"
4245,"milk chocolate (sugar, cocoa butter, chocolate, skim milk, lactose, milkfat, soy lecithin, artificial flavor)","['dairy', 'lactose', 'soybeans']"
4246,"pretzels (enriched wheat flour [wheat flour, niacin, reduced iron, thiamine mononitrate, riboflavin, folic acid], salt, corn oil, sodium bicarbonate, malt syrup)","['wheat', 'gluten']"
4247,"hand pulled rotisserie chicken breast meat - savory fully cooked (chicken breast meat, water, seasoning [salt, maltodextrin, natural flavors, onion powder, yeast extract, garlic powder, canola oil, carrageenan, less than 2% silicone dioxide as an anti-caking agent], sodium tripolyphosphate, salt)",[]
4248,"yogurt flavored confectionery coating (sugar, palm kernel oil, whey powder [milk], nonfat dry milk, dry nonfat yogurt [cultured skim milk], titanium dioxide color, soy lecithin [emulsifier], lactic acid powder, natural vanilla extract)","['dairy', 'soybeans']"
4249,beet non hydrogenated canola oil,[]
4250,"cooked seasoned pizza topping (sausage [pork, mechanically separated chicken, water, spices, salt, sodium phosphates, paprika, modified food starch, natural flavor, autolyzed yeast extract, bha, bht, citric acid, yeast extract, disodium inosinate, soy lecithin], water, textured soy protein concentrate, soy protein concentrate)",['soybeans']
4251,canola and/or sunflower oil,[]
4252,vitamin e (antioxidant),[]
4253,"hydrogenated vegetable oil (rapessed, cottonseed, and soybean)",['soybeans']
4254,roasted blanched almonds (usa),['tree nuts']
4255,"chocolatey mint cups (sugar, coconut oil, cocoa processed with alkali, palm oil, nonfat milk, milk, cocoa, soy lecithin, natural flavors, propylene glycol, sunflower lecithin, oil of peppermint, red cabbage for color, salt, curcumin for color)","['dairy', 'soybeans']"
4256,seasoning blend [chili pepper,[]
4257,white wine (contains sulfiting agents),"['sulphur dioxide', 'sulphites']"
4258,"provolone cheese (pasteurized milk, cheese cultures, salt, enzymes, natural smoke flavoring, powdered cellulose added to prevent caking)",['dairy']
4259,organic lime juilce,[]
4260,"sweet pickle relish (pickles, high fructose corn syrup, corn syrup, distilled vinegar, salt, xanthan gum, alum, natural spice flavors, polysorbate 80)",[]
4261,"sugar cone {bleached enriched wheat flour (wheat flour, niacin, reduced iron, thiamine mononitrate, riboflavin, folic acid)","['wheat', 'gluten']"
4262,"spices (including chili pepper, paprika, black pepper)",[]
4263,"mayonnaise (soybean oil, distilled vinegar, water, egg yolk, whole egg, contains less than 2% of salt, sugar, lemon juice concentrate, natural flavor, oleoresin paprika [for color], calcium disodium [edta to protect flavor])","['eggs', 'soybeans']"
4264,"whey protein isolate (whey protein isolate, non-gmo soy lecithin)","['soybeans', 'dairy']"
4265,"fruit (peaches, pears)",[]
4266,fresh pork riblets,[]
4267,vegetable oil (non-gmo canola or sunflower),[]
4268,"cocoa (processed with alkali, invert sugar, leavening (baking soda and/or calcium phosphate), soy lecithin, salt, chocolate, natural flavor",['soybeans']
4269,and wheat protein,"['wheat', 'gluten']"
4270,"sanding sugar sprinkles (sugar, confectioner's glaze, carnauba wax, red 3)",[]
4271,"seasoned cream cheese (cream cheese [pasteurized milk and cream, cheese culture, salt, stabilizers {guar gum, carob bean gum, xanthan gum}], unsalted butter [pasteurized cream, natural flavorings], shaved parmesan cheese [pasteurized part-skimmed cow's milk, cheese cultures, salt, enzymes and cellulose {to prevent caking}], granulated garlic, salt, chives, parsley, black pepper, basil, dill, thyme)","['dairy', 'eggs']"
4272,ingredients: cashews,['tree nuts']
4273,vodka,[]
4274,"less than 1% of artificial coloring (includes yellow 5 lake, blue 1 lake)",[]
4275,ground caraway seeds,[]
4276,"chocolate candy curls (sugar, cocoa butter, whole milk powder, chocolate liquor, whey, lactose, soy lecithin, natural vanilla flavor)","['dairy', 'lactose', 'soybeans']"
4277,fd&c blue #1 and fd&c yellow #5,[]
4278,calcium disodium edta and rosemary extract added to preserve freshness,[]
4279,red lentils,[]
4280,100% whole wheat,"['wheat', 'gluten']"
4281,dried pumpkin,[]
4282,less than 0,[]
4283,including fd & c red no,[]
4284,"sausage ingredients: pork (including the ham, loin, and tenderloin)",[]
4285,"pure vegetable oil (contains one or more of the following: cottonseed oil, palm olein oil, safflower oil)",[]
4286,made from: cherries,[]
4287,"vegetable oil blend (soybean oil, palm oil, palm kernel oil)",['soybeans']
4288,"color (red 40, blue 1) pina colada - sugar",[]
4289,"organic vegetable base (organic carrots, organic onions, organic celery, sea salt)",[]
4290,"food starch-modified (potato, corn)",[]
4291,color (red #40),[]
4292,onion oil,[]
4293,"seasoning blend (salt, brown sugar, sugar, mustard, monosodium glutamate, dehydrated garlic, red pepper, sodium erythorbate, onion powder, spice extractive)",['mustard']
4294,"cooked black lentils (water, black lentils)",[]
4295,live and active cultures: s,[]
4296,"pretzel sticks (enriched flour [wheat flour, niacin, reduced iron, thiamin mononitrate, riboflavin, folic acid], water, malt, salt, canola oil, yeast, soda)","['wheat', 'gluten']"
4297,natural caramel coloring,[]
4298,orange juicea1,[]
4299,artificial flavors and artificial colors,[]
4300,"farfalle pasta (durum wheat semolina, niacin, ferrous sulfate, thiamine mononitrate, riboflavin, folic acid)","['wheat', 'gluten']"
4301,"organic coconut milk (coconut, guar gum)",[]
4302,and less than 0,[]
4303,thai jasmine rice,[]
4304,"dough mixture: enriched semolina flour (semolina flour [niacin, ferrous sulfate, thiamine mononitrate, riboflavin, folic acid])","['wheat', 'gluten']"
4305,"niacin (a ""b"" vitamin)",[]
4306,"egg patty (whole eggs, whey, soybean oil, nonfat milk, contains 2% or less of: food starch-modified, salt, xanthan gum, citric acid [preservative], natural butter flavor)","['eggs', 'dairy', 'soybeans']"
4307,"jamaican jerk seasoning (onions, garlic, canola olive oil blend, jalapenos, allspice, lime juice concentrate, cilantro, thyme, brown sugar, ginger, salt, cayenne pepper and black pepper)",[]
4308,"organic rice pieces (organic rice flour, salt)",[]
4309,organic honey,[]
4310,"dough conditioners (contains one or more of the following: sodium stearoyl lactylate, calcium stearoyl lactylate, mono- diglycerides, distilled monoglycerides, calcium peroxide calcium iodate, datem, ethoxylated mono- and diglycerides, enzymes, ascorbic acid)",[]
4311,"chocolaty caramel filled turtles (sugar, coconut oil, corn syrup, sweetened condensed milk [milk, sugar], nonfat milk, milk, cocoa processed with alkali, heavy cream, butter [cream, salt], palm kernel oil, soy lecithin, natural and artificial flavor, salt)","['dairy', 'soybeans']"
4312,mint extract,[]
4313,chile pepper,[]
4314,tomato powder (4%),[]
4315,"soy crisps (soy protein isolate, tapioca starch)",['soybeans']
4316,"semi-sweet chocolate chips (sugar, unsweetened chocolate, cocoa butter, butterfat [milk], soy lecithin [an emulsifier], vanilla extract)","['dairy', 'soybeans']"
4317,fresh garlic crushed red pepper,[]
4318,soybean/canola oil,['soybeans']
4319,"gf soy sauce (water, soybeans, salt, sugar)","['soybeans', 'wheat']"
4320,organic gluten free oatsao,[]
4321,"(chilli powder, garlic. natural color, natural color[paprica oleoresin])",[]
4322,wholegrain brown rice,[]
4323,"soy sauce1 (water, soybeans1, wheat1, salt, alcohol1 [preservative])","['soybeans', 'wheat']"
4324,"organic toppings: organic chicken (organic chicken breast with rib meat, water, organic cornstarch, salt)",[]
4325,contains 2% or less of hydrolyzed corn protein,[]
4326,water (as protective ice glaze),[]
4327,"baking powder (sodium acid pyrophosphate, baking soda, monocalcium phosphate)",[]
4328,"fruit puree (water, cane sugar, coconut cream, coconut, sweetened condensed milk, natural flavors, pectin, locust bean gum, lactic acid)",['dairy']
4329,dry egg yolk,['eggs']
4330,shiitake extract powder,[]
4331,"cream cheese powder (cream cheese [cream, milk, skim milk, whey, cultures, salt, enzymes], whey, natural flavor)",['dairy']
4332,pink salt,[]
4333,organic flavor blend: organic cacao,[]
4334,beta,[]
4335,annatto and turmeric extracts (for color),[]
4336,onion vegetable oil (may contain canola or soybean oil),['**soybeans']
4337,organic ground blue corn,[]
4338,natural flavor & extractives of paprika,[]
4339,"asiago cheese powder (asiago cheese flavor [milk, cultures, salt, enzymes], whey, maltodextrin)",['dairy']
4340,organic filling: organic pinto beans,[]
4341,fd&c yellow # 6 and fd&c red # 40,[]
4342,fair trade certified cane sugar,[]
4343,organic gluten-free rolled oats,[]
4344,"cheddar cheese ([aged over 120 days], pasteurized milk, cheese culture, salt, enzymes)",['dairy']
4345,and less than 2% of modified cornstarch,[]
4346,whole grain hulled millet,[]
4347,"less than 2% of margarine (liquid and hydrogenated soybean oil, water, salt, vegetable mono and diglycerides, soy lecithin, natural and artificial flavor, beta carotene [color], vitamin a palmitate added)",['soybeans']
4348,"cookies (sugar, wheat flour, soybean and palm oil, cocoa processed with alkali, invert sugar, corn flour, corn starch, chocolate, salt, sodium bicarbonate, monocalcium phosphate, artificial flavor, soy lecithin, whey)","['wheat', 'soybeans', 'dairy']"
4349,lactase enzyme+,[]
4350,blueberry pureea1,[]
4351,"filling ingredients: chicken breast strips (chicken breast with rib meat, water, isolated soy protein product [isolated soy protein, modified food starch, starch, carrageenan, soy lecithin], salt, sodium phosphate, sugar, dextrose, flavorings); buffalo-style sauce (water, pepper sauce, canola oil, nonfat milk powder, garlic puree [garlic, citric acid], salted egg yolk, contains less than 2% of the following: starch-gum blend [modified corn starch, cellulose gel, cellulose gum, xanthan gum], sugar, natural butter flavor [whey solids, enzyme-modified butter, maltodextrin, salt, dehydrated butter, guar gum, annatto and turmeric] and garlic powder); mozzarella & provolone cheese blend (low moisture part-skim mozzarella cheese [pasteurized part skim milk, cheese cultures, salt, enzymes], provolone cheese [pasteurized milk, cheese cultures, salt, enzymes]); parmesan cheese (pasteurized part-skim cow's milk, cheese cultures, salt, enzymes); celery; carrot","['soybeans', 'dairy', 'eggs', 'celery']"
4352,contains less than 2% of: cornstarch-modified,[]
4353,glucose (com syrup),[]
4354,"soy sauce (soybean, salt, water)",['soybeans']
4355,"ketchup (tomato concentrate, distilled vinegar, high fructose corn syrup, corn syrup, salt, spice, onion powder, natural favoring)",[]
4356,"(treated with ascorbic acid, citric acid and calcium chloride to preserve color)",[]
4357,"tapioca syrup blend (tapioca syrup, sugar, chicory root fiber, coconut oil, water, natural flavor, pectin, soy lecithin, tapioca starch)",['soybeans']
4358,"soy sauce (water, soybeans, rice, salt)",['soybeans']
4359,salt and spice extract],[]
4360,"vegetable blend (napa cabbage, romaine lettuce, celery, carrots, red cabbage, ingredients may vary by season)",[]
4361,ingredients: bleached wheat flour,"['wheat', 'gluten']"
4362,himalayan pink salt magnesium citrate,[]
4363,"fruit pieces (sugar, dried cranberries, natural flavor)",[]
4364,"dijon mustard (grain vinegar, water, mustard seed, salt spices)",['mustard']
4365,sardines (fish),['fish']
4366,raw organic agave and organic lemon oil,[]
4367,calcium propionate (a preserative),[]
4368,chocolate flavored coating: organic dehydrated cane,[]
4369,"romano & parmesan cheeses (grated romano cheese [made from sheep's and cow's milk, salt, enzyme], grated parmesan cheese [milk, salt, enzyme])",['dairy']
4370,yellow 6 [color]),[]
4371,"colors (beta-carotene, carmines)",[]
4372,breakfast cocoa processed with alkali,[]
4373,"anti-oxidant containing raisins (raisins, vegetable oil)",[]
4374,contains 2% or less of the following: rice dextrin,[]
4375,organic vanilla beans,[]
4376,"seasoning (corn flour, wheat flour, salt, dried garlic, dried onion, paprika, corn starch, spices, paprika extract)","['wheat', 'gluten']"
4377,"whole grains (corn, whole wheat flour, oat flour, millet, buckwheat, amaranth, triticale, barley, sorghum, spelt, teff, quinoa)","['wheat', 'gluten']"
4378,contains less than 2 % of each of the following: cinnamon,[]
4379,cornmeal (degerminated),[]
4380,"artificial colors (yellow 6 & 5, blue 1, titanium dioxide, red 40 & 3)",[]
4381,"dark chocolate (cocoa mass, raw cane sugar, cocoa butter, sunflower lecithin [emulsifier])","['soybeans', 'dairy']"
4382,maltitol and sorbitol syrup,[]
4383,sulfur dioxide and artificial flavors,['sulphur dioxide']
4384,"raspberry flavored gelatin (water, high fructose corn syrup, gelatin base [gelatin, sugar, fumaric acid, sodium citrate, citric acid, salt, potassium sorbate {preservative}], gelatin, raspberry type flavor [water, propylene glycol, natural and artificial flavors, red 40], potassium sorbate [preservative])",[]
4385,"reduced fat mozzarella cheese (cultured milk and nonfat milk, modified corn starch, salt, vitamin a palmitate, enzyme, ingredient not in regular mozzarella cheese)",['dairy']
4386,spice extractives for freshness,[]
4387,and 100% pure love,[]
4388,"chocolate (cane sugar, unsweetened chocolate, cocoa butter, milkfat, soy lecithin, vanilla extract)","['dairy', 'soybeans']"
4389,scallop extract,[]
4390,"(soybeans, wheat, salt)","['soybeans', 'wheat', 'gluten']"
4391,titanium agar-agar,[]
4392,"cheddar cheese (chultured pasteurized milk, salt, enzymes, calcium chloride)",['dairy']
4393,"chocolate chips (sugar, chocolate liquor, cocoa butter, dextrose, soy lecithin, vanilla powder [maltodextrin, natural vanilla flavoring])","['soybeans', 'dairy']"
4394,yellow 5 (e102),[]
4395,organic ginger puree,[]
4396,caramelized sugar syrup,[]
4397,"pumpkin powder (dried pumpkin, maltodextrin, lecithin)",['soybeans']
4398,natural and artificial raspberry flavor,[]
4399,isolate soy protein,['soybeans']
4400,"pasteurized process white cheddar cheese (cheddar cheese [milk, bacterial culture, salt, microbial enzymes], water, sodium phosphate, milk fat, salt)",['dairy']
4401,chicken bone broth,[]
4402,"cookie pieces (sugar, wheat flour, palm oil, cocoa processed with alkali, high fructose corn syrup, contains 2% or less of: chocolate liquor, salt, natural flavor, baking soda, soy lecithin)",['wheat']
4403,"ranch dressing (soybean oil, water, cultured lowfat buttermilk, ranch seasoning & spices (salt, food starch-modified, monosodium glutamate, sugar, dried garlic, dried onion, natural and artificial flavor {includes milk, soybean}, whey protein concentrate, corn syrup, spices, xanthan gum, sorbic acid and calcium disodium edta as preservatives, citric acid, calcium stearate), egg yolks, contains less than 2% of distilled vinegar, salt, xanthan gum, phosphoric acid, natural flavor [includes milk])","['dairy', 'soybeans', 'eggs']"
4404,"fructan (nutraflora, a prebiotic dietary fiber)",[]
4405,contains 2% or less of: peach puree,[]
4406,cows milk,['dairy']
4407,"natural beer extract (maltodextrin, beer [malted barley, corn syrup, hops, yeast])",[]
4408,organic cream,['dairy']
4409,amaranth seeds,[]
4410,grade aa butter,['dairy']
4411,"speculoos spread (speculoos [wheat flour, sugar, vegetable oils {palm, rapeseed}, candy syrup, raising agent {sodium bicarbonate}, salt, cinnamon], vegetable oil [rapeseed oil], sugar, fully hydrogenated vegetable oils [palm, rapeseed], sunflower lecithin [emulsifier], citric acid esters of mono and diglycerides of fatty acids, citric acid])",['wheat']
4412,white quinoa,[]
4413,"modified egg yolk (egg yolks, salt, enzyme)",['eggs']
4414,contains less than 1/2% of the following: propylene glycol monoesters,[]
4415,"fat free cream cheese (skim milk, whey protein concentrate, sodium tripolyphosphate, sugar, milk, cream, salt, artificial color, xanthan gum, potassium sorbate, calcium propionate [preservatives], carrageenan, cheese culture, sodium phosphate, artificial flavors, carob bean gum)",['dairy']
4416,ghost pepper,[]
4417,"organic yellow and red miso paste (organic whole soybeans, organic rice, sea salt, koji starter [aspergillus oryzae])",['soybeans']
4418,and tricalcium phosphate,[]
4419,"spices (including paprika, chili pepper)",[]
4420,wine solids,[]
4421,oreo crunch {unbleached enriched flour [wheat flour,['wheat']
4422,"organic coconut milk (organic coconut, purified water) organic coconut oil",[]
4423,canola or corn oil,[]
4424,vegetable oil (palm oil and soybean oils),['soybeans']
4425,"shrimp (shrimp, salt, sodium tripolyphosphate [to retain moisture])",['shellfish']
4426,"mustard powder (mustard [distilled vinegar, mustard seed, salt, turmeric, paprika], maltodextrin)",['mustard']
4427,wheat enzymes,['wheat']
4428,"pretzels (wheat flour, vital wheat gluten, salt, corn syrup, vegetable oil [may contain one or more of the following: corn, canola, cottonseed, soybean)",['wheat']
4429,"flavour enhancers (monosodium glutamate, e627, e631)",[]
4430,natacmyin (a natural mold inhibitor),[]
4431,"vegetable oil (hydrogenated and/or partially hydrogenated palm kernel, canola, palm and/or coconut oil)",[]
4432,"white chocolatey coating (sugar, fractionated palm kernel oil, whey [milk], non-fat milk, soy lecithin, natural flavor)","['dairy', 'soybeans']"
4433,"seasoning (salt, onion powder, yeast extract, torula yeast, garlic powder, spices, disodium inosinate and disodium guanylate, silicon dioxide, flavor (hydrolyzed soy protein, autolyzed yeast extract, natural flavor, hydrolyzed corn protein, natural chicken flavor, maltodextrin, chicken fat, salt, silicon dioxide, safflower oil, thiamine hydrochloride, corn syrup solids, disodium guanylate, disodium inosinate), paprika, spice extractives)",['soybeans']
4434,contains less than 2% of the following: salt,[]
4435,"caramel swirl (corn syrup, milk sugar, cream butter [cream, salt], alginate gum, salt, natural flavor, xanthan gum)",['dairy']
4436,contains 2 percent or less of calcium phosphate,[]
4437,almond oil (100%),['tree nuts']
4438,organic pasta ( organic durum semolina),[]
4439,citric acid and erythorbic acid (to promote color retention),[]
4440,full cream milk powder/skim milk powder,['dairy']
4441,chestnuts kernel,['tree nuts']
4442,"cookie mix: unbleached enriched wheat flours (wheat flour, niacin, reduced iron, thiamine mononitrate, riboflavin, folic acid, malted barley flour)",['wheat']
4443,"yeast nutrients (monocalcium phosphate, ammonium sulfate, calcium sulfate)",[]
4444,lowfat cocoa powder,[]
4445,"seasoning (salt, spices, garlic, onion, mustard seed)",['mustard']
4446,grill flavor (from sunflower oil),[]
4447,sulfur dioxide (sulfites) added as a preservative,"['sulphur dioxide', 'sulphites']"
4448,less than 1% of gum acacia,[]
4449,duck breast,[]
4450,pecorino cheese,['**dairy']
4451,vegetable oil (sunflower and/or corn and/or canola and/or cottonseed),[]
4452,wild caught mahi mahi,['**fish']
4453,color (red 40),[]
4454,organic fair trade coffee extract,[]
4455,"garlic cheese sauce (water, corn oil, cider vinegar, parmesan and romano cheese blend (pasteurized cow's milk, enzyme, salt), dehydrated garlic, modified corn starch, salt, natural parmesan cheese type flavor (salt, autolyzed yeast extract, maltodextrin [potato], natural flavor, silicon dioxide [anticaking agent], coconut oil), parsley, romano type flavor powder (salt, autolyzed yeast extract, natural flavor, maltodextrin [potato], silicon dioxide [as an anticaking agent], coconut oil), xanthan gum, sauce (water, tomato puree [water, tomato paste], seasoning (salt, spices, sugar, dehydrated garlic), flavor blend (maltodextrin, dextrose, natural flavor), salt, modified corn starch, soybean oil, xanthan gum))","['dairy', 'soybeans']"
4456,sodium caseinate],['dairy']
4457,guar gum and/or locust bean gum,[]
4458,great northern,[]
4459,vegetable fat (palm kernel and/or palm),[]
4460,pork raised with no antibiotics,[]
4461,"organic powdered sugar (organic sugar, organic corn starch)",[]
4462,"chocolate layer (corn syrup, sugar, nonfat milk, high fructose corn syrup, palm kernel oil, cream, milk protein isolate, cocoa powder [processed with alkali], natural flavor, salt, soy lecithin, disodium phosphate)","['dairy', 'soybeans']"
4463,"mushrooms (salt, citric acid, ascorbic acid)",[]
4464,"cheese mixture: whole milk ricotta cheese (milk, whey, cream, vinegar, salt)",['dairy']
4465,color (paprika extract),[]
4466,chicken: white chicken meat,[]
4467,dates+,[]
4468,"seasoning (corn maltodextrin, nonfat dry milk, onion powder, whey, sour cream (cream, nonfat milk, cultures), salt, lactose, monosodium glutamate, whey protein concentrate, cultured nonfat milk, dehydrated parsley, yeast extract, citric acid, flavor and artificial flavor, buttermilk solids, torula yeast)","['dairy', 'lactose']"
4469,natural flavor (contains maltodextrin),[]
4470,kale powder,[]
4471,chipotle pepper,[]
4472,l-cysteine hydrochloride,[]
4473,"soy protein nuggets (soy protein isolate, tapioca starch, salt)",['soybeans']
4474,sodium bicarbonate (leavening),[]
4475,sugar cookies (artificially flavored): ingredients: wheat flour,"['wheat', 'gluten']"
4476,"organic ketchup spice (organic spices, salt, organic sugar, organic onion, organic vegetable oil)",[]
4477,100% whole wheat flour,"['wheat', 'gluten']"
4478,cooked enriched macaroni product water,[]
4479,2% or less of ascorbic acid,[]
4480,coloring includes red 40 lake),[]
4481,"tomini 79% (fresh pasteurized cow's milk, fresh starter culture, rennet, salt) sunflower oil 21%",['dairy']
4482,soy lecithin (emulsifier) and vanillin (artificial flavor),['soybeans']
4483,coriander and cardamon,[]
4484,chili pepper flakes,[]
4485,"caramel pieces (sugar, butter, rice syrup, soy lecithin, salt)","['**dairy', 'soybeans']"
4486,"cinnamon seasoning (sugar, brown sugar, natural flavors, fructose, spice, sea salt)",[]
4487,"vegetable gums (locust bean, guar)",[]
4488,cooked brown lentils,[]
4489,"sea salt caramel swirl (corn syrup, sweetened condensed skim milk [sugar, water, nonfat milk solids], butter [cream, salt], water, sea salt, carrageenan, sodium bicarbonate)",['dairy']
4490,garlic,[]
4491,soybean oil and/ or palm oil,['soybeans']
4492,"breadstick mix wheat flour (bleached wheat flour, malted barley flour, niacin, reduced iron, thiamine mononitrate, riboflavin, folic acid)","['wheat', 'gluten']"
4493,"vegetable oil shortening (palm oil, canola oil, tbhq)",[]
4494,partially hydrogenated vegetable oil (palm kernel oil),[]
4495,fine cane sugar,[]
4496,"garlic crushed (garlic, citric acid)",[]
4497,"dark chocolate (unsweetened chocolate, erythritol, cocoa butter, stevia, sunflower lecithin)","['**dairy', 'soybeans']"
4498,"vegetable shortening (interesterified soybean oil, soybean oil, fully hydrogenated cottonseed oil, mono- and diglycerides, polysorbate 60)",['soybeans']
4499,"pasteurized process cheddar cheese [cheddar cheese (pasteurized milk, cheese culture, salt, enzymes)",['dairy']
4500,"natural and artificial butter flavor (soybean oil butter, lipolyzed butter oil and natural and artificial flavors)",['soybeans']
4501,"organic enriched flour (organic wheat flour, niacin, reduced iron, thiamine mononitrate, riboflavin, folic acid)","['wheat', 'gluten']"
4502,"crust (enriched flour [wheat flour, niacin, reduced iron, thiamine mononitrate, riboflavin, folic acid], water, soybean oil, degermed yellow cornmeal, baking powder [sodium acid pyrophosphate, sodium bicarbonate, corn starch, monocalcium phosphate], sugar, calcium dihydrogen diphosphate, salt)","['wheat', 'gluten', 'soybeans']"
4503,low-moisture part-skim mozzarella cheese: pasteurized skim milk,['dairy']
4504,"ranch sauce (water, creamer [sunflower oil, corn syrup solid, sodium caseinate {milk}, mono- and diglycerides, dipotassium phosphate, contains 2% less of: tricalcium phosphate, soy lecithin, tocopherals {added to protect flavor}], maltodextrin, modified food starch, salt, sugar, cultured buttermilk, onion powder, garlic powder, less than 2% of: spices, citric acid, lactic acid, xanthan gum, natural & artificial flavor)","['dairy', 'soybeans']"
4505,dioxide (for color retention),[]
4506,"bacon (pork cured with water, salt, sugar, sodium phosphates, sodium erythorbate, sodium nitrite, honey)",[]
4507,contains less than 2% of distilled vinegar,[]
4508,natural color (annatto extract),[]
4509,fully cooked flame broiled chopped beef steak (smoke flavoring added): beef,[]
4510,"organic romano cheese (pasteurized organic milk, cheese cultures, sea salt, enzymes, cellulose powder)",['dairy']
4511,scallion water,[]
4512,contains 2% or less of chocolate,[]
4513,ingredients:sugar,[]
4514,"topping (imitation mozzarella blend (water, palm oil, modified potato starch, rennet casein, modified corn starch, sodium citrate, salt, sodium phosphate, natural flavor, carrageenan, lactic acid, artificial color), mozzarella (pasteurized cultured reduced fat milk, salt, enzymes), provolone cheese (pasteurized milk, cultures, salt, enzymes, smoke flavoring))",['dairy']
4515,"uncured pepperoni no nitrites or nitrates added except that which naturally occurs in sea salt and celery juice powder (pork, beef, sea salt, natural cane sugar, spices, paprika, natural flavorings, garlic powder, lactic acid starter culture)",[]
4516,organic cranberry (seed),[]
4517,"cultured buttermilk (cultured milk, skim milk, modified corn starch, sodium citrate, locust bean gum, carrageenan, mono- and diglycerides, salt, vitamin a palmitate, vitamin d3)",['dairy']
4518,ginger powder wrapper: water,[]
4519,"bbq seasoning (tomato powder, maltodextrin, dehydrated garlic, dehydrated onion, spices, sugar, white distilled vinegar, natural smoke flavor, extractive of tomato, natural flavor)",[]
4520,soynuts,['soybeans']
4521,less than 2% citric acid,[]
4522,contains 2% or less of strawberry juice concentrate,[]
4523,"artificial colors (fd&c red 40, yellow 5, blue 1, red 3)",[]
4524,black carrot juice extract (color),[]
4525,"organic cheddar cheese (cultured milk, salt, enzymes)",['dairy']
4526,calcium disodium edta to preserve freshness,[]
4527,"soy), maltodextrin, mono and diglycerides, calcium stearoyl lactylate, spice, artificial color (including fd&c yellow #5 and #6), sodium acid pyrophosphate (preserve freshness), sodium bisulfite (preserve freshness), citric acid (preserve freshness), sodium caseinate, dipotassium phosphate, disodium inosinate, disodium guanylate, mixed tocopherols (preserve freshness) and less than 2.0% silicon dioxide added as an anti-caking agent","['soybeans', '**gluten']"
4528,"organic capers (organic capers, water, salt, organic wine vinegar, sulfites)",['sulphites']
4529,contains 2% or less of the following: water,[]
4530,iodized salt and vinegar,[]
4531,"vital wheat gluten (polysorbate 60, soy flour, sodium stearoyl lactylate)","['wheat', 'soybeans', '**gluten']"
4532,"sunflower kernels (sunflower kernels, sunflower oil, salt)",[]
4533,"cookie dough pieces (wheat flour, brown sugar, butter, sugar, chocolate chips [sugar, chocolate liquor, cocoa butter, soy lecithin, vanilla extract], palm oil, water, corn starch, soy lecithin, vanilla extract, salt)","['wheat', 'soybeans', 'dairy']"
4534,"olives (green olives, kalamata)",[]
4535,"cheese spread (sharp cheddar cheese [cultured milk, salt, enzymes, annatto color, potato starch, powdered cellulose, natamycin {a natural mold inhibitor}], mayonnaise [soybean oil, water, eggs, egg yolks, vinegar, salt, sugar, lemon juice, natural flavors, calcium disodium edta {to protect quality}], cream cheese [cultured milk and cream, salt, stabilizers (xanthan, carob bean and/or guar gums)], pimentos, onion, maltodextrin, cultured dextrose, sodium diacetate, salt, nisin preparation, egg white lysozyme, spices, potassium sorbate [preservative])","['dairy', 'eggs', 'soybeans']"
4536,"xanthan gum), pickled ginger (ginger",[]
4537,"toasted bread (wheat flour, soy flour, corn flour, vegetable shortening [soybean, cottonseed and/or safflower oil], sugar cane syrup, salt, leavening agents [sodium bicarbonate, ammonium bicarbonate] and soy lecithin)","['wheat', 'soybeans', '**gluten']"
4538,precipitated amorphous silicon dioxide,[]
4539,contains less than 2% of sugar,[]
4540,ingredients: cherries,[]
4541,"marshmallow graham ripple (corn syrup, water, sugar, graham crumb [wheat flour, whole wheat graham flour, sugar, palm and palm kernel oil, molasses, honey, salt, baking soda], modified cornstarch, titanium dioxide, natural and artificial flavors, potassium sorbate [preservative], citric acid)","['wheat', '**gluten']"
4542,"chicken base (chicken meat including natural chicken juices, salt, hydrolyzed soy protein, natural flavorings, sugar, potato flour, turmeric [color] and carrot powder)",['soybeans']
4543,sliced garlic,[]
4544,"mushroom medley (oyster, shiitake, maitake, baby portobello, porcini)",[]
4545,acetic acid (4% acidity),[]
4546,"leavening (sodium aluminum phosphate, baking soda, baking powder, aluminum phosphate, aluminum sulfate)",[]
4547,invert cane sugar,[]
4548,organic white distilled vinegar,[]
4549,"pistachios (pistachios, salt)",['tree nuts']
4550,"dark chocolate (sugar, chocolate liquor,cocoa butter, chocolate liquor processed with alkali, soy lecithin (emulsifier), salt, vanilla)",['soybeans']
4551,grated parmesan cheese [part skim milk,['dairy']
4552,anhydrous sodium aluminum sulfate,[]
4553,thiamin mononitrate (b1),[]
4554,wheat nuggets,"['wheat', 'gluten']"
4555,"enriched wheat flour (flour, malted barley flour, niacin, reduced iron, thiamin mononitrate, riboflavin, folic acid)","['wheat', 'gluten']"
4556,red onion,[]
4557,"worcestershire sauce (distilled white vinegar, molasses, water, sugar, onions, anchovies, salt, garlic, cloves, tamarind extract, natural flavorings, chili pepper extract)",['fish']
4558,"(vitamin c, lemon juice added to retain color )",[]
4559,"(pasteurized milk and cream, cheese culture, salt, stabilizers [carob bean and/or xanthan and/or guar gums])",['dairy']
4560,less than 1/10 of 1% potassium sorbate & sodium benzoate to preserve flavor,[]
4561,mesquite smoke powder,[]
4562,"frosting (sugar, shortening (palm oil, canola oil, mono- and diglycerides, polysorbate 60), water, contains 2% or less of: corn syrup, corn starch, modified food starch, natural flavor, salt, preservative (rosemary extract, potassium sorbate), citric acid)",[]
4563,natamycin (preservatives),[]
4564,"enriched macaroni product (wheat flour, durum flour, niacin, ferrous sulfate, thiamin mononitrate, riboflavin, folic acid)","['wheat', 'gluten']"
4565,"dry malt (malted barley flour, dextrose, wheat flour)","['wheat', 'gluten']"
4566,confectioners glaze (with beeswax and carnauba wax),[]
4567,"worcestershire sauce (distilled white vinegar, molasses, water, sugar, onions, anchovies, garlic, cloves, tamarind extract extract, chili pepper extract, contains anchovies)",['fish']
4568,and natural hickory smoke flavor,[]
4569,organic red palm oil,[]
4570,"garlic essence (soybean oil, ethyl maltol, vanillin, 2-methylpyrazine, 4-hydroxy-2, 5-dimethyl-3 (2h) furanone, 2-ethyl-3-methylpyrazine, 3-(methylthio), propionaldehyde)",['soybeans']
4571,"""""the original one"""" hoptea (carbonated water, organic black tea, hops)",[]
4572,"artificial flavors and coloring (fd&c yellow no. 5 y 6, fd&c red no. 40 y fd&c blue no. 1)",[]
4573,organic quinoa,[]
4574,vegetable oil shortening (palm and canola oil with tbhq and citric acid to protect flavor),[]
4575,natural vanilla flavor with specks,[]
4576,cherry ingredients: filtered water,[]
4577,battered and breaded with: wheat flour,"['wheat', 'gluten']"
4578,"seasoned braised beef (beef, water, brown sugar, sea salt, seasoning [onion, garlic, spices], flavorings, olive oil, sunflower lecithin)",['soybeans']
4579,"milk chocolate (sugar, chocolate, skim milk, cocoa butter, lactose, milkfat, soy lecithin, salt, artificial and natural flavors)","['dairy', 'soybeans', 'lactose']"
4580,"semisweet chocolate (sugar, chocolate, cocoa butter, soy lecithin, vanilla extract)",['soybeans']
4581,"organic butter blend [organic butter (organic cream, natural flavor)",['dairy']
4582,pistachio nuts,['tree nuts']
4583,"color (fd&c red #40, beet powder, fd&c red#3, fd&c yellow #5)",[]
4584,lactic acid,[]
4585,"organic tomatoes (organic tomatoes, organic tomato pulp, calcium chloride, citric acid)",[]
4586,"red bell peppers (bell peppers, water, citric acid, calcium chloride)",[]
4587,panca pepper,[]
4588,interesterified shortening,[]
4589,thiamin mononitrate (vitamin b1) and riboflavin (vitamin b2),[]
4590,"worcestershire sauce (distilled vinegar, molasses, corn syrup, water, salt, caramel color, garlic powder, sugar, spices anchovies, tamarind and natural flavor)",['fish']
4591,100% organic unrefined coconut oil,[]
4592,glycerol ester of rosin,[]
4593,grapefruit,[]
4594,calcium propionate (a preservative),[]
4595,"seasoning (sea salt, dehydrated vegetables [onion, garlic, tomato, chive], sugar, modified corn starch, glucose, spice)",[]
4596,"pumpkin seeds (pumpkin seeds, cottonseed and/or canola oil, salt)",['tree nuts']
4597,extreme olive oil,[]
4598,"organic stabilizers (organic guar gum, organic locust bean gum)",[]
4599,pasteurized milk and cream honey,['dairy']
4600,popcorn granola & coconut oil,[]
4601,rice vinegar,[]
4602,"starch coriander and garlic), diced green chile (green chiles",[]
4603,olive oil (all oils are non-gmo),[]
4604,"whole milk ricotta cheese (sweet whey, whole milk, sweet cream, culture, vinegar and salt)",['dairy']
4605,"gingerbread: enriched wheat flour (wheat flour, niacin, reduced iron, ascorbic acid added as a dough conditioner, thiamine mononitrate, riboflavin, enzyme, folic acid)",['wheat']
4606,with modified cellulose,[]
4607,tricalcium phosphate (anti-caking agent),[]
4608,and polyphosphate (to retain moisture),[]
4609,organic flavor blend: organic cane sugar,[]
4610,"plum juice (sugar, natural flavor, plum, water, citric acid, sodium citrate, xanthan gum, caramel color, salt)",[]
4611,contains 2% or less of oregano,[]
4612,"coated with: sauce (water, sugar, tomato paste, distilled vinegar, molasses, salt, modified food starch, contains 2% or less: natural hickory smoke flavor, sodium benzoate and potassium sorbate (preservatives), caramel color, ground chili pepper, onion powder, garlic powder, yeast extract, spices) and seasoning rub (spices, salt, garlic powder, paprika [color], sugar, chili pepper, onion powder, brown sugar, mustard)",['mustard']
4613,"reduced fat mozzarella cheese (cultured part-skim milk, salt, vitamin a palmitate, enzymes, potassium chloride)",['dairy']
4614,organic baby arugula,[]
4615,"romano cheese (milk, culture, salt, enzyme)",['dairy']
4616,"beef flavor (beef extract, natural flavors)",[]
4617,redistilled oil of peppermint,[]
4618,curry(150g): water,[]
4619,"blue cheese (pasteurized milk, cheese culture, salt, enzymes, penicillium roquefortii)",['dairy']
4620,"margarine (soybean oil, palm oil, water, salt, contains 2% or less of: mono- and diglycerides, soybean lecithin [soy], natural flavor, annatto [color], vitamin a palmitate added)",['soybeans']
4621,"steamed white rice (water, white rice)",[]
4622,and not more than 2% silicon dioxide (anticaking agent),[]
4623,contains less than 2% of bourbon,[]
4624,may_contain honey,[]
4625,select potatoes,[]
4626,"vegetable oil (corn, sunflower, and / or cottonseed oil)",[]
4627,decaffeinated green tea,[]
4628,malt powder,[]
4629,"white chocolate (cane sugar, cocoa butter, milk, soya lecithin, natural vanilla)","['dairy', 'soybeans']"
4630,sodium citrates; xanthan gum,[]
4631,partially hydrogenated soyabean oil,['soybeans']
4632,"organic reduced fat ranch dressing (organic cultured buttermilk, organic soybean oil, water, organic egg yolk, organic distilled vinegar, salt, organic maltodextrin, less than 2% of organic cane sugar, organic corn starch, organic dried carrot, organic dried garlic, organic skim milk powder, organic dried onion, organic green onion, organic dried bell pepper, organic cultured dextrose, organic black pepper, xanthan gum, organic guar gum, lactic acid, organic parsley, organic mustard flour, citric acid, organic rosemary extract)","['dairy', 'eggs', 'soybeans', 'mustard']"
4633,"mozzarella cheese (pasteurized cultured part skim milk, salt, enzymes)",['dairy']
4634,concentrate of belize,[]
4635,dry pork stock,[]
4636,contains less than 2% of: cellulose gum,[]
4637,"huy fong foods sriracha hot chili sauce (chili, sugar, salt, garlic, distilled vinegar, potassium sorbate, sodium bisulfite as preservatives,and xanthan gum)","['sulphur dioxide', 'sulphites']"
4638,"crushed chili (spices, vegetable oil [canola])",[]
4639,"creaming agent (corn syrup solids, partially hydrogenated soybean oil, whey, sodium caseinate, titanium dioxide)","['dairy', 'eggs']"
4640,spices (including paprika for color),[]
4641,freeze-dried ginger juice,[]
4642,contains 2% or less: egg,['eggs']
4643,contains less than 2% of baking soda,[]
4644,"vegetable oil (coconut, palm kernel) cocoa butter",[]
4645,contains less than 2% of: natural flavors,[]
4646,organic fennel,[]
4647,"sunflower seeds (hulled sunflower seeds, vegetable oil (may contain one or more of the following: peanut, canola, sunflower, soybean))","['peanuts', 'soybeans']"
4648,green pepper powder,[]
4649,ascorbic and citric acids to promote color retention,[]
4650,whole and ground organic flaxseed,[]
4651,nonfat milk,['dairy']
4652,2% or less of the following: jalapeno flakes,[]
4653,textured vegetable protein product,[]
4654,less than 1% msg per serving,[]
4655,rutabaga,[]
4656,"ultimate apple pie cookies: bleached enriched wheat flour (wheat flour, niacin, reduced iron, thiamine mononitrate, riboflavin, folic acid)","['wheat', 'gluten']"
4657,organic oregano and organic spices,[]
4658,organic sprouted brown rice protein,[]
4659,orange oil essence,[]
4660,"white chocolate coating (sugar, cocoa butter, whole milk powder, coconut oil, butter oil, soy lecithin, salt, vanilla)","['dairy', 'soybeans']"
4661,"chocolate cookie crumb (enriched flour [wheat flour, niacin, reduced iron, thiamine monocitrate, riboflavin, folic acid)","['wheat', 'gluten']"
4662,"green chili ranch seasoning (onion, garlic, sea salt, green chilis, spices, sour cream powder (cream solids,cultured nonfat milk, tbhq), yeast extract, lactic acid powder (lactic acid, calcium lactate, silicon dioxide), buttermilk (sweet cream buttermilk powder, natural butter flavor, maltodextrin, whole milk powder, cultured buttermilk, salt), citric acid, and sodium diacetate",['dairy']
4663,coconut oila,[]
4664,"butter with natural flavor (cream, natural flavor)",['dairy']
4665,"gluten free reduced sodium soy sauce (filtered water, organic soy beans, salt)",['soybeans']
4666,chipotle puree and sugar,[]
4667,"leavening agents (sodium aluminum phosphate, sodium acid pyrophosphate, sodium bicarbonate, monocalcium phosphate)",[]
4668,contains 2% or less of: celery,['celery']
4669,fortifiers,[]
4670,red 3],[]
4671,caffeine (12mg per serving),[]
4672,++ nonfat milk,['dairy']
4673,"honey flavored powder (sugar, maltodextin, honey)",[]
4674,"cooked brown rice (water, rice)",[]
4675,roasted edamame,['soybeans']
4676,"chickpea puffs (chickpea flour, chickpea protein, lentil flour, salt) expeller pressed sunflower oil white cheddar seasoning [cheddar cheese (pasteurized milk, cultures, salt, enzymes)","['dairy', 'gluten', 'wheat']"
4677,"ancient grain flour (khorasan wheat, amaranth, millet, quinoa)","['wheat', 'gluten']"
4678,chipotle chile powder,[]
4679,mandarin juice concentrate,[]
4680,hydrolyzed torula yeast proteins,[]
4681,"stabilizer (pasteurized grade a organic nonfat milk, organic locust bean gum, agar)",['dairy']
4682,"butter (cream, salt, color [ annatto])",['dairy']
4683,manganese chelate,[]
4684,cracked cell chlorella powder,[]
4685,mushrooms,[]
4686,contains 2% or less artificial flavor,[]
4687,less than 2% of: whey,['dairy']
4688,natural extractives of turmeric and annatto,[]
4689,organic farro (wheat),"['wheat', 'gluten']"
4690,"hazelnuts (hazelnuts, canola oil and/or peanut oil and/or sunflower oil)","['tree nuts', 'peanuts']"
4691,"bitter-sweet chocolate chips (unsweetened chocolate, sugar, cocoa butter, milk fat, soy lecithin [emulsifier], vanilla extract)","['dairy', 'soybeans']"
4692,"passion fruit juice from concentrate (water, passion fruit juice concentrate)",[]
4693,and ground red pepper,[]
4694,"dressing (mayonnaise {soybean oil, egg yolks, filtered water, corn syrup, fructose, vinegar, mustard, salt, spice and calcium disodium edta [added to protect flavor]}, chili sauce {tomato puree [tomato paste, water], distilled white vinegar, high fructose corn syrup, salt, corn syrup, dehydrated onions, spice, garlic powder, natural flavoring}, heavy cream {pasteurized manufacturing cream, carrageenan}, sugar, worcestershire sauce {distilled white vinegar, molasses, water, sugar, onions, anchovies, salt, garlic, cloves, tamarind extract, natural flavorings, chili pepper extract}, salt, cayenne pepper)","['dairy', 'eggs', 'soybeans', 'mustard', 'fish']"
4695,cottonseed and peanut oil,['peanuts']
4696,"cheese flavor (parmesan cheese (pasteurized milk, cultures, salt, enzymes), water, salt, disodium phosphate, sodium citrate)",['dairy']
4697,contains 2% or less of potassium sorbate (a preservative),[]
4698,"cheddar cheese(pasteurized milk, cheese cultures, salt, enzymes)",['dairy']
4699,"minced pimiento (pimiento, sodium alginate, guar gum, calcium chloride)",[]
4700,"chicken breast meat with rib meat (chicken breast with rib meat, water, sea salt, vinegar)",[]
4701,contains active yogurt cultures l,['dairy']
4702,"crunchy brownie pieces (sugar, wheat flour, palm oil, cocoa [processed with alkali], cocoa, water, salt, baking powder [sodium acid pyrophosphate, baking soda, corn starch, monocalcium phosphate], natural flavor, mixed tocopherols, soybean oil)","['wheat', 'soybeans']"
4703,"dehydrated blend of cheese (granular and blue [milk, cheese culture, salt, enzymes], whey)",['dairy']
4704,golden flaxseeds,[]
4705,simmed milk power,['dairy']
4706,"pasta (wheat flour, pasteurized eggs, durum wheat semolina, water, spinach paste [spinach, salt], tomato powder)","['wheat', 'eggs']"
4707,"ricotta cheese (whey, milk, cream, vinegar, salt, xanthan gum, locust bean gum, guar gum)",['dairy']
4708,crab extract,['fish']
4709,"whole milk ricotta cheese (sweet whey, whole milk, sweet cream, cultures, vinegar and salt)",['dairy']
4710,"spices (paprika, turmeric)",[]
4711,fuji apples with peel,[]
4712,thiamin mononitrate++,[]
4713,pregelatinized corn flour,[]
4714,bread mix: whole grain sorghum flour,[]
4715,"m&m's milk chocolate candies (milk chocolate [sugar, chocolate, skim milk, cocoa butter, lactose, milkfat, soy lecithin, salt, artificial and natural flavors], sugar, corn starch, less than 1% of corn syrup, dextrin, coloring [includes blue 1 lake, yellow 6, red 40, yellow 5, blue 1, yellow 6 lake, red 40 lake, yellow 5 lake, blue 2 lake, blue 2], carnauba wax, gum acacia)","['dairy', 'soybeans', 'lactose']"
4716,"key west lime juice (water, lime juice concentrates, lime oil)",[]
4717,colored with extractives of turmeric,[]
4718,v,[]
4719,organic raw extra virgin coconut oil,[]
4720,"contains less than 2% of: flavoring (yeast extract, salt)",[]
4721,"semisweet chips (sugar, chocolate liquor, cocoa butter, soya lecithin)",['soybeans']
4722,"pickled ginger (ginegar, water, salt, sugar, vinegar)",[]
4723,calcium disodium edta (to protect quality),[]
4724,mango chunks,[]
4725,(glucose),[]
4726,st,[]
4727,"cranberry sauce (cranberries, high fructose corn syrup, corn syrup, water)",[]
4728,"whey)], sweetcream buttermilk, whey, contains less than 2% of: guar gum, mono & diglycerides, xanthan gum, polysorbate 80, cellulose gum, carrageenan, natural flavor, annatto (color)","['dairy', 'lactose']"
4729,hydrolyzed beef stock,[]
4730,"fish sauce (anchovy extract, water, salt, sugar)",['fish']
4731,"seasoning (sugar, tomato powder, salt, maltodextrin, dextrose, spices (basil, oregano, thyme), yeast extract, extractives of paprika, citric acid)",[]
4732,"sprinkles (icing sugar [sugar, corn starch], palm kernel oil, modified corn starch, corn starch, sunflower lecithin, shellac, fd&c red #40, fd&c yellow #5, fd&c blue #1, mica-based pearlescent pigment [color], fd&c yellow #6, titanium dioxide [color], polysorbate 60)",['soybeans']
4733,grass-fed and grass-finished beef,[]
4734,contains less than 2% of: organic natural flavor,[]
4735,contains 2% or less of each of the following: dehydrated tomato,[]
4736,gluten-free oat flour,[]
4737,"icing: icing sugar (sugar, cornstarch)",[]
4738,"tamari soy sauce (water, organic soybeans, salt)",['soybeans']
4739,bay leaf (3.5%),[]
4740,"(soy protein concentrate, caramel color)",['soybeans']
4741,"toasted sweetened coconut (coconut, sugar, dextrose, salt)",[]
4742,pea protien,[]
4743,fire roasted corn (supersweet corn),[]
4744,"parmesan cheese (pasteurized milk, cheese culture, enzymes, salt)",['dairy']
4745,non-gmo soy lecithin (emulsifier),['soybeans']
4746,vegetable oil (palm oil (rspo certified) and/or olive oil),[]
4747,"enriched flour (wheal flour, malted barley flour, niacin, reduced iron, thiamine mononitrate, riboflavin, folic acid) water","['wheat', 'gluten']"
4748,rendered bacon fat,[]
4749,"seasoning blend (dairy product solids, salt, palm oil and/or soybean oil, sugar, food starch-modified, maltodextrin, lactose, potassium chloride, yeast extract, natural flavor, sodium caseinate, citric acid, potassium phosphate, sodium silicoaluminate, color added [annatto extract])","['dairy', 'lactose']"
4750,"coloring (red 40 lake, blue 2 lake)",[]
4751,"enriched wheat flour (flour, niacin, reduced iron, thiamine mononitrate, riboflavin, and folic acid)","['wheat', 'gluten']"
4752,"peanuts (peanuts, peanut oil, salt)",['peanuts']
4753,green bean,[]
4754,chopped pickles,[]
4755,"steak sauce (tomato puree (water, tomato paste), vinegar, corn syrup, salt, raisin paste, crushed orange puree, spice, dried garlic, caramel color, dried onions, potassium sorbate (to preserve freshness), xanthan gum, celery seed)",['celery']
4756,chopped toasted onion,[]
4757,"organic chocolate coating (organic cocoa nibs, organic erythritol, organic tapioca fiber, organic cocoa butter, natural licorice flavor, organic stevia extract (leaf), organic sunflower lecithin, organic vanilla bean extract)",[]
4758,pepper,[]
4759,"grade aa butter (sweet cream, natural flavor)",['dairy']
4760,and green apple powder,[]
4761,naturalflavor,[]
4762,"fully cooked grilled natural skinless boneless chicken breast meat strips (skinless boneless chicken breast meat with rib meat, water, rice starch, sea salt, garlic, onion, pepper and celery)",[]
4763,"milk chocolate (sugar, cocoa butter, whole milk powder, chocolate liquor, soy lecithin, vanilla extract)","['dairy', 'soybeans']"
4764,"vegetable oils (canola, sunflower and/or soybean)",['soybeans']
4765,"enriched bleached flour (bleached wheat flour, malted barley flour, niacin, iron, thiamin mononitrate, riboflavin, folic acid)","['wheat', 'gluten']"
4766,greek yogurt style coated granola [whole grain rolled oats,[]
4767,pineapple juice1,[]
4768,"white chocolate (+sugar, +cocoa butter, milk powder, soybean lecithin (non-gmo), and +vanilla extract)","['dairy', 'soybeans']"
4769,sugar figurines ingredients: sugar,[]
4770,polydimethylsiloxane,[]
4771,copper amino acid chelate,[]
4772,sodium carbonate (acidity regulator),[]
4773,contains active yogurt cultures with l,[]
4774,cheese,['dairy']
4775,"provolone cheese (cultured milk, enzymes, salt)",['dairy']
4776,"crushed mint topping (sugar, corn syrup, red #40, red #3, blue #1, natural peppermint oil)",[]
4777,organic guarana extract,[]
4778,natural flavor (contains barley),['**gluten']
4779,contains 2% or less of: raspberry puree,[]
4780,and paprika (for color); calcium lactate,[]
4781,contains less than 1% of inulin,[]
4782,citric and absorbic acid [to preserve color],[]
4783,salt thyme,[]
4784,organic topping: organic spinach,[]
4785,"enriched flour (wheat flour, niacin. reduced iron, thiamine mononitrate, riboflavin, folic acid)","['wheat', 'gluten']"
4786,"sharp cheddar cheese (pasteurized milk, cheese cultures, salt, vegetable enzymes)",['dairy']
4787,"shrimp powder (dried shrimp, salt)",['shellfish']
4788,"vegetable oil (may contain one or more of the following: canola, corn, soybean)",['soybeans']
4789,"rye sourdough (water, fermented rye flour)",[]
4790,and onion flavoring,[]
4791,"low-moisture part-skim mozzarella and provolone cheese(pasteurized reduced-fat milk, pasteurized milk cheese culture, salt, enzymes, powdered cellulose added to prevent caking, natural smoke flavor, natamycin added as a mold inhibitor)",['dairy']
4792,annato extract (color),[]
4793,water beans,[]
4794,orange,[]
4795,chia seed,[]
4796,contains 2% or less of food starch,[]
4797,"graham cracker crumbs (unbleached enriched flour [wheat flour, niacin, reduced iron, thiamine mononitrate, riboflavin, folic acid], graham flour [whole grain wheat flour], sugar, molasses, canola oil, high fructose corn syrup, palm oil, leavening [baking soda and/or calcium phosphate], salt)","['wheat', 'gluten']"
4798,natural & artificial flavor,[]
4799,beans,[]
4800,vegetable shortening [contains one or more of the following: palm oil and/or corn oil],[]
4801,"(radish, carrot, sweet potato, blackcurrant) for color",[]
4802,"enriched wheat flour (bleached wheat flour, malted barley flour, niacin, ferrous sulfate, thiamin mononitrate, riboflavin, folic acid)","['wheat', 'gluten']"
4803,"cereal (whole grain corn, sugar, corn meal, corn syrup, cocoa processed with alkali, fructose, canola oil, salt, caramel color, refiner's syrup, baking soda, natural flavor. vitamins and minerals: calcium carbonate, tricalcium phosphate, zinc and iron (mineral nutrients), vitamin c (sodium ascorbate), a b vitamin (niacinamide), vitamin b6 (pyridoxine hydrochloride), vitamin b2 (riboflavin), vitamin b1 (thiamin mononitrate), vitamin a (palmitate), a b vitamin (folic acid), vitamin b12, vitamin d3)",[]
4804,organic green & red bell pepper,[]
4805,"caesar dressing (refined soybean oil, water, parmesan cheese [pasteurized part-skim milk, cheese culture, enzymes], distilled vinegar, salted egg yolk, modified corn starch, salt, red wine vinegar, sugar, spices, yeast extract, soy flour, dehydrated onion, lactic acid powder, lemon juice concentrate, whey powder, dehydrated garlic, xanthan gum, sodium benzoate, potassium sorbate, caramel color, ascorbic acid, worcestershire sauce concentrate [malic acid, molasses, citric acid, food gums {arabic, guar, cellulose}, dextrose, chili pepper, spice extractives and smoke flavor], edta calcium disodium)","['soybeans', 'dairy', 'eggs']"
4806,organic dried kiwi,[]
4807,fresh cabbage,[]
4808,citric acid to regulate acidity,[]
4809,"topping (sugar, palm oil, water, maltodextrin, glucose syrup, dextrose, fructose, cocoa butter, soy lecithin, sucrose fatty acid esters. salt, gluconolactone, whole milk powder, whey powder, lactose, potassium sorbate [preservative], natural flavor, colors [beta carotene, paprika extract],corn starch, rice flour, glycerin, potato starch, disodium diphosphates, sodium carbonates, cinnamon, iodized salt (salt, potassium iodate), nutmeg, caramelized sugar, xanthan gum, potassium sorbate (preservative)","['dairy', 'lactose', 'soybeans']"
4810,natural strawberry extract,[]
4811,"white beans (great northern white beans, water, salt, calcium chloride); dark red kidney beans (dark red kidney beans, water, salt, calcium chloride); chick peas (cooked dried chick peas, water, salt); black beans (black beans, water, salt, calcium chloride, ferrous gluconate); champagne vinegar; organic cane sugar; red onions; carrots; celery; red peppers; contains 2% or less of parsley; expeller pressed canola oil; sea salt; cultured dextrose",['celery']
4812,enzyme modified butter oil,['dairy']
4813,"bacon (cured with water, salt, sodium phosphate, sodium erythorbate, sodium nitrite, sugar, brown sugar, smoke flavoring)",[]
4814,"cheddar cheese sauce (water, cheese whey, palm oil, modified tapioca starch, modified corn starch, maltodextrin, sodium phosphate, cheddar cheese (milk, cultures, salt, and enzymes), salt, natural & artificial flavor, vinegar, sodium stearoyl lactylate, citric acid, mono & diglycerides, phosphoric acid, yeast extract annatto color, carotene color, paprika color)",['dairy']
4815,spices (contains mustard and celery seed),"['mustard', 'celery']"
4816,organic hemp protein powder,[]
4817,"margarine (partially hydrogenated soybean oil, liquid soybean oil, water, salt, soy lecithin, mono and diglycerides, sodium benzoate and citric acid as preservatives, artificial flavor, colored with beta-carotene, vitamin a palmitate)",['soybeans']
4818,partially hydrogenated cottonseed and soy oil,['soybeans']
4819,contains 2% or less of cocoa processed with alkali,[]
4820,organic rosemary extract (to maintain freshness),[]
4821,raw cacao,[]
4822,"peanut butter cup pieces (sugar, coconut oil, peanut butter [peanuts, salt], partially defatted peanut flour, skim milk, milk, cocoa processed with alkali, salt, soy lecithin, natural flavor)","['peanuts', 'dairy']"
4823,enzymes (microbial),[]
4824,"meat sauce (water, tomatoes in juice [tomatoes, tomato juice, citric acid, calcium chloride], cooked seasoned beef [beef, salt, natural flavoring], tomato paste, onion, sugar, yeast extract [salt], extra virgin olive oil, garlic powder, salt, onion powder, pecorino romano cheese [pasteurized sheep's milk, cheese culture, salt, rennet], dehydrated garlic, modified corn starch, spices, potassium chloride [rice flour], datem, mono- and diglycerides)",['dairy']
4825,"milk chocolate (sugar, cocoa butter, unsweetened chocolate, nonfat dry milk, milk fat, soy lecithin [an emulsifier], natural vanilla extract)","['dairy', 'soybeans']"
4826,dried cherry juice concentrate,[]
4827,"vegan dough: durum organic wheat flour (wheat flour, niacin, ferrous sulfate, thiamin mononitrate, riboflavin, folic acid)","['wheat', 'gluten']"
4828,cocoa (processes with alkali),[]
4829,"chocolate candy coated popcorn (corn syrup, sugar, popcorn, brown sugar, canola oil, semisweet chocolate [unsweetened chocolate, sugar, cocoa butter, soy lecithin, natural vanilla extract], salt, baking soda, soy lecithin, natural flavor, citric acid and tbhq [for freshness])",['soybeans']
4830,milk chocolate contains cocoa solids 35 % minimum and milk solids 22 % minimum,"['dairy', 'gluten']"
4831,cultured dextrose with maltodextrin,[]
4832,honey and egg whites,['eggs']
4833,"cheddar cheese seasoning (dextrose [from corn], salt, sugar, cheddar cheese [milk, sodium citrate], potato starch, paprika, yeast extract, onion powder, garlic powder, silicon dioxide, sunflower oil)",['dairy']
4834,"biscuit mix: blended of enriched wheat flour (calcium carbonate, niacin, iron, thiamin mononitrate, riboflavin, folic acid)","['wheat', 'gluten']"
4835,"natural wine red color (carmine [e120], and annatto [e160b])",[]
4836,propylene glycol alginate,[]
4837,"diced potatoes (potatoes, dextrose, disodium pyrophosphate to maintain color, potassium sorbate to protect flavor)",[]
4838,less than 2% of: maltitol,[]
4839,pyridoxie hydrochloride,[]
4840,"semi-sweet chocolate (unsweetened chocolate, sugar, cocoa butter, soy lecithin [an emulsifier], natural vanilla extract)",['soybeans']
4841,organic chickpeas,[]
4842,"natural smoke flavor (water, natural smoke flavor)",[]
4843,"potato starch and powdered cellulose added to prevent caking), black olives (olives",[]
4844,"crisp rice (rice flour, sugar, malt extract, salt, mixed tocopherols for freshness)",[]
4845,"seasoning blend (corn syrup solids, salt, imitation bacon bits [ vegetable protein (soy flour, caramel color, yellow #6, red #3), soybean oil, salt, natural flavors, autolyzed yeast], food starch-modified (corn), garlic powder, natural flavors, onion powder, sugar, soybean oil, potassium chloride, disodium inosinate, disodium guanylate, dehydrated parsley, silicon dioxide)",['soybeans']
4846,cream yeast,[]
4847,"sprinkles (icing sugar [sugar, cornstarch], palm kernel oil, modified cornstarch, cornstarch, shellac, sunflower lecithin, color [fd&c yellow #5, fd&c yellow #6, fd&c blue#1, fd&c red #40], polysorbate 60)",['shellfish']
4848,"artificial colors (blue 1, blue 2, red 3, red 40, yellow 5 lake, yellow 6 lake)",[]
4849,"contains 2% or less of each of the following: cherry-flavored gumbits (sugar, corn syrup, corn cereal, modified food starch, partially hydrogenated soybean and/or cottonseed oil, artificial flavors, red 40)",[]
4850,"leavening (yeast, baking soda)",[]
4851,"fruit blend (water, black cherries, tart cherries, sugar, fructose, modified corn starch, pectin, guar gum, potassium sorbate added to maintain freshness, citric acid, malic acid, vitamin a acetate, sodium citrate, vitamin d3)",[]
4852,"organic cherries (organic cherries, organic cane sugar, organic sunflower oil)",[]
4853,artificial color2,[]
4854,lactic acid monoesters,[]
4855,"korean inspired seasoned beef crumble (beef, water, onion, potato starch, sea salt, sesame oil, garlic, spice)",['sesame']
4856,"prepared mustard (distilled vinegar, mustard seed, salt, turmeric)",['mustard']
4857,"white coating (inulin, palm kernel oil, milk protein isolate, sunflower lecithin, vanilla powder, stevia extract)",['dairy']
4858,"sauce and cooked chicken: (white meat chicken, water, skim milk, green ground tomatoes, monterey jack and cheddar cheese blend (monterey jack cheese [cultured milk, salt, enzymes], cheddar cheese [cultured milk, salt, enzymes, annatto {color}]), onions, buttermilk powder, salt, dried sour cream (sour cream [cultured cream, skim milk]), cornstarch, spices, garlic, sugar, oat fiber, rice starch, tapioca starch, lime juice concentrate, jalapeno peppers, chicken stock, natural flavor, potassium chloride, chicken fat, vinegar)","['dairy', 'gluten', 'wheat']"
4859,chocolate {sugar,[]
4860,powdered cellulose (to prevent caking) cranberries: cranberries,[]
4861,spice (contains peppercorn),[]
4862,yeast food (ammonium sulfate),[]
4863,"low-moisture part-skim mozzarella cheese (pasteurized milk, salt, rennet, cultures)",['dairy']
4864,"leavening (sodium bicarbonate, sodium aluminum phosphate, sodium aluminum sulfate)",[]
4865,"light soy sauce (water, soya beans, wheat, salt)","['soybeans', 'gluten', 'wheat']"
4866,"sesame sticks (enriched wheat flour [unbleached wheat flour, malted barley flour, niacin, iron (reduced iron), thiamine mononitrate, riboflavin, folic acid], soybean oil, sesame seeds, bulgur wheat, salt, beet powder [color], turmeric [color])","['gluten', 'wheat', 'sesame', 'soybeans']"
4867,"desert salt ([contains: sodium and potassium chloride], yeast extract)",[]
4868,spice,[]
4869,"honey rose proprietary herb blend (honey bush, goji, cardamom, orange peel, cinnamon, ginger, rose petals, tulsi, vanilla bean)",[]
4870,"almond base (cascade mountain filtered water, crushed organic almonds)",['tree nuts']
4871,"sweet tamari sauce (tamari (water, soybeans, salt, alcohol (to preserve freshness), sugar), broccoli, carrot, egg, peanuts (peanuts, sunflower oil, salt), tamarind concentrate (tamarind, water, sodium benzoate (as preservative), cilantro","['soybeans', 'eggs', 'peanuts']"
4872,"confectionery coating (sugar, hydrogenated palm kernel oil, cocoa processed with alkali, cocoa powder, whey [milk] powder, soy lecithin, salt, artificial flavor)","['dairy', 'soybeans']"
4873,water and sugar,[]
4874,non-genetically engineered expeller pressed canola oil,[]
4875,eggs (20%),['eggs']
4876,"caesar dressing (soybean oil, water, parmesan cheese [milk, culture, salt, enzymes], red wine vinegar, distilled vinegar, dijon mustard [apple cider vinegar, water, mustard seed, salt, spices], salt, cane sugar, lemon juice concentrate, anchovy flavor, mustard flour, xanthan gum, dried garlic, black pepper, acacia gum, lactic acid, citric acid)","['soybeans', 'dairy', 'mustard', 'fish']"
4877,butternut squash puree,[]
4878,glucono-delta-lactone,[]
4879,girl scout cookies thin mints pieces {enriched flour [wheat flour,"['gluten', 'wheat']"
4880,"chocolate chips (sugar, chocolate liquor, dextrose, soy lecithin)","['soybeans', 'dairy']"
4881,shiitake extract (with maltodextrin and salt),[]
4882,sodium tripolyphosphate],[]
4883,"sodium bicarbonate), peaches, fructose, coconut oil, sugar, less than 2% of: whey, cream, vegetable gums (guar",[]
4884,"cooked pasta (water, enriched wheat flour [durum wheat semolina, niacin, ferrous sulfate {iron}, thiamine mononitrate, riboflavin, folic acid])","['gluten', 'wheat']"
4885,"stabilizer (calcium carbonate, sugar, calcium, sulfate, dextrose, agar, guar gum, sodium hexametaphosphate, monoglycerides)",[]
4886,certified organic hard amber durum wheat,"['gluten', 'wheat']"
4887,soybean and canola oils,['soybeans']
4888,"organic apple juice from concentrate (filtered water, organic apple juice concentrate)",[]
4889,"color (fruit juice concentrate, annatto and turmeric, titanium dioxide)",[]
4890,roasted sunflower kernels - sunflower seed kernels,[]
4891,"nine grain mix (wheat, barley, rye, triticale, corn, millet, brown rice, steel cut oats, soybean, flax seed)","['gluten', 'wheat', 'soybeans']"
4892,contains 2% or less of the following: fruit and vegetable extract,[]
4893,"cream cheese (milk, cream, contains less than 2% of salt, carob bean gum, cheese culture)",['dairy']
4894,"chocolate coating (unsweetened chocolate, cocoa butter, inulin, erythritol, calcium carbonate, milkfat, stevia leaf extract, natural flavor, vanilla extract)",['dairy']
4895,"organic almonds (organic almonds, organic high oleic sunflower oil, sea salt)",['tree nuts']
4896,"seasoned salt (salt, sugar, spices [including paprika and turmeric], onion, cornstarch, garlic, tricalcium phosphate [prevents caking], natural flavor, paprika oleoresin [for color])",[]
4897,fairtrade coffee,[]
4898,sodium bisulfite and sodium benzoate (to preserve freshness),[]
4899,red cabbage (color),[]
4900,contains less than 2% of rice starch,[]
4901,organic portabello mushrooms,[]
4902,natural artificial flavors,[]
4903,palm and canola oils,[]
4904,"vegetable oil (corn oil, sunflower oil, or canola oil)",[]
4905,"pretzels (wheat flour, salt, vegetable oil [sunflower, canola and/or rice oil], corn syrup, malt syrup, yeast)","['wheat', 'gluten']"
4906,"cooked pasta shells (enriched wheat flour [durum flour, niacin, reduced iron, thiamine mononitrate, riboflavin, folic acid], water)","['wheat', 'gluten']"
4907,autolyzed yeast,[]
4908,"leavening (contains sodium bicarbonate, and sodium aluminium phosphate, monocalcium phosphate)",[]
4909,"breaded with enriched wheat flour (enriched with niacin, ferrous sulfate, thiamine mononitrate, riboflaven, folic acid)","['wheat', 'gluten']"
4910,"hickory smoke (water, hickory smoke concentrate)",[]
4911,artificial french vanilla flavor,[]
4912,prebiotic fiber (from tapioca),[]
4913,"parmesan hard grating cheese (parmesan hard grating cheese [pasteurized milk, cheese culture, salt, enzymes], powdered cellulose [to prevent caking])",['dairy']
4914,"swerve (erythritol, prebiotic oligosaccharides, natural flavors)",[]
4915,sliced ripe olives,[]
4916,"contains 2% or less: blueberry fruit powder (maltodextrins, blueberry puree)",[]
4917,"chili powder (spices, salt, garlic powder)",[]
4918,"enriched noodles (durum wheat flour, egg whites, eggs, niacin, ferrous sulfate, thiamin mononitrate, riboflavin, folic acid)","['eggs', 'wheat', 'gluten']"
4919,"tomato concentrate (water, tomato paste, peas, green beans, high fructose corn syrup, contains less than 2% of: potato starch, salt, enriched pasta (wheat flour, water, egg white, niacin, iron [ferrous sulfate], thiamin mononitrate, riboflavin, folic acid), corn, water, monosodium glutamate, soybean oil, celery, dehydrated onions, natural flavor, hydrolyzed soy and wheat gluten proteins, yeast extract, caramel color, garlic powder, oleoresin paprika, citric acid","['soybeans', 'wheat', 'gluten', 'celery']"
4920,ascorbic acid (vitamin c) to retain color,[]
4921,gluten,['gluten']
4922,natural vegan flavors,[]
4923,"natural flavor), raisins coated with less than 1% sunflower oil, gum acacia, sugar, confectioner's glaze), white chocolate marshmallow bits (white chocolate (sugar",[]
4924,"butter (pasteurized cream [derived from milk], salt)",['dairy']
4925,bulgur wheat1,"['wheat', 'gluten']"
4926,and less than 2% of whey,['dairy']
4927,red leaf,[]
4928,uncured toscano salami: pork,[]
4929,jalapeno peppers spices,[]
4930,"roasted salted almonds (almonds, peanut and/or cottonseed oil, sea salt)","['tree nuts', 'peanuts']"
4931,"natural flavors (wheat, milk)","['wheat', 'dairy']"
4932,and extractives of carrot,[]
4933,propylene glycol (preserves freshness) and salt,[]
4934,"chocolate flavored coating (sugar, fractionated palm kernel oil, cocoa, whey, nonfat milk, soy lecithin, natural flavor)","['dairy', 'soybeans']"
4935,organic sweet basil,[]
4936,"chicken salad (white chicken meat, mayonnaise [soybean oil, water, whole eggs and egg yolks, vinegar, salt, sugar, lemon juice {from concentrate}, oleoresin paprika, natural flavors, calcium disodium edta {used to protect quality}], celery, bread crumbs [bleached wheat flour, yeast, sugar, and salt], onions, seasoning [maltodextrin, cultured dextrose, sodium diacetate, salt, egg white lysozyme, nisin preparation], sugar, salt, water, dehydrated onion, tabasco sauce [distilled vinegar, red pepper, salt])","['soybeans', 'eggs', 'wheat', 'gluten', 'celery']"
4937,mozzarella cheese: low moisture mozzarella cheese,['dairy']
4938,"enzymes), whey salt, maltodextrin, spices. tomato powder, buttermilk solids, natural flavors with extractives of paprika (contains milk), autolyzed yeast extract, sodium caseinate (a milk derivative). citric acid, xanthan gum, onion powder, garlic powder. disodium inosinate, disodium cumulate. lactic acid, yellow 5, yellow 6. prefered in vegetable oil",['dairy']
4939,"cooked bacon (cured with: water, salt, sugar, sodium phosphate, sodium erythorbate, sodium nitrite)",[]
4940,almonds and saffron,['tree nuts']
4941,beet juice from concentrate,[]
4942,"fruits (citrus pulp, lemon puree)",[]
4943,hydrogenated vegetable oil (cottonseed and/or rapeseed),[]
4944,"milk chocolate (sugar, whole milk powder, unsweetened chocolate, cocoa butter, milkfat, soy lecithin, natural vanilla flavor) (milk)","['dairy', 'soybeans']"
4945,"bleached enriched flour (bleached wheat flour, malted barley flour, niacin, reduced iron, thiamine mononitrate, riboflavin, folic acid)","['wheat', 'gluten']"
4946,bulgarius,[]
4947,"fruit preparatiion (sugar, strawberries, modified starch, tricalcium phosphate, strawberry flavor, citric acid, potassium sorbate, sodium benzoate, pectine, colors [red 40, yellow 6])",[]
4948,"popping candy (sucrose, lactose [milk], corn syrup solids, processed with carbon dioxide for popping effect)",['dairy']
4949,"whole milk (milk, vitamin d3)",['dairy']
4950,blackcurrants,[]
4951,"milk derived protein blend (whey protein isolate, milk protein isolate, whey protein concentrate)",['dairy']
4952,lactose reduced whey,"['dairy', 'lactose']"
4953,"honey graham cookie pieces (wheat flour, sugar, whole wheat flour, canola oil, honey powder [maltodextrin, honey], baking soda, salt, annatto extract [color], caramel color)","['wheat', 'gluten']"
4954,essential oils of cardamom & black pepper,[]
4955,"wheat flour type """"00""""","['wheat', 'gluten']"
4956,beet fiber,[]
4957,organic wheat flour {thiamine (b1),"['wheat', 'gluten']"
4958,organic anise seed powder,[]
4959,green chilis,[]
4960,sorbic acid and calcium disodium edta (used to protect quality),[]
4961,hatch chiles,[]
4962,40 (artificial colors),[]
4963,"stabilizer (cellulose gum, locust bean gum, carrageenan, guar gum, salt, sugar)",[]
4964,"tamarind powder (corn maltodextrin, tamarind, caramel color)",[]
4965,liquid egg,['eggs']
4966,"enriched flour (wheat flour, malted barley flour, iron, niacin, thiamine mononitrate, riboflavin, folic acid)","['wheat', 'gluten']"
4967,"gluten free flour (tapioca starch, white rice flour, sorghum flour, corn starch)",[]
4968,"seasoning (salt, maltodextrin, garlic powder, yeast extract, onion powder, brown sugar, sugar, natural flavors [including mustard], spice, citric acid, lactic acid)",['**mustard']
4969,water concentrated apple juice,[]
4970,whole clams,['shellfish']
4971,sunflower seed flour,['**tree nuts']
4972,"chicken flavor (dehydrated chicken broth, chicken powder, natural flavor)",[]
4973,red cabbage,[]
4974,"milk chocolate (sugar, cocoa butter, chocolate liquor, whole milk powder, lactose, soy lecithin [an emulsifier], salt, vanillin (an artificial flavor]), pretzels (enriched wheat flour [wheat starch, niacin, reduced iron, thiamine mononitrate, riboflavin, folic acid, silicon dioxide [anti-caking agent], syrup, salt, sodium bicarbonate, yeast])","['dairy', 'lactose', 'wheat', 'gluten']"
4975,"pastry cream 35% (water, sugar, egg whites, modified potato starch, whole milk powder, whey powder, natural flavor, maltodextrin, thickener : xanthan gum, natural vanilla flavor, color : beta carotene)","['dairy', 'eggs']"
4976,radish extract,[]
4977,"bread (enriched bleached flour [wheat, niacin, reduced iron, thiamine mononitrate, riboflavin, folic acid], water, yeast, salt, canola oil, sugar)","['wheat', 'gluten']"
4978,vegetable: romaine lettuce,[]
4979,"coatings contain: blue (fd&c blue 1 lake); green (yellow 5 lake, blue 1 lake); lavender (blue 2 lake, carmine, red 40 lake); orange (yellow 6 lake); pink (carmine, red 40 lake); teal (blue 1 lake, yellow 5 lake); yellow (yellow 5 lake)",[]
4980,contains less than 2% of organic cilantro puree,[]
4981,dehydrated apples (treated with sodium sulfite to promote color retention),"['sulphur dioxide', 'sulphites']"
4982,"vanilla extract (vanilla beans, water, ethyl alcohol)",[]
4983,"honey roasted peanuts (peanuts roasted in peanut, cottonseed sunflower seed and/or canola oil, salt, sugar, honey, maltodextrin, fructose, corn starch, calcium stearate, xanthan gum, natural honey flavor)",['peanuts']
4984,"sweet relish (cucumbers, sugar, corn syrup, high fructose corn syrup, water, vinegar, salt, modified corn starch, xanthan gum, potassium sorbate, calcium chloride, natural flavor, polysorbate 80)",[]
4985,"yellow cake pieces (unbleached wheat flour, sugar, palm oil, water, nonfat milk powder, salt, natural flavors)","['dairy', 'eggs', 'wheat', 'gluten']"
4986,dried whole eggs natural flavor,['eggs']
4987,artificial color (fd&c red 40),[]
4988,dried celery,['celery']
4989,"folic acid), sugar, pal oil, contains 2% or less of: cocoa, natural & artificial flavors salt, leavening (baking soda",[]
4990,titanium dioxide and citric acid,[]
4991,"buffalo sauce (red bell pepper, water, white distilled vinegar, sunflower oil, sugar, garlic, organic red chili pepper, rice starch, sea salt, garlic powder, xanthan gum)",[]
4992,"corn tortilla chips (yellow corn, safflower oil and/or sunflower oil, sea salt, trace of lime)",[]
4993,cherry juice powder,[]
4994,"artificial colors (red 3, blue 1, red 40, yellow 5, yellow 6)",[]
4995,"paprika color (natural glycerine, natural extractives of paprika, ascorbic acid, natural mixed tocopherols, quillaja extract, sunflower oil, canola oil, rosemary extract)",[]
4996,contains 2% or less of: fructose,[]
4997,liquid soybean oil,['soybeans']
4998,canola oil (antidusting),[]
4999,vine ripened tomato,[]
5000,cranberry seeds,[]
5001,crust: unbleached wheat flour,"['wheat', 'gluten']"
5002,chocolate extract,[]
5003,"smoked shredded turkey thigh meat (turkey thigh meat, water, potassium lactate, salt, sugar, sodium phosphate, sodium diacetate, sodium erythorbate, sodium nitrite)",[]
5004,"bread (enriched wheat flour (wheat flour, malted barley flour, niacin, iron, thiamin mononitrate, riboflavin, folic acid], water, yeast, 2% or less of soybean oil, wheat gluten, salt, sugar, acetic acid, lactic acid, fumaric acid, ascorbic acid, enzymes, calcium propionate [preservative]), low-moisture part-skim mozzarella cheese (cultured part-skim milk, salt, enzymes), sauce (water, tomato paste, sugar, soybean oil, modified food starch, garlic, spices, salt, distilled vinegar, onion, cultured dextrose, potassium chloride, garlic powder, paprika, natural hickory smoke flavor), margarine (soybean oil, water, vegetable mono & diglycerides, salt, natural flavor (contains milk), vitamin a palmitate added, vitamin d3)","['wheat', 'gluten', 'dairy', 'soybeans']"
5005,lactic acid starter cultures [in beef casing],[]
5006,lactose and less than 2% silicon dioxide added to prevent caking,['lactose']
5007,wheat fibers,"['wheat', 'gluten']"
5008,pgpr (an emulsifier),[]
5009,and organic tapioca maltodextrin de-10,[]
5010,carnauba wax yellow 5,[]
5011,berry blue ingredients: water,[]
5012,"enzyme modified cheddar cheese (cheddar cheese, [pasteurized milk, cheese cultures, salt, enzymes] water, salt, disodium phosphate, sodium citrate, nonfat dry milk, natural flavor)",['dairy']
5013,"vegetable oil (peanut, cottonseed, soybean, and/or sunflower seed)","['peanuts', 'soybeans']"
5014,sodium erthorbate,[]
5015,"contains 2% or less of: grated romano cheese from cow's milk (cultured pasteurized part-skim milk, salt, enzymes)",['dairy']
5016,organic white balsamic,[]
5017,white chablis wine,[]
5018,"mayonnaise (soybean oil, vinegar, eggs, egg yolks, salt, sugar, water, lemon juice concentrate, ground red pepper, dried garlic, mustard oil)","['soybeans', 'eggs', 'mustard']"
5019,fd&c colors: yellow #6 lake,[]
5020,organic roasted red pepper puree,[]
5021,contains up to 12% chicken broth,[]
5022,"emulsifiers (propylene glycol mono and diesters of fatty acids, mono and diglycerides, sodium stearoyl lactylate)",[]
5023,extra virgin oil,[]
5024,granolas: certified gluten free oats,['gluten']
5025,"vegetable oil (contains one of more of the following: soybean oil, canola oil)",['soybeans']
5026,"yogurt coating (sugar (sugar, corn starch), hydrogenated palm kernel oil, sugar, milk blend (milk, nonfat milk, lactose), yogurt blend (nonfat milk, whey, lactic acid), nonfat milk, yogurt powder (cultured whey, nonfat milk), artificial color, lactic acid, soy lecithin (an emulsifier), artificial vanilla flavor, artificial sour cream flavor)","['dairy', 'soybeans']"
5027,bacillus coagulans gbi-30 6086 (probiotic),[]
5028,"clam juice (clam juice, salt)",['shellfish']
5029,"cooked chicken (chicken white meat, water, potassium lactate, sodium tripolyphosphate, salt)",[]
5030,pepper flakes,[]
5031,organic dried pineapple powder,[]
5032,"semi-sweet chocolate chips (evaporated cane juice, natural chocolate liquor (non-alcoholic), non-dairy cocoa butter)",['dairy']
5033,"cocoa flavored coating (sugar, palm kernel oil, inulin, whole milk powder, cocoa processed with alkali, soy lecithin, vanilla)","['dairy', 'soybeans']"
5034,"color (yellow 5, yellow 6, red 40)",[]
5035,bacillus coagulans gbi-306086,[]
5036,organic agave nectar,[]
5037,and up to 2% of the following: isolated oat products,[]
5038,"vegetable oil (contains one or more of the following: canola oil, peanut oil, and/or sunflower oil)",['peanuts']
5039,cold pressed orange oil,[]
5040,pure vanilla flavor,[]
5041,hot pepper,[]
5042,"partially hydrogenated vegetable oil (may contain coconut, soybean, sunflower, palm and/or canola)",['soybeans']
5043,dehydrated cooked chicken,[]
5044,"chili sauce (tomatoes, corn syrup, vinegar, salt, onions, natural flavors)",[]
5045,"artificial colors (including fd&c yellow 5, red 40, blue 1)",[]
5046,contains 2% or less of: sunflower lecithin,['soybeans']
5047,vitamin d-3],[]
5048,hydrolyzed whey protein (milk),['dairy']
5049,"enriched flour (wheat flour, niacin, reduced iron, thiamin mononitrate, riboflavin, enzyme, folic acid)","['wheat', 'gluten']"
5050,sunflower and/or safflowerr oil,[]
5051,spices and microgard (a natural antimicrobial),[]
5052,"folic acid), cheese sauce (whey",['dairy']
5053,natural annatto coloring,[]
5054,hydrogenated vegetable oils (palm kernel and coconut),[]
5055,"soy sauce (water, wheat, soybeans, salt, alcohol, vinegar, lactic acid, water chestnuts, brown sugar, less than 2% of modified food starch, toasted sesame oil, canola oil, ginger puree (ginger, water), garlic, orange juice concentrate, toasted sesame seeds, rice wine vinegar (water, rice), xanthan gum, spice","['soybeans', 'wheat', 'sesame']"
5056,"unbleached enriched flour (wheat flour, niacin, reduced iron, thiamine mononitrate, riboflavin, folic acid, enzyme)","['wheat', 'gluten']"
5057,cheese crunchies,['dairy']
5058,"creme fraiche sauce (organic creme fraiche [cultured pasteurized organic cream, cheese cultures], water, organic wheat starch, organic canola oil, organic olive oil extra virgin, salt, organic white pepper)","['dairy', 'wheat']"
5059,"unbleached flour (wheat flour, malted barley flour, niacin, reduced iron, thiamin mononitrate, riboflavin, folic acid)","['wheat', 'gluten']"
5060,organic soy flour,['soybeans']
5061,yellow 5 and polysorbate 80,[]
5062,"semi sweet chocolate (sugar, unsweetened chocolate, cocoa butter, soy lecithin (an emulsifier], natural vanilla extract), roasted whole espresso beans, tapioca starch, sucrose, cocoa powder (processed with alkali), confectioner's glaze","['soybeans', 'dairy']"
5063,"dark chocolate (sugar, chocolate liquor (processed with alkali), cocoa butter, milk, butterfat, soy lecithin (an emulsifier), vanilla)","['dairy', 'soybeans']"
5064,apple sauce,[]
5065,"organic strawberries (organic strawberries, organic cane syrup, pectin, organic locust bean gum, organic lemon juice concentrate)",[]
5066,"parmesan cheese (cultured, pasteurized, part skim milk, salt, enzymes) powdered cellulose (to prevent caking)",['dairy']
5067,chocolate contains: sugar,[]
5068,small tomatoes with skin,[]
5069,ingredients: pork livers,[]
5070,"antioxidant (soy lecithin,amylases,proteases)",['soybeans']
5071,"salad dressing (soybean oil, water, sugar, distilled vinegar, egg yolks, high fructose corn syrup, modified corn starch, salt, mustard flour, spice, natural flavors, paprika, onion powder, calcium disodium edta {to protect flavor})","['soybeans', 'eggs', 'mustard']"
5072,"sugar cookie mix: enriched bleached flour (wheat flour, malted barley flour, niacin, iron, thiamine mononitrate, riboflavin, folic acid)","['wheat', 'gluten']"
5073,"organic vegetable oil (sunflower, safflower and/or canola) and sea salt",[]
5074,walnut pieces,['tree nuts']
5075,"shortening (pure vegetable oil, partially hydrogenated soybean and cottonseed oil)",['soybeans']
5076,food starch- modified,[]
5077,"chicken bone broth (filtered water, chicken bone broth base (chicken bone broth (chicken bone broth, chicken fat), sea salt, blue agave syrup, roasted chicken meat, potato starch, tamarind extract, chicken flavor, nutritional yeast, champignon mushroom powder, guar gum, onion concentrate, bay leaf, tomato powder, turmeric, natural celery seed extract))",['celery']
5078,and garlic oil,[]
5079,"processed american yellow cheese (cultured milk and skim milk, cream, sodium citrate, salt, artificial color, sodium phosphate, sorbic acid [preservative], enzymes, soy lecithin)","['dairy', 'soybeans']"
5080,contains five live active cultures including,[]
5081,"sprinkles (sugar, corn starch, dextrose, hydrogenated palm oil, dextrin, shellac, carnauba wax, soy lecithin, cochineal extract [color], caramel color, hydroxypropyl distarch phosphate, water, gum arabic, xanthan gum, artificial flavor, titanium dioxide, magnesium stearate, glucose powder, artificial colors [blue 1, blue 2, red 3, red 40, yellow 5, yellow 6])",['soybeans']
5082,roasted corn,[]
5083,"beef (beef, water, organic corn starch, sea salt)",[]
5084,ginkgo,[]
5085,"rosemary & olive oil seasoning (maltodextrin, sea salt, sugar, spices, yeast extract, onion powder, olive oil, natural flavor)",[]
5086,100% usda choice beef round,[]
5087,"buffalo seasoning (maltodextrin, frank's redhot cayenne pepper sauce [dry aged cayenne peppers, distilled vinegar, salt and garlic powder], garlic powder, sugar, onion powder, yeast extract, spice, vinegar, citric acid, canola oil [as a processing acid], extractives of paprika, spice extractives, not more than 2% silicon dioxide to prevent caking)",[]
5088,cashew butter,['tree nuts']
5089,organic raw almonds,['tree nuts']
5090,thiamine mononitrate,[]
5091,corn syrup and tapioca dextrin,[]
5092,"enriched wheat flour (unbleached wheat flour, niacin, reduced iron, thiamin mononitrate, riboflavin, folic acid, malted barley flour)","['wheat', 'gluten']"
5093,lemon essence,[]
5094,less than 1%: natural & artificial flavors,[]
5095,asian ginseng root extract,[]
5096,ground juniper berries,[]
5097,natamycin (a natural mold inhibitor); capicola wa: cured with water,[]
5098,organic prunes,[]
5099,"gums (agar xanthan, acacia, sodium alginate, guar)",[]
5100,"pear juice (water, pear juice concentrate)",[]
5101,"apple strawberry pieces (fruit [apple puree concentrate, strawberry scan here for more food information juice concentrate], invert sugar, sugar, glycerol, dextrose, wheat fiber, palm fat, pectin, malic acid, natural flavor, elderberry juice concentrate); less than 2% of: guar gum",['wheat']
5102,"chocolate chips (sugar, chocolate liquor, cocoa butter, dextrose, soy lecithin [an emulsifier], vanilla)",['soybeans']
5103,niacinamide++,[]
5104,"non-gmo project verified tomato paste (tomato paste, naturally derived citric acid)",[]
5105,"honey roast seasoning (sugar, fructose, honey solids [refinery syrup, honey], honey, wheat starch, contains 2% or less of: olive oil [added as a processing aid])",['wheat']
5106,hydrogenated coconut and soybean oils,['soybeans']
5107,cookie bits {sugar,[]
5108,"chicken breast (chicken, water, salt, chicken broth powder, savory chicken seasoning [salt, natural flavor, sunflower lecithin], dextrose)",[]
5109,enriched flour {wheat flour,['wheat']
5110,"ricotta impastata (whole milk, vinegar, salt)",['dairy']
5111,carrageenan cellulose gel,[]
5112,"stick: wheat flour enriched ([wheat flour, niacin, reduced iron, thiamine mononitrate, riboflavin, folic acid], malted barley flour)",['wheat']
5113,organic fair trade cacao,[]
5114,dehydrated apple powder,[]
5115,"contains less than 2% of dough conditioner (enriched wheat flour, ascorbic acid, enzymes)",['wheat']
5116,"fudge brownie pieces (cane sugar, wheat flour, soybean oil, water, cocoa powder, corn starch, sunflower lecithin, salt, natural vanilla extract)","['soybeans', 'wheat']"
5117,"strawberry base (strawberries, naturally milled cane sugar, inulin, water, modified food starch, natural flavor, vegetable protein, tricalcium phosphate, purple carrot concentrate and annatto for color, sodium benzoate and potassium sorbate to maintain freshness, sodium citrate, ascorbic acid [vit. c]], sugar, modified food starch, kosher gelatin, live active yogurt cultures [s. thermophilus, l bulgaricus, l lactis, l acidophilus]",['**lactose']
5118,granulated cane sugar,[]
5119,"salted fudge swirl: powdered sugar (sugar, corn starch)",[]
5120,"peanuts (peanuts, salt, spices, paprika, dextrose, onion, garlic, natural flavor [contains soy lecithin], with no greater than 2% silicon dioxide and/or palm oil with green tea and rosemary extract [added to prevent caking], peanut oil)","['peanuts', 'soybeans']"
5121,vegetable oil spread [hydrogenated palm stearin,[]
5122,"dressing (mayonnaise [soybean oil, corn syrup, water, egg yolks, distilled vinegar, salt, spice, calcium disodium edta added to protect flavor] maltodextrin, cultured dextrose, sodium diacetate, egg white lysozyme, nisin preparation glucono delta lactone, potassium sorbate (preservative), black pepper)","['soybeans', 'eggs']"
5123,"coconut aminos (organic coconut tree sap, sea salt)",[]
5124,"folic acid), water, soybean oil, yeast, sugar, salt, calcium propionate (preservative), enzymes, ascorbic acid. spread: water, soybean oil, dehydrated garlic, palm oil, whey powder, salt, modified corn starch, distilled monoglyceride, dehydrated parsley, modified tapioca starch, xanthan gum, citric acid, natural and artificial flavor, beta carotene (color)","['soybeans', 'dairy']"
5125,"ginger puree (ginger root, phosphoric acid, potassium sorbate and sodium benzoate (to preserve freshness))",[]
5126,mughlai kofta curry: water,[]
5127,powdered cellulose chip strips: corn masa flour,[]
5128,"ramen noodle ingredients: enriched wheat flour (wheat flour, niacin, reduced iron, thiamine mononitrate, riboflavin, folic acid)",['wheat']
5129,sea salt konjac,[]
5130,"soy oil blend and soy oil shortening (soybean oil, mono- and diglycerides, propylene glycol mono- and diesters of fatty acids, glyceryl-lacto esters of fatty acids)",['soybeans']
5131,"textured vegetable protein (water, soy protein concentrate, wheat protein)","['soybeans', 'wheat']"
5132,whey (milk) protein concentrate,['dairy']
5133,soy sauce (hydrolyzed soy protein),['soybeans']
5134,"grapes (concord grapes, grapes)",[]
5135,lowfat yogurt: cultured pasteurized grade a lowfat milk,['dairy']
5136,konjac gum,[]
5137,yellow corn (32.5%),[]
5138,dry garlic,[]
5139,"natural flavor (including smoke) and bacon (cured with water, salt, sodium erythorbate, sodium nitrite)",[]
5140,and potassium sorbate (0.05%) as preservatives,[]
5141,fresh buttermilk,['dairy']
5142,"powdered sugar (cane sugar+, cornstarch)",[]
5143,"artificial colors (fd&c red no.40, fd&c yellow no. 5, fd&c yellow no. 6, fd&c blue no. 1)",[]
5144,"enriched macaroni product: [enriched flour (wheat flour, malted barley flour, niacin, reduced iron, thiamine mononitrate, riboflavin, folic acid)]",['wheat']
5145,soybean flour,['soybeans']
5146,avocados,[]
5147,"dehydrated vegetables (bell pepper, shallots, cilantro, onion, garlic, jalapeno pepper)",[]
5148,"hydrolyzed soy protein (maltodextrin, disodium inosinate, disodium guanylate)",['soybeans']
5149,"yellow batter (egg yolk, corn syrup, sugar, water, artificial flavor, salt)",['eggs']
5150,"organic balsamic dressing (water, organic balsamic vinegar [organic wine vinegar, organic fermented grape], organic sunflower oil, organic extra virgin olive oil, organic blue agave syrup, organic sugar, sea salt, xanthan gum, organic black pepper, organic dried onion, organic dried basil, organic thyme)",[]
5151,"fd&c artificial colors (red #40, blue #1, yellow #5 [contains tartrazine])",[]
5152,calcium stearate (anti-caking),[]
5153,fruit juice and vegetable juice (for color),[]
5154,fig paste,[]
5155,tumeric,[]
5156,ingredients: potatoes,[]
5157,dried strawberry puree,[]
5158,"vegetable shortening (palm oil, natural flavor, soy lecithin)",['soybeans']
5159,crust: whole grain stone ground soft wheat flour,"['wheat', 'gluten']"
5160,"contains 2% or less of: vegetable oil (palm, soybean, olive and/or canola oil)",['soybeans']
5161,organic bay leaves,[]
5162,d-alpha-tocopheryl acetate (vitamin e),[]
5163,"dried cranberries (cranberries, sugar, citric acid, sunflower oil, elderberry juice concentrate [color])",[]
5164,"stoneground mustard (apple cider vinegar, water, mustard seed, sea salt, cloves)",['mustard']
5165,100% whole durum wheat flour,"['wheat', 'gluten']"
5166,"cajun and chili lemon corn sticks (yellow corn masa, vegetable oil [soybean], cajun and chili lemon seasoning [maltodextrin {corn}, salt, natural flavoring, citric acid, spices & herbs, garlic powder, onion powder, tomato powder, green pepper powder, spice and coloring {paprika}])",['soybeans']
5167,vegetable oil (contains one or more of the following: corn and/or soybean and/or cottonseed oil),['soybeans']
5168,"sharp cheddar cheese powder (pasteurized milk, cheese cultures, salt, enzymes, disodium phosphate, annatto extract)",['dairy']
5169,"premium 60% dark chocolate (cacao, cane sugar, cacao butter, sunflower lecithin [as an emulsifier], natural vanilla)",['soybeans']
5170,"peanut butter swirl (peanuts, corn oil, dextrose, salt, mono-diglycerides)",['peanuts']
5171,rosemary and green tea extract,[]
5172,"feta cheese powder (feta cheese [pasteurized milk, cheese cultures, salt, enzymes], disodium phosphate)",['dairy']
5173,"citric acid), savory flavor (natural flavor",[]
5174,peach fruit preparation: organic peaches,[]
5175,natural lime flavor and natural flavors,[]
5176,organic flaxseeds,[]
5177,acetic acid and sodium benzoate as a preservative,[]
5178,"yeast (yeast, sorbitan monostearate, ascorbic acid)",[]
5179,"seafood mix (imitation crab {fish protein, water, wheat/corn/tapioca starch, egg whites, soybean oil, crab flavor, natural crab extract, sugar, salt, calcium carbonate, carmine, and paprika}, bleached wheat flour, creamer {water, palm oil, corn syrup solids, sodium caseinate {a milk derivative}, mono and diglycerides, dipotassium phosphate, sodium silicoaluminate, soy lecithin, bht to protect flavor},onions, celery, red bell peppers, shrimp, cheddar cheese sauce (water, cheddar cheese {milk, cheese culture, salt, enzymes},contains 2% or less of the following: whole wheat flour, sugar, cane sugar, sea salt, vinegar, corn syrup, modified food starch, paprika, yeast, corn starch, methyl cellulose, egg white powder, xanthan gum, guar gum, whole eggs, citric acid, maltodextrin, hydrolyzed soy and wheat protein, yeast extract, natural flavors {contains crab, lobster and cod}, disodium inosinate and disodium guanylate, rice flour, potassium chloride, celery seed, spices, butter, sodium benzoate{preservative})","['fish', 'wheat', 'gluten', 'eggs', 'soybeans', 'dairy', 'shellfish']"
5180,contains 2% or less of adipic acid (for tartness),[]
5181,"gum blend (cmc gum, wheat starch, xanthan gum)","['wheat', 'gluten']"
5182,"salad dressing (soybean oil, water, vinegar, sugar, egg yolks, modified food starch, salt, mustard flour, spice, paprika, natural flavor, dried garlic)","['soybeans', 'eggs', 'mustard']"
5183,organic pasteurized milk and cream,['dairy']
5184,"organic whole grain crispy rice (organic whole grain brown rice flour, calcium carbonate)",[]
5185,"vegetable oil (high oleic soybean, soybean, palm, and/or canola oil with tbhq for freshness)",['soybeans']
5186,enzymes (wheat),"['wheat', 'gluten']"
5187,baby red leaf lettuce,[]
5188,"pasteurized process swiss cheese (swiss cheese [cultured milk, salt, enzymes], water, cream, sodium phosphates, salt, lactic acid)",['dairy']
5189,"strawberry flavored pretzel pieces (sugar, pretzel pieces [enriched wheat flour {wheat flour, niacin, reduced iron, thiamine mononitrate, riboflavin, folic acid}, malt, salt, soybean oil], coconut oil, skim milk, palm kernel oil, milkfat, natural flavor, milk, fruit juice color, annatto color, soy lecithin, salt)","['wheat', 'gluten', 'dairy', 'soybeans']"
5190,passionfruit juice concentrate,[]
5191,calrose rice,[]
5192,bleu cheese,['dairy']
5193,"cream cheese (pasteurized nonfat milk and milkfat, cheese culture, whey protein concentrate, salt, guar gum, carob bean gum)",['dairy']
5194,hydrolyzed corn torula and brewers yeast,[]
5195,"semisweet chocolate chips (sugar, unsweetened chocolate, cocoa butter, milkfat, emulsifier [soy lecithin], artificial flavor)","['dairy', 'soybeans']"
5196,"spices and herbs (including paprika, celery seed, red pepper, bay leaves)",[]
5197,oyster extract (molluscan shellfish),['mollusks']
5198,"spicy yellow seasoning (salt, maltodextrin, yeast extract, dehydrated onion and garlic, red and green bell peppers, turmeric [color], sugar, corn starch, natural flavor, spices, oleoresin turmeric [color], saffron [color])",[]
5199,"dark chocolate flavored coating (coconut oil, sugar, chocolate liquor, cocoa processed with alkali, soybean oil, soy lecithin, polyglycerol polyricinoleate, artificial flavor)",['soybeans']
5200,"sourdough bread (enriched flour (wheat flour, malted barley flour, niacin, reduced iron, thiamine mononitrate, riboflavin, folic acid), water, soybean oil, contains 2% or less of: whole wheat flour, salt, oats, active dry yeast, wheat bran, vital wheat gluten, monoglycerides, calcium sulfate, enzymes, lactic & fumaric acid, wheat & corn starch, ascorbic & acetic acid)","['wheat', 'soybeans', 'gluten']"
5201,sharp pasteurized process american cheese: milk,['dairy']
5202,boneless skinless white meat chicken and water contains 2% or less of: modified food starch,[]
5203,"enriched corn meal (corn, niacin, iron, thiamine mononitrate, riboflavin, folic acid)",[]
5204,"pretzels (enriched wheat flour (wheat flour, niacin, reduced iron, thiamin mononitrate, riboflavin, folic acid), malted barley flour, salt, soybean oil)","['wheat', 'soybeans', 'gluten']"
5205,"less than 2% of parmesan cheese (pasteurized milk, cheese cultures, salt, enzymes)",['dairy']
5206,corn syrup natural spice flavor,[]
5207,"sweet red peppers (peppers, water, citric acid)",[]
5208,"chile pepper (red chile peppers, citric acid)",[]
5209,"sweetened condensed skim milk (skim milk, sugar)",['dairy']
5210,palm],[]
5211,organic instant coffee,[]
5212,"sour cream (cream, microbial enzymes)",['dairy']
5213,dried blueberry fruit pieces,[]
5214,"fruit & vegetable blend (spinach, broccoli, carrot, beet, tomato.apple. cranberry, orange, blueberry and/or bilberry, strawberry, shiitake mushroom)",[]
5215,fumeric acid,[]
5216,"toppings: mozzarella cheese (cultured pasteurized milk, salt, enzymes)",['dairy']
5217,"seafood base (cooked lobster, shrimp, crab and clams, salt, maltodextrin, soybean oil, dehydrated potato, clarified butter oil, hydrolyzed soy protein, wheat gluten protein, natural flavor [extract of shrimp, salt, yeast extract, dextrin, disodium inosinate, disodium guanylate], dehydrated bonito [fish], onion powder, xanthan gum, paprika)","['shellfish', 'fish', 'soybeans', 'wheat', 'gluten']"
5218,"boneless skinless chicken breasts (boneless skinless chicken breast fillets containing up to 10% solution of water, food starch, and salt)",[]
5219,chai spices,[]
5220,vanilla flavour,[]
5221,dried fruit and nut blend [cashews,['tree nuts']
5222,potassium and sodium citrate,[]
5223,"caramel swirl (corn syrup, sugar, condensed milk, salt, carrageenan, potassium sorbate [preservative], sodium bicarbonate)",['dairy']
5224,"dijon mustard (water, mustard seeds vinegar, salt)",['mustard']
5225,"almond butter (almonds, sea salt)",['tree nuts']
5226,"vegetable color (annatto, turmeric)",[]
5227,"color (vegetable juice, turmeric, paprika oleoresin, fruit juice, spirulina extract)",[]
5228,"enriched durum flour (flour, niacin, ferrous sulfate, thiamine mononitrate, riboflavin, folic acid)","['wheat', 'gluten']"
5229,"bread (wheat flour, sugar, vegetable shortening [soybean, cottonseed and/or safflower oil], high fructose corn syrup, iodized salt, leavening agents [sodium bicarbonate, ammonium bicarbonate] and artificial flavoring)","['soybeans', 'wheat', 'gluten']"
5230,glycerol ester or wood rosin,[]
5231,tilapia fillets batter coating wheat flour,"['wheat', 'gluten']"
5232,"roasted cashews (cashews, canola and/or peanut oil)",['tree nuts']
5233,"noodles (water, rice flour, wheat flour, canola oil, wheat gluten, salt, propylene glycol alginate, xanthan gum)","['wheat', 'gluten']"
5234,contains 2% or less of sundried tomatoes,[]
5235,natural flavor (including hickory smoke),[]
5236,and fd&c blue #1,[]
5237,semi-dried tomatoes,[]
5238,"beef broth (water, grass-fed beef bones, organic onions, organic carrots, organic celery, organic parsley, organic apple cider vinegar, sea salt, organic black pepper, organic bay leaves, organic thyme, organic rosemary)",[]
5239,"natural cheese flavor (parmesan cheese [milk, culture, salt, enzymes], water, salt)",['dairy']
5240,sodium chloride (salt),[]
5241,"tempura chicken (chicken breast meat, water, bleached enriched flour [wheat flour, niacin, iron, thiamine mononitrate, riboflavin, folic acid], corn starch. contains less than 2% of dextrin, dextrose, egg whites, egg yolks, leavening [sodium acid pyrophosphate, sodium bicarbonate, monocalcium phosphate], modified potato starch, nonfat dry milk, rice flour, salt, sodium phosphate, xanthan gum. fully cooked in vegetable oil [canola])","['wheat', 'gluten', 'dairy', 'eggs']"
5242,"shortening (palm, soybean, modified palm and canola oil)",['soybeans']
5243,organic moringa leaf powder,[]
5244,garlic and natural flavor,[]
5245,"(sodium acid pyrophosphate, sodium bicarbonate, non-gmo corn starch, monocalcium phosphate)",[]
5246,organic quinoa (sprout),[]
5247,"fermented soybeans (water, black soybeans, rice, sea salt, culture)",['soybeans']
5248,ice cream contains milk,['dairy']
5249,"romano cheese (part-skim cow's milk, cheese cultures, salt, enzymes)",['dairy']
5250,granulated onion and other spices,[]
5251,less than 1% of: salt,[]
5252,"brie cheese (pasteurized cultured milk and cream, salt, enzymes)",['dairy']
5253,"artificial color (fd&c yellow 5 lake, fd&c blue 1 lake)",[]
5254,"toasted bread (flour, safflower oil, iodized salt, leavening [sodium bicarbonate, sodium aluminum sulfate, monocalcium phosphate], soy lecithin)","['soybeans', 'wheat']"
5255,dill,[]
5256,carob bean and/or guar gums,[]
5257,glyceryl monoestearate,[]
5258,mold,[]
5259,high oleic safflower oil; less than 2% of: glycerin,[]
5260,"margarine (palm oil, water, soybean oil, salt, contains 2% or less of: mono and diglycerides, calcium disodium edta [preservative], artificial flavor, annatto [color], vitamin a palmitate)","['soybeans', 'dairy']"
5261,sodium nitrite (6.25%),[]
5262,saffron,[]
5263,"organic whole chicken (contains up to 12% solution of: water, organic chicken, organic chicken broth concentrate, organic honey powder [organic maltodextrin, organic honey], sea salt)",[]
5264,"probiotic yogurt raisins (yogurt coating [sugar, fractionated palm kernel oil, whey powder {milk}, colored with titanium dioxide, yogurt powder {cultured whey, non-fat milk powder}, soy lecithin {an emulsifier}, salt, vanilla], raisins [sunflower oil], corn syrup, modified starch [tapioca], confectioner's glaze, probiotic added [bacillus coagulans gbi-30 6086])","['dairy', 'soybeans']"
5265,"parmesan and romano cheese (pasteurized part-skim cow's milk, cheese cultures, salt, enzymes)",['dairy']
5266,apricot (containing sulfur dioxide),['sulphur dioxide']
5267,"cashews (cashews, vegetable oil (may contain one or more of the following: peanut, canola, sunflower, soybean))","['tree nuts', '**peanuts']"
5268,"contains 2% or less of each of the following: leavening (baking soda, sodium acid pyrophosphate, monocalcium phosphate)",[]
5269,"vegetable oil (contains one or more of the following: corn, cottonseed, sunflower, soybean, palm)",['**soybeans']
5270,propylene glycol mono-and diesters of fatty acids,[]
5271,"(cream, salt, modified food starch, wheat flour, soybean oil, roast flavor (sunflower oil, natural flavor, soy lecithin), salt, shrimp stock (shrimp, salt), garlic in oil(garlic, soybean oil, water, citric acid, acefying agent), nisin preparation and spices","['**soybeans', 'shellfish', 'wheat', 'eggs']"
5272,"natural flavor (enzyme modified egg yolk, salt)",['eggs']
5273,less than 2% of cream,[]
5274,spices (including paprika and turmeric),[]
5275,yeast autolyzate,[]
5276,citric acid (protect freshness) and mixed tocopherols (protect freshness)],[]
5277,almonds (blanched slivered almonds),['tree nuts']
5278,"tofu (soybeans, water, calcium sulfate)",['soybeans']
5279,chipotle pepper puree,[]
5280,"tomatoes (tomatoes, tomato juice [tomato juice, citric acid, calcium chloride], sugar, salt, seasoning [dehydrated onion, citric acid, celery powder, dehydrated garlic], peppers, vinegar, calcium chloride)",[]
5281,ackees,[]
5282,contains 2% or less of natural flavorings,[]
5283,"crystallized lemon juice (natural lemon flavor, lemon juice powder)",[]
5284,organic dried cane sugar,[]
5285,organic whey,['dairy']
5286,"batter (cornflour, rice flour, corn starch, sea salt, cream of tartar, sodium bicarbonate, garlic powder, onion powder, canola oil, xanthan gum, spice)",[]
5287,"vegetable oil (palm oil, sunflower oil)",[]
5288,"for color (blue 1 lake, red 40, yellow 6, yellow 5, blue 1, red 40 lake, yellow 6 lake, yellow 5 lake, blue 2 lake, blue 2)",[]
5289,brown rice flour whole grain yellow corn,[]
5290,cheddar cheese [milk,['dairy']
5291,sugar+,[]
5292,"enrichment blend (maltodextrin, ferrous fumarate, vitamin e, zinc oxide, niacin, pyridoxine hydrochloride riboflavin, thiamin mononitrate, magnesium oxide, folic acid, vitamin d3, cyanocobalamin)",[]
5293,colored with annatto extract,[]
5294,"quiche filling (spinach, jarlsberg cheese (pasteurized part skim milk, rennet, salt, culture. powdered cellulose added to prevent caking), red bell pepper, yellow onion, seasoning (onion, spices (black pepper, parsley, celery seed, basil, bay, marjoram, oregano, savory, thyme, cayenne pepper, coriander, cumin, mustard, rosemary), garlic, carrot, orange peel, tomato, lemon juice powder, citric acid, oil of lemon), thyme)","['dairy', 'celery', 'mustard']"
5295,donut pieces {sugar,[]
5296,ghee (clarified butter),['dairy']
5297,organic peaches,[]
5298,organic potato flour,[]
5299,"natural flavoring smoked edam cheese (cultured milk, salt, enzymes)",['dairy']
5300,turmeric and paprika (for color),[]
5301,"soy crisps (soy protein isolate, tapioca starch, salt)",['soybeans']
5302,glucono delta-lactone (acidulant),[]
5303,xanthan gum and guar gum (natural gums),[]
5304,contains less than 2% of: ascorbic acid,[]
5305,"enriched wheat flour (wheat flour, niacin. reduced iron. thiamine mononitrate, riboflavin, folic acid)","['wheat', 'gluten']"
5306,peanuts and salt,['peanuts']
5307,hulled hemp seeds,[]
5308,"sauce: (tomato puree, water, oregano, salt, black pepper)",[]
5309,ascorbic acid to promote color retention,[]
5310,"xanthan gum), fried shallot (shallot",[]
5311,"lavash bread (enriched unbleached wheat flour [wheat flour, malted barley flour, niacin, iron, thiamine mononitrate, riboflavin, folic acid], filtered water, canola oil, sea salt, cultured wheat, oat fiber, sugar, baking powder [sodium acid pyrophosphate, potato starch, sodium bicarbonate], yeast)","['wheat', 'gluten']"
5312,"beta-carotene color), contains 1 percent or less of: cocoa butter, artificial flavors, salt, lecithin, trisodium phosphate, yeast, monoglyceride,leavening (sodium bicarbonate), polyglycerol polyricinoleate, papain",[]
5313,"margarine (palm oil, water, soybean oil, salt, mono & diglycerides, colored with annatto, calcium disodium edta added as a preservative, artificial butter flavor, vitamin a palmitate added)",['soybeans']
5314,organic canola oil and/or organic sunflower oil and/or organic palm oil,[]
5315,"semisweet chocolate (sugar, chocolate, cocoa butter, milkfat, soy lecithin [as emulsifier], ,artificial vanilla flavor, natural flavors)","['soybeans', 'dairy']"
5316,"vegetable oil (palm oil, glyceryl monostearate, tocopherols)",[]
5317,gelatin mix: sugar,[]
5318,ferrous gluconate (iron derivative),[]
5319,rice (cooked),[]
5320,instant decaffeinated coffee,[]
5321,"vegetable oil (may contain soybean, palm, safflower, sunflower and/or canola oil)",['**soybeans']
5322,"white sub bread (enriched wheat flour [wheat flour, malted barley flour, niacin, reduced iron, thiamin mononitrate, riboflavin, folic acid], water, sugar, yeast, wheat gluten, salt, malted barley extract, calcium propionate [preservatives], dough conditioners [diacetyl tartaric acid esters of mono and diglycerides, sodium stearoyl lactylate, ascorbic acid, enzymes, l-cysteine, azodicarbonamide], malted barley flour)","['wheat', 'gluten']"
5323,"chocolate chip (sugar, unsweetened chocolate, dextrose, cocoa butter, soy lecithin, milkfat, vanilla extract)","['soybeans', 'dairy']"
5324,fructooligosaccharides (soluble fiber),[]
5325,chicory root inulin,[]
5326,"prepared horseradish (horseradish, vinegar, salt, natural flavor)",[]
5327,onion power,[]
5328,"cookie: whole grains (whole wheat flour, oats)","['wheat', 'gluten']"
5329,"pepperoni (pork, beef, salt, contains 2% or less of water, dextrose, spices, lactic acid starter culture, oleoresin of paprika, garlic powder, sodium nitrite, bha, bht, citric acid [to protect flavor])",[]
5330,"dairy dessert (skim milk, sugar, coconut oil carob bean gum, guar gum, carrageenan, artificial vanilla flavor)",['dairy']
5331,"natural boneless chicken breast with rib meat vegetarian fed raised without antibiotics (contains up to 17% of a solution of water, less than 2% potato starch, sea salt)",[]
5332,hydrogenated vegetable oil (rapeseed and/or cottonseed and/or soybean),['**soybeans']
5333,pasteurized cultured lowfat milk,['dairy']
5334,organic peanuts,['peanuts']
5335,milk proteins sorbitol,['dairy']
5336,"cultured nonfat buttermilk (water, nonfat dry milk, soybean oil, buttermilk cultures)","['soybeans', 'dairy']"
5337,"pulp of tomatoes (tomatoes, citric acid)",[]
5338,prefried in vegetable oil,[]
5339,"corn tortilla (water, corn masa flour, contains 2% or less or fumaric acid, cellulose gum, sodium propionate, sorbic acid, trace of lime)",[]
5340,"enriched unbleached flour (wheat flour, niacin, reduced iron, thiamin mononitrate, riboflavin, folic acid, malted barley flour)","['wheat', 'gluten']"
5341,white degermed ground corn,[]
5342,salt & enzymes,[]
5343,"dried cranberries (cranberries, sigar, sunflower oil)",[]
5344,"apple puree (ascorbic acid, potassium sorbate)",[]
5345,"freshness preserved with (sodium bisulfite, sodium acid pyrophosphate, citric acid, bha, bht)",['**sulphites']
5346,no sweetners or preservatives,[]
5347,organic turmeric root,[]
5348,"coloring includes (turmeric, beta carotene, beet powder)",[]
5349,"sweetened dried cranberries (cranberries, cane sugar, sunflower oil)",[]
5350,"dark chocolate chips(sugar, cocoa liquor, cocoa butter)",['**dairy']
5351,food starch-modified (corn and/or wheat),['**wheat']
5352,canola and soy lecithin (emulsifier),['**soybeans']
5353,pomegranate extract,[]
5354,organic monkfruit extract,[]
5355,"crushed tomatoes (tomatoes, salt, citric acid)",[]
5356,"animal shortening (contains one or more of the following: tallow, lard, hydrogenated tallow, with preservatives [bht, citric acid])",[]
5357,"pasteurized process american cheese (cultured milk, water, cream, sodium phosphates, salt, sorbic acid [for freshness], vegetable color [annatto and paprika extract blend], enzymes)",['dairy']
5358,live active yogurt cultures including l,['**dairy']
5359,ingredients: egg whites,['eggs']
5360,"icing sugar (cane sugar, corn starch)",[]
5361,"confectionery coating (sugar, palm kernel and palm oils, cocoa processed with alkali, soy lecithin, salt, vanillin, whey [milk])","['**dairy', 'soybeans']"
5362,"liquid margarine (soybean oil and hydrogenated soybean oil, water, salt, contains less than 2% of mono- and diglycerides, soy lecithin, sodium benzoate (preservative), citric acid, natural and artificial flavors, calcium disodium edta added to protect flavor, beta-carotene color, vitamin a palmitate)",['**soybeans']
5363,folic acid++,[]
5364,potato flakes,[]
5365,"organic juices (celery, apple, cucumber, spinach, romaine lettuce, kale, lime, lemon, parsley)",['celery']
5366,"queso blanco cheese (pasteurized milk, cheese culture, salt, enzymes, vinegar)",['dairy']
5367,"ketchup (tomato concentrate, sugar, distilled vinegar, less than 2% of: salt, natural flavors, potassium chloride, onion powder, citric acid, garlic powder, spices)",[]
5368,sodium chloride (fortified with iodine) and artificial vanilla flavor,[]
5369,"toasted wheat crumb [enriched wheat flour (wheat flour, niacin, reduced iron, thiamine mononitrate, riboflavin, folic acid)","['wheat', 'gluten']"
5370,"enriched wheat flour bleached (flour, malted barley flour, niacin, reduced iron, thiamine mononitrate, riboflavin, folic acid)","['wheat', 'gluten']"
5371,pineapple juice (from concentrate) and citric acid,[]
5372,"vegetable oil (contains one or more of the following: palm, canola, soybean with tbhq for freshness)",['**soybeans']
5373,chocolate flavored chunks [sugar,[]
5374,"honey biscuit: enriched bleached wheat flour (bleached wheat flour, niacin, reduced iron, thiamine mononitrate, riboflavin, folic acid)","['wheat', 'gluten']"
5375,contains 2% or less of caramel color,[]
5376,mayonnaise soybean oil,['**soybeans']
5377,sour culture,[]
5378,white jasmine rice,[]
5379,organic chipotle powder,[]
5380,green chili flavor (with safflower oil),[]
5381,"vegetable blend (onion, red bell pepper, green bell pepper)",[]
5382,"pretzels (soft red winter wheat flour, salt, sunflower or canola oil or rice oil, corn syrup, malt syrup, yeast)","['wheat', 'gluten']"
5383,"roasted pumpkin seeds (pumpkin seeds, safflower oil, salt)",['**tree nuts']
5384,natural flavor soybean lecithin,['**soybeans']
5385,"peanut butter (peanuts, palm oil, salt)",['peanuts']
5386,seasoning: water,[]
5387,full cream milk,['**dairy']
5388,fine pulp,[]
5389,organic balsamic vinegar,[]
5390,"organic gluten free tamari soy sauce (water, organic soybeans, salt)",['**soybeans']
5391,ingredients: garbanzo beans,[]
5392,vitamins and minerals: iron (ferric orthophosphate),[]
5393,monterey jack pepper cheese: pasteurized milk,['**dairy']
5394,whole grain corn masa,[]
5395,"contains 2% or less of: leavening (sodium acid pyrophosphate, baking soda [sodium bicarbonate])",[]
5396,organic palm fruit oil,[]
5397,concentrated butter,['**dairy']
5398,sodium stearoyl lactate,[]
5399,cayenne peppers,[]
5400,cinnamon flakes [sugar,[]
5401,butter,['dairy']
5402,coated with spices,[]
5403,"organic grain mix (organic hard red wheat, organic rye, organic barley, organic spelt, organic soft white wheat, organic corn)","['wheat', 'gluten']"
5404,contains less than 2% of: dried onions,[]
5405,almond protein,['tree nuts']
5406,"cheddar cheese (milk, salt, cheese cultures, enzymes)",['dairy']
5407,"sauce (water, tomato puree [water, tomato paste], seasoning (salt, spices, sugar, dehydrated garlic), flavor blend (maltodextrin, dextrose, natural flavor), salt, modified corn starch, soybean oil, xanthan gum)",['soybeans']
5408,"cheddar and provolone cheese (cultured pasteurized milk, salt, enzymes)",['dairy']
5409,"ascorbic acid), dough conditioners (fumaric acid",[]
5410,folic acid). cheddar cheese (pasteurized milk,['dairy']
5411,galangal 3%,[]
5412,"worcestershire sauce (white vinegar, molasses, sugar, water, salt, onions, anchovies, garlic, cloves, tamarind extract, natural flavorings, chili pepper extract)",['fish']
5413,"enriched pasta (durum wheat flour, water, egg white, whole egg, niacin, ferrous sulfate (iron), thiamine mononitrate, riboflavin, folic acid)","['eggs', 'wheat', 'gluten']"
5414,"cake mix (sugar, bleached enriched flour [wheat flour, niacin, reduced iron, thiamine mononitrate, riboflavin, folic acid], modified food starch [corn], soybean oil, contains 2% or less of the following: salt, emulsifier [propylene glycol esters of fatty acids, distilled monoglycerides, sodium stearoyl lactylate], nonfat dry milk, sodium aluminium phosphate, sodium bicarbonate, natural and artificial flavor, sodium caseinate, xanthan gum, egg white, soy flour)","['dairy', 'eggs', 'soybeans', 'wheat', 'gluten']"
5415,white miso,[]
5416,whole grain rice flour,[]
5417,2% or less of red onion,[]
5418,food coloring (caramel),[]
5419,ascorbic acid (for color retention),[]
5420,"seasoning (maltodextrin, dehydrated turkey broth, onion powder, salt yeast extract, carrot powder, dextrose, natural flavors, garlic powder, annatto (color))",[]
5421,coconut milk (coconut),['tree nuts']
5422,in hog casing,[]
5423,white wine,[]
5424,"pork flavor (maltodextrin, pork stock, rendered bacon fat, salt, autolyzed yeast extract, flavors and tocopherol)",[]
5425,"fudge swirl (corn syrup, water, sugar, cocoa [processed with alkali], modified cornstarch, cocoa, chocolate liquor, salt, vanilla, potassium sorbate [preservative], citric acid)",[]
5426,"grana padano cheese (cow's milk, salt, enzymes)",['dairy']
5427,fruit extracts (apple and carob's sugars),[]
5428,sulfur dioxide as a preservative,['sulphur dioxide']
5429,"seasoning (sugar, salt, garlic powder natural flavors oueoresin paprika (colob), garlic oil,) water",[]
5430,ingredients: filtered water,[]
5431,extractives of spices,[]
5432,chocolate flavored coatings: dry roasted peanuts,['peanuts']
5433,expeller pressed sunflower,[]
5434,caramel color disodium inosinate and guanylate (flavor enhancers),[]
5435,sodium bisulfite (to protect color and flavor),['sulphites']
5436,"multi colored flakes (sugar, partially hydrogenated vegetable oil [palm, palm kernel, coconut, cottonseed, soybean oil], nonfat milk powder, soy lecithin, mono and diglycerides, titanium dioxide (color), artificial flavor, yellow 5, blue 1, red 40)","['dairy', 'soybeans']"
5437,monodiglyceride with ascorbic acid and citric acid,[]
5438,"leavening (ammonium bicarbonate, sodium bicarbonate, monocalcium phosphate)",[]
5439,"organic apples (from fresh, whole, triple washed, ripe organic apples. )",[]
5440,yellow 5 & 6 lake,[]
5441,"salt]), sugar, tapioca flour., soy ginger sauce ingredients: soy sauce (soybeans","['soybeans', 'wheat', 'gluten']"
5442,irish moss (sea vegetable) extract and rubbed sage,[]
5443,sodium metabisulphite (a preservative),['sulphites']
5444,chick-pea,[]
5445,dried contains: wheat,"['wheat', 'gluten']"
5446,"breadcrumb (wheat flour, potato starch, salt, sugar, yeast, natural food coloring)","['wheat', 'gluten']"
5447,rice flour (60%),[]
5448,wheat grits,"['wheat', 'gluten']"
5449,and less than 2% of sugar,[]
5450,raspberry juice (from concentrate),[]
5451,"brewed tea (filtered carbonated water, spearmint. green tea, tulsi)",[]
5452,filling: cream cheese [pasteurized cultured cream and milk,['dairy']
5453,matcha,[]
5454,"ginger puree1 (ginger, water)",[]
5455,"cooked enriched long grain rice (water, rice, iron, niacin, thiamine mononitrate, folic acid)",[]
5456,acacia fiber,[]
5457,"parmesan cheese (pasteurized milk, cultures, salt, enzymes)",['dairy']
5458,"vegetable oil (contains one or more of the following: canola oil, palm oil, soybean oil)",['soybeans']
5459,butter flavored salt,[]
5460,"milk chocolate (sugar, chocolate, milk, cocoa butter, soy lecithin, vanilla)","['dairy', 'soybeans']"
5461,"chili powder (chili peppers, spices)",[]
5462,"lactic acid starter culture), tomato, parsley",[]
5463,vanilla ice cream: skim milk,['dairy']
5464,ham flavor,[]
5465,strawberry ingredients: water,[]
5466,shelled almonds,['tree nuts']
5467,"disodium guanylate), chicken breast meat with rib meat (chicken breast meat with rib meat",[]
5468,high-fructose corn syrup,[]
5469,"artificial color (yellow 5 lake, blue 1 lake)",[]
5470,aromatic erbs,[]
5471,"crust (flour blend [enriched flour {wheat flour, malted barley flour, niacin, reduced iron, thiamine mononitrate, riboflavin, folic acid}, whole wheat flour, certified organic spelt, multi-grain flour {whole white wheat flour, golden flaxseed meal, whole oat flour, rye meal}], water, breadcrumbs [wheat flour, sugar, yeast, salt], fresh yeast, honey, whole eggs, salt, soybean oil, olive oil (imported refined and extra virgin olive oil), sugar, whey)","['wheat', 'gluten', 'soybeans', 'dairy']"
5472,endive,[]
5473,chopped scallions,[]
5474,organic boneless,[]
5475,organic chicken liver,[]
5476,monoglycerides,[]
5477,"seasoning (water, soy sauce [water, soybeans, wheat, salt], sesame seed oil, sugar, ginger powder, white vinegar, sea salt, modified cornstarch, garlic powder, white pepper)","['soybeans', 'wheat', 'sesame']"
5478,dressing: soybean oil,['soybeans']
5479,saturated sunflower oil,[]
5480,"spice blend (corn starch, salt, monosodium glutamate, sugar, yeast extract, natural flavor, onion powder, spice, celery extract.)",['celery']
5481,contains 2% or less of: modified food starch,[]
5482,seasoned cooked beef,[]
5483,"cooked seasoned chicken breast with rib meat (chicken breast meat with rib meat, water, rice starch, salt, vinegar)",[]
5484,"unbleached and enriched wheat flour (niacin, iron, thiamine, riboflavin, folic acid)","['wheat', 'gluten']"
5485,"monterey jack cheese (pasteurized milk, cheese cultures, salt, enzymes, potato & corn starch [to prevent caking)",['dairy']
5486,paprika and turmeric extracts (color),[]
5487,"dough conditioner (gum arabic, wheat flour, mono- and diglycerides, salt, contains 2% or less of the following: soybean oil, cellulose gum, guar gum, enzymes)","['wheat', 'soybeans']"
5488,and sucralose,[]
5489,"spices (including chili pepper, oregano, annatto)",[]
5490,"ascorbic acid), bell pepper, spinach, red onion",[]
5491,(soybean and/or cottonseed),[]
5492,"cultured sour cream (nonfat milk, cream, corn starch-modified, guar gum, sodium citrate, carrageenan, locust bean gum, cultures)",['dairy']
5493,"pretzel (wheat flour, water, canola oil, potato flour, salt, oat fiber, yeat, soda)",['wheat']
5494,contains 2% or less than the following: salt,[]
5495,"graham flavored crunch (unenriched wheat flour, margarine [soybean oil, partially hydrogenated soybean oil, water, salt, whey, soy lecithin, soy mono- and diglycerides, sodium benzoate, artificial butter flavor, beta carotene, vitamin a palmitate], sugar, graham flour, brown sugar, partially hydrogenated soybean oil, honey powder [honey, high fructose corn syrup, wheat starch, corn syrup, soy flour], soy lecithin, water, artificial and natural flavors, salt, baking soda)","['wheat', 'soybeans', 'dairy']"
5496,baby portabella mushrooms,[]
5497,"protein blend (whey protein isolate, milk protein isolate, whey protein concentrate, pea protein)",['dairy']
5498,"raspberry juice (water, raspberry juice concentrate)",[]
5499,cooked red potatoes,[]
5500,certified organic crisp brown rice,[]
5501,"reduced fat cheddar cheese (pasteurized part-skim milk, cheese culture, salt, enzymes, annatto [vegetable color], vitamin a palmitate)",['dairy']
5502,contains less than 2% of the following: garlic,[]
5503,chardonnay wine (with salt),[]
5504,stevia leaf extract (reb m),[]
5505,"stabilizer (mono & diglycerides, cellulose gum, carrageenan, xanthan gum, maltodextrin)",[]
5506,"raspberry juice (filtered water, fruit juice concentrates)",[]
5507,resinous glaze,[]
5508,"colors (red 40, blue 1)",[]
5509,ingredients: organic sprouted fermented pea protein powder,[]
5510,fruit and vegetable juice and beta carotene for color,[]
5511,organic romaine lettuce,[]
5512,contains 1% or less of peppermint oil,[]
5513,"hummus (fresh steamed chickpeas, water, sesame tahini, sunflower oil, olive oil, sea salt, garlic, citric acid, cumin, guar gum)",['sesame']
5514,whole milk powder hydrogenated soybean oil,"['dairy', 'soybeans']"
5515,whole grain mustard [black mustard seeds,['mustard']
5516,"asiago cheese (cultured pasteurized part skim milk, salt, enzymes)",['dairy']
5517,organic wheat germ,"['gluten', 'wheat']"
5518,"non-gmo baking powder (sodium phosphate, sodium bicarbonate [baking soda], non-gmo corn starch)",[]
5519,"mayonnaise (soybean oil, egg yolks, water, distilled vinegar, sugar, salt)","['soybeans', 'eggs']"
5520,"color (titanium dioxide, yellow 5, yellow 6)",[]
5521,contains 2% or less of sorbitol,[]
5522,onion and garlic powders,[]
5523,vegetable oil containing one or more of soy,['soybeans']
5524,"parmesan cheese (pasteurized part-skim milk, cheese culture, salt, enzymes)",['dairy']
5525,"decorations (sugar, corn starch, egg albumen)",['eggs']
5526,"filling (sauteed kale [kale, extra virgin olive oil, onion, sunflower oil, garlic, salt, black pepper], cannellini beans, breadcrumbs [wheat flour, salt, natural yeast], roasted tomatoes, extra virgin olive oil, basil paste [basil, sunflower oil, salt, baking soda], lactose, red chili pepper sauce [red chili peppers, sunflower oil, extra virgin olive oil, sun dried tomatoes, basil, garlic, salt], salt)","['wheat', 'lactose']"
5527,turmeric extract (color),[]
5528,natural flavor lactic acid,[]
5529,"unbleached wheat flour enriched (niacin, reduced iron, thiamine mononitrate, riboflavin, folic acid)","['gluten', 'wheat']"
5530,corn syrup (from corn),[]
5531,"honey coating (sucrose, honey, wheat starch)","['gluten', 'wheat']"
5532,"peppermint bits (powdered sugar [sugar, corn starch], coconut oil, vegetable juice [color], sunflower lecithin, salt, natural flavor, annatto extract [color])",[]
5533,"kombucha (water, sugar, active culture, black tea)",[]
5534,"leavening (sodium bicarbonate, ammonium bicarbonate, sodium acid pyrophosphate, monocalcium phosphate)",[]
5535,ascorbic acid (vitamin c) to protect color citric acid,[]
5536,"crust (enriched flour [wheat flour, malted barley flour, niacin, ferrous sulfate, thiamine mononitrate, riboflavin, folic acid], water, modified food starch, yeast, sugar, contains 2% or less of each of the following: palm oil, natural butter flavor, soy lecithin, salt, sodium bicarbonate, cellulose gum, guar gum, xanthan gum, wheat flour, ascorbic acid, enzymes, may contain: silicon dioxide, wheat starch, vital wheat gluten, soybean oil, monocalcium phosphate monohydrate)","['gluten', 'wheat']"
5537,"strawberry filling (corn syrup, sugar, water, strawberries, modified cornstarch, pectin, citric acid, sodium citrate, sodium benzoate [preservative], artificial flavor, blue 1, red 40])",[]
5538,"milk chocolate (sugar, cocoa butter, nonfat dry milk, chocolate, butterfat [milk], soy lecithin, natural flavor)","['dairy', 'soybeans']"
5539,bleached wheat flour and malted barley flour,"['gluten', 'wheat']"
5540,organic coriander,[]
5541,"vegetable base (vegetable puree [onion, carrot, celery, garlic], salt, corn syrup corn starch, yeast extract, corn oil, sugar, tomato powder, natural flavor, wine [contains sulfites])","['celery', '**sulphites']"
5542,vegetable-sourced enzymes,[]
5543,"enriched flour (bleached wheat and malted barley flour, niacin, reduced iron, thiamine monitrate (vitamin b1), riboflavin (vitamin b2), folic acid)","['gluten', 'wheat']"
5544,"dough conditioners (one or more of: sodium stearoyl lactylate, calcium stearoyl lactylate, monoglycerides, mono- and diglycerides, distilled monoglycerides, calcium peroxide, calcium iodate, datem, ethoxylated mono- and diglycerides, enzymes, ascorbic acid)",[]
5545,sodium hosphates,[]
5546,hydrolyzed wheat bran,"['gluten', 'wheat']"
5547,brainpack: omega 3 dha (algal oil),[]
5548,cooking salt,[]
5549,(powdered cellulose to prevent caking)],[]
5550,"contains 2% or less of the following: tamari soy sauce (water, soybeans, salt, alcohol)",['soybeans']
5551,"vitamins & minerals (ferric orthophosphate, niacinamide, zinc oxide, cyanocobalamin, folic acid, thiamine mononitrate, pyridoxine hydrochloride, riboflavin)",[]
5552,contains less than 2% of each of the following: potato starch,[]
5553,cultures},[]
5554,"garlic (garlic, water, soybean oil, phosphoric acid, sodium benzoate and potassium sorbate (preservatives))",['soybeans']
5555,organic degerminated yellow corn flour,[]
5556,"fruit and vegetable juices for color (carrot, apple, blackcurrant)",[]
5557,"spices (chili pepper, red chili powder, cumin, oregano)",[]
5558,"enzymes]), sauce (water tomatoes salt spices",[]
5559,vegetable oil (palm and/or canola and/or soybean oil with tbhq for freshness),['soybeans']
5560,seasoning blend [onion,[]
5561,"dijon mustard (grain vinegar, water, mustard seed, salt, spices)",['mustard']
5562,dehydrated sweet red peppers,[]
5563,crunch topping: bleached wheat flour,"['wheat', 'gluten']"
5564,color: fd&c red# 40,[]
5565,barley flakes,['gluten']
5566,cultured pasteurized light cream and nonfat milk,['dairy']
5567,smoked sausage with cheese: pork,['dairy']
5568,contains 2% or less of the following: maltodextrin,[]
5569,barbeque flavor (natural hardwood smoke flavor),[]
5570,"precooked long grain enriched parboiled white rice (rice enriched with niacin, iron [ferric orthophosphate], thiamine [thiamine mononitrate], and folic acid)",[]
5571,"less than 2% of: parmesan cheese (part skim cow's milk, cheese cultures, salt, enzymes)",['dairy']
5572,"dried soup stock (hydrolyzed soy protein, yeast extracts, flavor, natural flavoring, dried yeast, glycine, citric acid, sugar, salt, spice, maltodextrin)",['soybeans']
5573,lactate,['lactose']
5574,"vegetable oil (palm soybean, canola and/or palm kernel)",['soybeans']
5575,"bleached enriched wheat flour (bleached flour, malted barley flour, niacin, reduced iron, thiamine mononitrate [vitamin b1], riboflavin [vitamin b2], folic acid)","['wheat', 'gluten']"
5576,"potassium chloride), molasses, modified corn starch, sunflower oil, yeast extract, onion powder, natural smoke flavor and citric acid], sodium lactate, natural flavorings, and black pepper",[]
5577,sunflower and/or canola oil (contains ascorbic acid and rosemary extract for freshness),[]
5578,milk powder (skimmed),['dairy']
5579,guava flavor,[]
5580,organic brown rice crisps,[]
5581,dipotassium phosphate,[]
5582,organic raw apple cider vinegar,[]
5583,contains less than 2% of the following: egg whites,['eggs']
5584,"leavening (sodium acid pyrophosphate, sodium bicarbonate, monocalcium phosphate)",[]
5585,"leavening (sodium bicarbonate, sodium acid pyrophosphate, sodium aluminum phosphate)",[]
5586,"soup base (corn starch, sea salt, dried cane syrup, whey, onion, garlic, maltodextrin, spices, chicken broth, chicken fat, natural flavor, turmeric, black pepper)",['dairy']
5587,rhamnosus coconut quinoa preparation: water,[]
5588,"imitation crabmeat [fish protein (pollock, whiting, cod and/or threadfin bream)",['fish']
5589,contains less than 2% of food starch - modified,[]
5590,"milk chocolate candies (milk chocolate [sugar, cocoa butter, chocolate liquor whole milk powder, soy lecithin, salt, vanilla], sugar, less than 1% artificial coloring [includes red 40 lake, red 3, blue 2 lake, yellow 5 lake, blue 1 lake, yellow 6 lake], gum acacia, corn syrup, carnauba wax)","['dairy', 'soybeans']"
5591,"cheddar cheese (milk, cultures, salt, enzymes)",['dairy']
5592,"vegetable oil (contains one or more of the following: canola oil, corn oil, safflower oil, and/or sunflower oil)",[]
5593,"sour cream (cultured nonfat milk and cream, cornstarch, whey, guar gum, carrageenan, carob bean gum, enzymes)",['dairy']
5594,paprika citric acid,[]
5595,"sweetened condensed milk (milk skim milk, sugar)",['dairy']
5596,turmeric powder (for color),[]
5597,yogurt powder (skim milk and lactic acid),['dairy']
5598,coconut meat,['tree nuts']
5599,and active cultures with l acidophilus and b,[]
5600,"caramel pieces (sugar, glucose syrup (wheat))",['wheat']
5601,"whipped topping (water, partially hydrogenated palm kernel oil, high fructose corn syrup, sugar, contains less than 2% of the following: carbohydrate gum, polysorbate 60, polyglycerol esters of fatty acids, salt, soy lecithin, sodium citrate, natural and artificial flavors, disodium phosphate, xanthan gum, modified corn starch, potassium sorbate and sodium benzoate to protect flavor, gelatin, citric acid, colored with beta carotene)",['soybeans']
5602,"tomatoes (vine-ripened fresh tomatoes, salt, calcium chloride and citric acid)",[]
5603,"seasoning (dried turkey broth, salt, flavoring, instant coffee, sesame oil, sunflower oil)",['sesame']
5604,"canadian style bacon water added chunked and formed from pork sirloin hips (cured with water, salt, potassium lactate, sugar, sodium phosphates, smoke flavoring, sodium diacetate, sodium erythorbate, sodium nitrite)",[]
5605,sugar ester,[]
5606,"brewed tea (water, organic black tea, spice extracts [cassia, ginger, cardamom, clove, anise, nutmeg, black pepper], natural flavors)",[]
5607,"dehydrated vegetables (garlic, onion, green bell pepper, tomato)",[]
5608,"jalapeno peppers (contains salt, acetic acid)",[]
5609,"flatbread strips (wheat flour, water, yeast, palm oil, salt, sugar, sunflower oil, onion powder, garlic powder, maltodextrin, spices, tomato powder, natural butter flavor [milk], carrot powder, yeast extract, celery powder, ascorbic acid, rosemary extract)","['wheat', 'dairy', 'celery']"
5610,"candies (sugar, chocolate, nonfat dry milk, cocoa butter, hydrogenated palm kernel oil, lactose, milkfat, yogurt powder [cultured whey and nonfat dry milk], corn syrup, soy lecithin [an emulsifier], salt, natural and artificial flavors, corn starch, shellac, titanium dioxide [color], lactic acid, almonds, egg whites, honey, glycerin, dextrin, tapioca dextrin, red 40, yellow 5, blue 1, red 40 lake, yellow 5 lake, blue 1 lake, yellow 6, yellow 6 lake, blue 2 lake, blue 2, red 3, carnauba wax, gum arabic, white mineral oil, coconut oil)","['dairy', 'lactose', 'eggs', 'peanuts', 'tree nuts']"
5611,pasilla peppers,[]
5612,whole passion fruit,[]
5613,"roasted butternut squash (butternut squash, canola oil)",[]
5614,ground chia,[]
5615,"semi-sweet chocolate chips (sugar, unsweetened chocolate, cocoa butter, soy lecithin, vanilla extract)",['soybeans']
5616,"granola (whole grain oats, whole grain wheat, brown sugar, sunflower oil, invert sugar, coconut, honey, baking soda, natural flavor, whey and whey protein concentrate)","['wheat', 'dairy']"
5617,contains 2% or less of whole wheat flour,['wheat']
5618,le mongrass,[]
5619,spices (including chili pepper and thyme),[]
5620,dough conditioners,[]
5621,"artificially flavored vanilla wafers (wheat flour, sugar, soybean oil, palm oil, high fructose corn syrup, corn syrup, contains 2% or less of the following: food starch-modified, soy lecithin, salt, artificial flavor, baking soda, annatto and turmeric for color)","['wheat', 'soybeans']"
5622,butter (cultured pasteurized cream) salt,['dairy']
5623,sweet corn,[]
5624,less than 2%: sea salt,[]
5625,rice bran extract,[]
5626,glucono delta lactone as acidity regular,[]
5627,"bacon (cured with water, salt, sodium phosphate, sugar, sodium erythorbate, sodium nitrite, caramel color, natural and artificial flavoring)",[]
5628,"aged white cheddar cheese (milk, non-fat milk, whey, cream, bacterial culture, salt, microbial enzyme)",['dairy']
5629,contains less than 2% of oat bran,[]
5630,skimmed milk power,"['dairy', 'lactose']"
5631,"enriched degermed yellow corn meal (degermed yellow corn meal, niacin, iron [ferrous sulfate], thiamine mononitrate, riboflavin, folic acid)",[]
5632,"tomato (roasted tomato, diced tomato [tomatoes, calcium chloride, citric acid])",[]
5633,color (includes beta carotene) vitamins and minerals: calcium sulfate,[]
5634,organic brown rice vinegar,[]
5635,coating sugar,[]
5636,a potassium sorbate solution is added to protect the quality,[]
5637,"spinach tortilla (enriched bleached wheat flour [flour, niacin, reduced iron, thiamin mononitrate, riboflavin, folic acid], water, vegetable shortening [interesterified soybean oil, fully hydrogenated soybean oil], contains 2% or less of the following: spinach flavoring [maltodextrin, spinach powder, garlic powder, onion powder, spices, salt, modified food starch, dehydrated spinach, natural flavors, yeast extract, citric acid, sugar, yellow 5, yellow 6, blue 1, red 40], salt, mono- and diglycerides, dextrose, leavening [sodium bicarbonate, sodium aluminum phosphate, sodium aluminum sulfate], fumaric acid, yeast, preservatives [calcium propionate, potassium sorbate)","['wheat', 'soybeans']"
5638,"bbq sauce (distilled vinegar, tomato paste, sugar, corn syrup, salt, mustard bran, natural hickory smoke flavor, molasses, spices, onion powder, sodium benzoate [preservative], garlic powder, celery seed, natural flavor)","['mustard', 'celery']"
5639,"sweetened dried cranberries (cranberries, grape juice, blueberry juice concentrates)",[]
5640,organic cold-pressed pink grapefruit juice,[]
5641,"aged cayenne peppers (contains distilled vinegar, salt)",[]
5642,"filling: tomato puree (water, tomato paste)",[]
5643,"turmeric oleoresin), citric acid, disodium guanylate, disodium inosinate, blue cheese (cultured milk",['dairy']
5644,sodium metabisulfite (to prevent discoloration),"['sulphur dioxide', 'sulphites']"
5645,alpha-tocopherols preservative,[]
5646,chunk white albacore tuna,['fish']
5647,olive oil garlic,[]
5648,"ginger paste (ginger, water)",[]
5649,mono diglycerides,[]
5650,"chicken base (cooked chicken with natural juices, salt, maltodextrin, chicken fat, sugar, dried whey, natural flavoring (dehydrated onion and spice extractives), turmeric)",['**dairy']
5651,"dark chocolate flavored flakes (sugar, coconut oil, cocoa powder processed with alkali, palm kernel oil, cocoa powder, soy lecithin, salt, vanilla extract)",['**soybeans']
5652,evaporated cane invert syrup,[]
5653,living yogurt cultures: l,['**dairy']
5654,china,[]
5655,and natural and artificial flavor,[]
5656,tomato & cumin sauce: water,[]
5657,salt and ferrous gluconate to stabilize color,[]
5658,extractives of paprika & other spices,[]
5659,coffeeberry whole coffee fruit extract,[]
5660,roasted yellow bell peppers,[]
5661,guajillo peppers,[]
5662,organic edamame,[]
5663,"sweet onion dijon vinaigrette dressing (water, canola oil, sugar, dijon mustard [distilled vinegar, water, mustard seed, salt, white wine, citric acid, turmeric, tartaric acid spices], onion, sweet onion [sweet onion, vinegar, salt], white wine vinegar, salt, lemon juice concentrate, dried onion, spices, xanthan gum, natural flavor)",['mustard']
5664,"organic buttermilk (organic buttermilk, organic skim milk)","['dairy', 'gluten']"
5665,pure vegetable soya oil,['**soybeans']
5666,"ginger puree (ginger, water, citric acid)",[]
5667,less than 2% of: canola oil,[]
5668,"coloring (caramel, annatto, turmeric)",[]
5669,sodium bisulfite and potassium sorbate added as preservatives,[]
5670,"partially hydrogenated vegetable oil (soybean, cottonseed, corn and/or canola oils)",['**soybeans']
5671,amer pulp,[]
5672,onion juice,[]
5673,"artificial flavour (mango, strawberry, orange, pineapple)",[]
5674,"cherry flavor (water, modified food starch, artificial flavors, red 40, medium chain triglyceride, citric acid, sodium benzoate, blue 1, natural flavors)",[]
5675,crisp brown rice,[]
5676,and ascorbic acid added to maintain color,[]
5677,"peanut butter (ground peanuts, salt)",['peanuts']
5678,tomatoes [water,[]
5679,palm kernel and hydrogenated palm kernel oil,[]
5680,"organic black beans ([water, organic black beans], salt)",[]
5681,"cooked white meat chicken (cooked white meat chicken, water, potassium lactate, sodium tripolyphosphate, salt)",[]
5682,"blue crabs (callinectes sapidus, callinectes bellicosus or callinectes toxotes)",['fish']
5683,sodium carboxymethylcel- lulose,[]
5684,vegetable oil (contains one or more of the following soybean and/ or cottonseed),['**soybeans']
5685,"protein crisps (isolated soy protein, tapioca starch, salt)",['**soybeans']
5686,"turkey meatball (turkey, water, egg whites, bread crumbs [unbleached wheat flour, salt, yeast], parmesan cheese [pasteurized nonfat milk, salt, cheese cultures, microbial enzymes], dehydrated onions, cane sugar, salt, garlic powder, black pepper, parsley)","['eggs', 'wheat', 'dairy']"
5687,pgpr (emulsifier)],[]
5688,cream cheese [pasteurized milk and cream,['dairy']
5689,"honey toasted peanuts (peanuts, sugar, butter, honey & sea salt)","['peanuts', 'dairy']"
5690,sodium erythorbate (made from sugar),[]
5691,purple carrot extract color,[]
5692,sodium phosphates,[]
5693,"salty caramel ribbon (corn syrup, water, sweetened condensed milk, [condensed milk, sugar], sweetened condensed skim milk [condensed skim milk, sugar], sugar, sea salt, pectin, sodium bicarbonate)",['**dairy']
5694,"enriched flour (wheat flour, niacin, reduced iron, thiamin mononitrate, riboflavin. folic acid)",['gluten']
5695,"peanuts (as defatted peanut flour, peanut butter and natural peanut oils)",['peanuts']
5696,cold brew coffee concentrate,[]
5697,dried apple,[]
5698,"dough conditioners (sodium stearoyl lactylate, monoglycerides, ethoxylated mono and glycerides, mono and diglycerides, ascorbic acid, enzymes)",[]
5699,"wasabi (wasabi, horseradish, sorbitol, rapeseed, oil, salt, natural mustard oil)",['mustard']
5700,"lemon cake (sugar, wheat flour, eggs, soybean oil, water, modified food starch sunflower oil, natural flavors wheat starch leavening {sodium acid pyrophosphate, sodium bicarbonate, corn starch monocalcium phosphate] dried soy milk, salt, wheat gluten, wheat protein isolate, distilled monoglycerides, cellulose gum, sunflower, lecithin [emulsifier])","['wheat', 'eggs', 'soybeans', 'gluten']"
5701,ammonium bicarbonate},[]
5702,anchovy sauce,['fish']
5703,"live probiotic cultures (bifidobacterium lactis bb-12 l. acidophilus la-5, l. casei, l. rhamnosus lb3)",[]
5704,"semi-sweet chocolate chips (sugar, unsweetened chocolate, dextrose, cocoa butter, soy lecithin, vanilla extract)",['soybeans']
5705,cotton seed oil,[]
5706,"homimy grits (com, niacin, reduced iron, thiamin mononitrate, riboflavin, folic acid)",[]
5707,oil of peppermint},[]
5708,luke's organic potatoes,[]
5709,"vegetable oil blend (liquid soybean oil, partially hydrogenated soybean oil, may contain hydrogenated cottonseed oil)",['soybeans']
5710,calcium disodium edta (to preserve color),[]
5711,"natamycin [natural preservative]), mild cheddar cheese (pasteurized milk",['dairy']
5712,diced jalapeno peppers,[]
5713,"bacon (cured with: water, salt, sugar, sodium phosphates, sodium erythorbate, sodium nitrite and may contain one or more of the following: honey, soy sauce (water, wheat, soybeans, salt), hydrolyzed soy protein, flavorings, smoke flavoring, spice extractives)","['soybeans', 'wheat']"
5714,vanillin (artificial flavoring),[]
5715,"soy sauce (water, sugar, salt, hydrolyzed corn and soy protein, caramel color, natural flavor, cultured dextrose, lactic acid, green tea extract, mustard oil)","['soybeans', 'wheat', 'mustard']"
5716,"milk chocolate nonpareils (milk chocolate [sugar, cocoa butter, chocolate liquor, whole milk powder, lactose, soy lecithin, salt, vanilla], nonpareils [sugar, cornstarch, confectioner's glaze, red 3, red 40, carnauba wax, yellow 6, blue 2])","['dairy', 'lactose', 'soybeans']"
5717,live & active cultures (l. bulgaricus & s. thermophilus),[]
5718,sea salt aged mozzarella cheese ingredients: pasteurized part skim cow's milk,['dairy']
5719,"chocolatey chips (sugar, hydrogenated palm kernel oil, cocoa, cocoa processed with alkali, polysorbate 60, sorbitan monostearate, soy lecithin, salt, artificial flavor) modified corn starch",['soybeans']
5720,sun dried tomato powder,[]
5721,"oatmeal cookies (brown sugar, wheat flour, palm oil, rolled oats, water, non-gmo corn starch, vanilla extract, salt, cinnamon) dextrose",['wheat']
5722,"naturalboneless chicken breast with rib meat (boneless chicken breast with rib meat, water, less than 2% potato starch, sea salt)",[]
5723,soy and cottonseed oil,['soybeans']
5724,"and beef (pork, mechanically separated chicken, beef, salt, spices, dextrose, lactic acid starter culture, oleoresin of paprika, sodium ascorbate, flavoring, sodium nitrite, bha, bht, citric acid)",[]
5725,"vegetable juice (black carrot, red cabbage) for color",[]
5726,"cultured whey (cultured whey, maltodextrin)",['dairy']
5727,"emulsifier (propylene glycol mono- and diesters of fats and fatty acids, mono-and diglycerides, soybean lecithin, citric acid [preservative])",['soybeans']
5728,"creamer (partially hydrogenated vegetable oil [coconut and soybean oils], corn syrup solids, sodium caseinate [a milk derivative], sugar, dipotassium phosphate, mono- and diglycerides, sodium silicoaluminate, sodium stearoyl lactylate, soy lecithin, artificial flavor, annatto, turmeric)","['dairy', 'soybeans']"
5729,"creamy enchilada sauce (water, green chiles [green chile peppers, water, calcium chloride, citric acid, salt], onion, cooking wine [wine, salt], chicken base [chicken meat with chicken juices, corn oil, autolyzed yeast extract, sugar, salt, maltodextrin, natural flavoring, potato starch, turmeric {color}], heavy cream [carrageenan], swiss cheese [part-skim milk, cheese cultures, enzymes, salt], modified corn starch, garlic [garlic, citric acid], soybean oil, dehydrated soy sauce [soy sauce {wheat, soybeans, salt}, maltodextrin, salt], spices, cilantro concentrate [cilantro, maltodextrin, sugar, salt, natural flavoring, canola oil, corn starch])","['dairy', 'soybeans', 'wheat']"
5730,"clam base (clams and clam stock, salt, maltodextrin, butter [cream salt], dried whey, sugar, dried potatoes, hydrolyzed soy and wheat proteins, dried soy sauce [(wheat, soybean, salt), maltodextrin, salt], potato starch, natural flavoring, onion powder, disodium inosinate and disodium guanylate, yeast extract)","['fish', 'wheat', 'soybeans', 'dairy']"
5731,sprouted chia seed,[]
5732,contains 2% or less turmeric (color),[]
5733,"peanuts (peanuts, canola and/or peanut and/or cottonseed oil, sea salt)",['peanuts']
5734,"truly grass fed protein blend (whey protein isolate 91%, milk protein 9%)","['dairy', 'lactose']"
5735,white flour,"['gluten', 'wheat']"
5736,organic chicken protein concentrate,[]
5737,(fd&c) yellow no,[]
5738,(cyanocobalamin),[]
5739,"asian-style sesame dressing (expeller pressed soybean oil, water, sugar, soy sauce [water, soybeans, wheat, salt], distilled vinegar, sesame seed oil, salt, pineapple juice concentrate, sesame seeds, xanthan gum, spice, carrageenan, oleoresin rosemary)","['soybeans', 'wheat', 'sesame']"
5740,"enriched wheat flour bleached (flour, niacin, reduced iron, thiamine mononitrate, riboflavin, folic acid)","['gluten', 'wheat']"
5741,natural lemon flavors,[]
5742,pizza spice blend [salt,[]
5743,contains 2% or less of the following: whole grain rye flakes,[]
5744,and fd&c certified food color,[]
5745,soybean oil and onion,['soybeans']
5746,an anti-foam agent,[]
5747,"pasteurized processed cheddar cheese (cheddar cheese [cultured milk, salt, enzymes], water, cream, sodium phosphates, salt, beta carotene [color], natamycin)",['dairy']
5748,dried chicken meat,[]
5749,leavenings (sodium bicarbonate and amonium bicarbonate),[]
5750,dried seaweeds,[]
5751,sunflower oil (expeller pressed),[]
5752,arborio wide grain rice,[]
5753,sugar salt,[]
5754,"toasted rounds ingredients: enriched flour (wheat flour, malted barley flour, niacin, reduced iron, thiamine mononitrate, riboflavin, folic acid)","['wheat', 'gluten']"
5755,hydrogenated vegetable oil [palm kernel oil and soybean oil],['soybeans']
5756,tapioca fiber syrup,[]
5757,"buns: enriched flour (wheat flour, malted barley flour, niacin, reduced iron, thiamine mononitrate, riboflavin, folic acid)","['wheat', 'gluten']"
5758,"color (fd&c blue #2 lake, fd&c red #40 lake, fd&c red #3, fd&c yellow #6)",[]
5759,filling: white meat chicken,[]
5760,"peanuts (peanuts, cottonseed and peanut oil, salt)",['peanuts']
5761,tomatoes juice,[]
5762,vegetable oil (peanut and/or cottonseed and/or palm),['peanuts']
5763,"thiamine [thiamine mononitrate] and folic acid), chicken flavor (salt",[]
5764,"enriched unbleached flour (wheat flour, malted barley, niacin, iron, thiamine, riboflavin, folic acid)","['wheat', 'gluten']"
5765,pretzel: wheat flour,"['wheat', 'gluten']"
5766,sorbitol syrup,[]
5767,"""""parmigiano reggiano"""" cheese 5%",['dairy']
5768,dextrose food starch-modified,[]
5769,roasted red & green peppers,[]
5770,natural flavors,[]
5771,ingredients may vary; bacon ranch dressing: canola oil,[]
5772,organic peach juice concentrate,[]
5773,carbometylcellulose,[]
5774,dried orange pulp,[]
5775,raw sunflower seed,[]
5776,d-alpha tocopherol (natural vitamin e),[]
5777,strawberry ice cream ingredients: milk,['dairy']
5778,cake also contains: soybean oil,['soybeans']
5779,butter (cow's milk),['dairy']
5780,contains less than 2% of whey solids,['dairy']
5781,"strawberry base (strawberries, fruit juice (for color), citric acid)",[]
5782,5 and fd&c yellow no,[]
5783,contains 1% or less of: natural and artificial flavor,[]
5784,"kalamata olives (kalamata olives, water, salt, red wine vinegar, olive oil)",[]
5785,reb-a (stevia extract),[]
5786,confectioner's glaze carnauba wax,[]
5787,monk fruit sweetener (erythritol and monk fruit extract),[]
5788,peaches and/or apricots (preserved with sulfur dioxide),['**sulphur dioxide']
5789,"medium asiago cheese (milk, salt, cheese culture, enzymes)",['dairy']
5790,ingredients: diced tomatoes in tomato juice,[]
5791,dried butter (cream),['dairy']
5792,yellow sweet corn,[]
5793,"cream cheese (pasteurized milk and cream, cheese culture, salt, carob bean gum, xanthan gum, guar gum)",['dairy']
5794,jack daniel's tennessee honey liqueur,[]
5795,"batter: enriched wheat flour (wheat flour, niacin, reduced iron, thiamine mononitrate, riboflavin, folic acid)","['wheat', 'gluten']"
5796,"seasoning (sugar, salt, spices, brown sugar, onion powder, garlic powder, vinegar, salt, sodium phosphate",[]
5797,"manchego cheese (pasteurized sheep's milk, cheese cultures, enzymes, salt)",['dairy']
5798,corn syrup and sodium bicarbonate,[]
5799,fire roasted bell peppers,[]
5800,organic ice cream: pasteurized organic milk,['dairy']
5801,"flour (enriched wheat flour (niacin, reduced iron, thiamine mononitrate, riboflavin, folic acid], malted barley flour), vegetable oil (highly refined palm oil, highly refined peanut oil), cocoa powder (processed with alkali), contains 2% or less of highly refined hazelnut oil, vanilla bean, rice flour, soy flour, whey (milk), sugarcane molasses, soy lecithin, salt, corn starch, natural flavors","['wheat', 'soybeans', 'dairy', 'peanuts', 'tree nuts']"
5802,high oleic soybean oil,['soybeans']
5803,"vegetable oil (contains one or more of the following: corn, cottonseed, sunflower, or canola oil)",[]
5804,vegetable oil (palm and/or soybean and/or canola oil),['soybeans']
5805,"air-dried veggies (spinach, potatoes, onions) garlic",[]
5806,"yogurt raisins (yogurt coating (sugar, partially hydrogenated vegetable oil (palm kernel, coconut, palm), nonfat milk, yogurt powder (cultured whey and nonfat milk), artificial color (titanium dioxide), lactic acid, soy lecithin (an emulsifier) and vanillin (an artificial flavoring)), raisins, confectioner's glaze (shellac), gum arabic, corn syrup)","['dairy', 'soybeans', 'tree nuts']"
5807,convectioner's glaze,[]
5808,tricalcium phosphate (lemonade only),[]
5809,contains 2% or less of: natural peppermint flavor,[]
5810,cane sugar syrup,[]
5811,"cutting board collection cheddar and mozzarella style shreds (filtered water, tapioca starch, coconut oil, expeller pressed: canola and/or safflower oil, vegan natural flavors, chickpea protein, salt, potato protein, tricalcium phosphate, lactic acid (vegan), konjac gum, xanthan gum, yeast extract, annatto color, turmeric color, fruit and/or vegetable juice color, inactive yeast, potassium chloride)",['dairy']
5812,inverted sugar,[]
5813,paprika and extract of turmeric (color),[]
5814,contains less than 1% of acai juice powder,[]
5815,organic granulated onion,[]
5816,"turkey sausage (turkey, water, potato starch, salt, dextrose, sugar, spices)",[]
5817,diacetyl tartaric acid esters of monoglycerides,[]
5818,"enriched flour (wheat flour, malted barley flour, niacin, ferrous sulfate or reduced iron, thiamine mononitrate, riboflavin, folic acid)",['wheat']
5819,high oleic canola oil and/or sunflower oil,[]
5820,"chili powder (chili pepper, spices, salt, dehydrated garlic)",[]
5821,starter culture (rhizopus oligosporus),[]
5822,organic vegetable oil (organic sunflower and/or organic safflower),[]
5823,contains: wheat,"['wheat', 'gluten']"
5824,organic sprouted amaranth,[]
5825,"colors (blue 1 lake, annatto (color), red 3, red 40, blue 1, blue 2 lake, red 40 lake, yellow 5, yellow 5 lake, yellow 6, yellow 6 lake)",[]
5826,"contains less than 2% of the following: enriched unbleached wheat flour (flour, niacin, reduced iron, thiamine mononitrate, riboflavin, folic acid)",['wheat']
5827,"bridge mix: milk chocolate (sugar, cocoa butter, milk, chocolate liquor, soy lecithin [an emulsifier], artificial flavoring and salt)","['dairy', 'soybeans']"
5828,whole cultivated blueberries,[]
5829,organic whole quinoa,[]
5830,colors (titanium dioxide),[]
5831,paprika [color],[]
5832,"blue 1 lake), hydrogenated vegetable oil (coconut and palm kernel oils), salt, contains less than 0. 5% of natural and artificial flavor, red 40, red 3, blue 1, yellow 6. vitamins and minerals: niacinamide, reduced iron, zinc oxide (source of zinc), vitamin b6, vitamin a palmitate, riboflavin (vitamin b2), thiamin mononitrate (vitamin b1), folic acid, vitamin b12, vitamin d",[]
5833,black tea kombucha culturea1,[]
5834,contains less than 2% of: green bell peppers,[]
5835,"pepperoni (pork, salt, contains 2% or less of spices, dextrose, seasoning [extractives of paprika, flavoring, citric acid], garlic powder, sodium ascorbate, lactic acid starter culture, sodium nitrite, bha, bht)",[]
5836,"sesame sticks (enriched wheat flour [wheat flour, malted barley flour, niacin, reduced iron, thiamine mononitrate, riboflavin, folic acid], soybean oil, sesame seeds, bulgur wheat, salt, beet powder [color], turmeric [color])","['wheat', 'sesame']"
5837,"pinto beans (water, pinto beans, soybean oil, onion, sea salt, serrano peppers, onion powder, garlic powder)",['soybeans']
5838,"seasoning (sugar. maltodextrin, salt, garlic powder white distilled vinegar, citric acid, malic acid, oil of dillweed, spice extractives)",[]
5839,"natural sprinkles (cane sugar, palm kernel and palm oil, corn starch, vegetable juice, sunflower lecithin, annatto extract, spirulina extract, turmeric, beta-carotene, paprika oleoresin, maltodextrin, carnauba wax, cellulose gum)",[]
5840,"sugar cookie mix: enriched wheat flour (wheat flour, malted barley flour, niacin, reduced iron, thiamine mononitrate, riboflavin, folic acid)",['wheat']
5841,hydrolyzed wheat gluten protein,"['wheat', 'gluten']"
5842,gelling agent: pectins; corn starch,[]
5843,basil,[]
5844,natural grain vinegar,[]
5845,"jalapeno (jalapeno, water, vinegar, salt)",[]
5846,non-gmo cane sugar,[]
5847,hot banana peppers,[]
5848,"metamyosyn protein blend (whey protein isolate, milk protein isolate, whey protein concentrate, dried egg white)","['dairy', 'eggs']"
5849,sugar and halves of cherry with carmine colorant,[]
5850,"stabilizer (food starch modified, cellulose gum, dextrose, carrageenan, gum arabic, citric acid, tricalcium phosphate, silicone dioxide)",[]
5851,dough conditioner,[]
5852,outside shell: wheat flour,"['wheat', 'gluten']"
5853,"mozzarella cheese and modified cornstarch (mozzarella cheese [cultured milk, salt, enzymes], modified cornstarch, sodium citrate, flavors, annatto)",['dairy']
5854,salt added,[]
5855,food service fresh potatoes,[]
5856,"lemon powder (dextrose, lime powder)",[]
5857,fresh potatoes flakes 86%,[]
5858,sea salt & cracked black pepper,[]
5859,natural black licorice flavor,[]
5860,organic grass-fed whey protein,['dairy']
5861,fresh pasilla peppers,[]
5862,"vegetable oil spices (cumin, pepper)",[]
5863,"sour cream (cultured grade a milk, grade a cream, contains 2% or less of modified food starch, sodium phosphate, guar gum, carrageenan, sodium citrate, locust bean gum, gelatin, potassium sorbate {to maintain freshness})",['dairy']
5864,glycolipids (to maintain freshness),[]
5865,"modified food starch (corn, potato, tapioca)",[]
5866,"white chocolate (sugar, cocoa butter, milk, nonfat milk, milkfat, soy lecithin, vanilla extract)","['dairy', 'soybeans']"
5867,contains 2% or less of hemp protein,[]
5868,glutamate,[]
5869,canola oil and/or coconut oil and/or soybean oil,['soybeans']
5870,palm oil and less than 2% of malic acid,[]
5871,egg whites (98%),['eggs']
5872,"baking powder (calcium acid pyrophosphate, sodium bicarbonate, cornstarch, monocalcium phosphate monohydrate, calcium sulphate)",[]
5873,citric acid (ph regulator),[]
5874,habanero puree,[]
5875,organic white rice flour,[]
5876,contains less than 2% of peanut oil,['peanuts']
5877,organic dextrose (from tapioca),[]
5878,cage free eggs,['eggs']
5879,"""""gravy"""" - water",[]
5880,added: red 40,[]
5881,"caramel (corn syrup, sugar, nonfat milk, partially hydrogenated vegetable oil [soybean and cottonseed], butter [cream, salt], salt, natural flavor, mono and diglycerides, soy lecithin [emulsifier], artificial flavor, xanthan gum) candy cane (sugar, corn syrup, titanium dioxide, pure peppermint oil, fd&c red 40)","['dairy', 'soybeans', 'wheat']"
5882,hard red wheat,"['wheat', 'gluten']"
5883,"semisweet chocolate chips (sugar, chocolate liquor, cocoa butter, dextrose, soy lecithin, salt, artificial flavor)",['soybeans']
5884,soy lecithin as an emulsifier,['soybeans']
5885,"pasteurized process cheddar cheese (cheddar cheese [pasteurized milk, cheese culture, salt, enzymes], water, milkfat, sodium phosphate, sodium hexametaphosphate, salt, artificial color)",['dairy']
5886,less than 1% of: dipotassium phosphate,[]
5887,omega oil,[]
5888,yellow summer squash,[]
5889,"cooked chicken roll (chicken, water, salt, sodium tripolyphosphate)",[]
5890,annatto color},[]
5891,"colors (yellow 5 & 6, red 3 & 40, blue 1, titanium dioxide)",[]
5892,80% goat's milk,['dairy']
5893,active dry yeast with sorbitan monostearate,[]
5894,"sodium bicarbonate), xanthan gum, salt, and spice extract. par-fried with clear liquid frying shortening (fully refined soybean oil",['soybeans']
5895,"cinnamon honey roasted sesame sticks [enriched wheat flour (unbleached wheat flour, malted barley flour, niacin, reduced iron, thiamine mononitrate, riboflavin, folic acid)","['wheat', 'gluten', 'sesame']"
5896,"cheddar cheese (pasteurized cultured milk, salt, enzymes)",['dairy']
5897,sodium propionate and potassium sorbate and sodium benzoate and sorbic acid (preservatives),[]
5898,cilantro and vanilla extract,[]
5899,hickory smoke flavoring],[]
5900,"gravy mix (food starch-modified, palm oil, maltodextrin, enriched bleached flour [wheat flour, niacin, reduced iron, thiamin mononitrate, riboflavin, folic acid], salt, corn syrup solids, sugar, contains less than 2%: black pepper, high oleic sunflower oil, sodium caseinate [a milk derivative], hydrolyzed vegetable protein [corn, soy, and/or wheat], autolyzed yeast extract, mono glycerides, natural and artificial flavor, sodium citrate, potassium chloride, carrageenan, disodium guanylate, disodium inosinate, color added)","['wheat', 'dairy', 'soybeans']"
5901,"crackers (unbleached enriched flour [wheat flour, niacin, reduced iron, thlamino mononitrate (vitamin b1), riboflavin (vitamin b2), folic acid], canola oil, palm oil, sugar, salt, leavening [calcium phosphate, baking soda] high fructose corn syrup, soy lecithin, natural flavor)","['wheat', 'soybeans']"
5902,vegetable annatto color,[]
5903,white meat chicken water,[]
5904,"soy sauce (water, wheat, soybeans, salt, sodium benzoate [as preservative])","['wheat', 'soybeans']"
5905,"margarine (partially hydrogenated soybean and cottonseed oils, salt, mono and diglycerides, colored with annatto/turmeric, calcium disodium edta as a preservative, artificial flavor, vitamin a palmitate)",['soybeans']
5906,"seasoning (water, sunflower oil, potato starch, casein, salt)",['dairy']
5907,"organic vegetables (organic carrot, organic celery, organic onion)",[]
5908,contains less than 2% of: paprika and other spices,[]
5909,maltodextrin (derived from corn starch),[]
5910,grade a skim milk,['dairy']
5911,whole grain yellow corn,[]
5912,"monocalcium phosphate) soy lecithin, salt, mono- and diglycerides, butter (made from milk), distilled monoglycerides, natural and artificial flavor, caramel color, propylene glycol mono-and diesters of fats and fatty acids, caffeine, xanthan gum, lactylic esters of fatty acids, calcium sulfate, cinnamon, nutmeg, sorbic acid and potassium sorbate (to retard spoilage)","['dairy', 'soybeans', 'wheat']"
5913,apo-carotenal for color,[]
5914,lactis dn 173-010/cncm 1-2494,[]
5915,"contains less than 2% of: hot sauce (aged peppers, vinegar, salt)",[]
5916,soluble cornfiber,[]
5917,"organic chicken broth (water, organic concentrated chicken broth)",[]
5918,approved spices,[]
5919,"spices (including chili pepper, black pepper, and celery seed)",[]
5920,"filling (ricotta (whey, whole milk, cream, vinegar), dried cherry tomatoes (tomatoes, salt), whey, tomato paste (tomatoes, citric acid), burratta cheese (pasteurized milk, pasteurized cream, vinegar, enzymes, salt), mozzarella cheese (pasteurized cultured milk, salt, enzymes), chicory root fiber, bread crumbs (wheat flour, yeast, salt), heavy cream (cream), unsalted butter (cream), cornstarch, parmesan cheese (pasteurized cultured milk, salt, enzymes), 2% or less of basil blend (genovese basil, sunflower oil, salt), vegetable fiber, salt, nonfat dry milk, garlic, natural flavors)","['dairy', 'wheat']"
5921,curry (proprietary),[]
5922,dextrose & salt,[]
5923,"dehydrated vegetables (corn, onion, bell peppers, tomatoes and parsley)",[]
5924,"shortening (canola, palm, fractionated palm and palm kernel oils, monoglycerides, polysorbate 60)",[]
5925,"raspberry puree (sugar, red raspberry puree, glucose syrup, raspberry puree concentrate, coloring food [concentrates of carrot & black currant], pectin [gelling agent], citric acid [acidifier], potassium sorbate [preservative], carmine [color], natural flavor)",[]
5926,small white beans,[]
5927,red and green bell peppers (dried),[]
5928,"waffle style bread (whole wheat flour, enriched flour [wheat flour, malted barley flour, niacin, reduced iron, vitamin b1 (thiamin mononitrate), vitamin b2 (riboflavin), folic acid], sugar, water, soybean oil, yeast, wheat starch, yellow corn flour, brown sugar [sugar, molasses], salt, natural flavors, nonfat milk, buttermilk solids, modified corn starch, fructose, dough conditioner [isolated soy protein, mono- and diglycerides, modified cellulose, soy lecithin], dried molasses, carrot juice concentrate for color, apple juice concentrate for color)","['wheat', 'dairy', 'soybeans']"
5929,organic soluble fiber (from tapioca),[]
5930,nonfat,[]
5931,hemp seed,[]
5932,citric acid and sodium benzoate 0,[]
5933,organic high oleic sunflower and/or safflower oil,[]
5934,edta added as a preservative,[]
5935,"butter toffee peanuts (roasted peanuts [peanuts, expeller pressed oils {canola, peanut and/or safflower seed}], cane sugar, butter [cream, natural flavors], sea salt)","['peanuts', 'dairy']"
5936,raising agent [ammonium bicarbonate e503,[]
5937,"artificial colors (yellow 6 lake, blue 1 lake, yellow 5 lake, yellow 5, red 3, red 40, blue 1)",[]
5938,sprouted pumpkin seeds,[]
5939,less than 2% of cilantro,[]
5940,natural flavor (with maltodextrin and succinic acid),[]
5941,"dark chocolate (unsweetened chocolate processed with alkali, cane sugar, soy lecithin)",['soybeans']
5942,partially hydrogenated soybean and/or cottonseed oils,['soybeans']
5943,coffee carob bean gum,[]
5944,"all natural ingredients: diced tomatoes (citric acid, calcium chloride)",[]
5945,organic expelled pressed sunflower oil,[]
5946,contains 1% or less of: artificial flavors,[]
5947,"strawberry topping (high fructose corn syrup, strawberries, apple powder, citric acid, pectin, natural flavor, calcium citrate, sodium benzoate [preservative], red #40)",[]
5948,mixed tocopherols (vitamin e for freshness),[]
5949,"stabilizer (guar gum, sorbitol and vegetable glycerine)",[]
5950,orange peel paprika oleoresin (color),[]
5951,organic expeller pressed sunflower seed and/or organic expeller pressed safflower seed oil,[]
5952,berry bomb: citric acid,[]
5953,cocoa [processed with alkali],[]
5954,"yogurt coating (sugar, palm kernel oil, nonfat milk, yogurt culture, soy lecithin, salt, vanilla, titanium dioxide, gum arabic, confectioner's glaze)","['dairy', 'soybeans']"
5955,"color (caramel, turmeric)",[]
5956,cultured cream & milk,['dairy']
5957,guacamole: hass avocado,[]
5958,non-fat dried milk,['dairy']
5959,"seasoning (corn starch, modified cornstarch, garlic, maltodextrin, onion, sugar, methylcellulose, tomato powder, fructose, yeast extract, chipotle chili pepper, spice, parsley, soybean oil, citric acid, lime juice powder [contains lime juice & lime oil], white distilled vinegar, paprika extract [color])",['soybeans']
5960,"broth base (soy sauce (water, soybeans, wheat, salt, alcohol), water, concentrated chicken broth, pork extract, salt, soybean oil, hydrolyzed corn protein, fermented wheat protein (wheat protein, salt, maltodextrin), sugar, alcohol, oyster juice concentrate, yeast extract, bonito extract, caramel color, disodium inosinate, disodium guanylate, xanthan gum, onion powder, garlic powder, spice, succinic acid)","['soybeans', 'wheat']"
5961,"color added (includes: yellow 5, red 40, blue 1)",[]
5962,canadian spring water,[]
5963,instant black tea,[]
5964,"organic mixed berry puree (organic strawberry, organic blackberry, organic raspberry)",[]
5965,"candy gems (dark chocolate [sugar, chocolate liquor, cocoa butter, milk fat, soy lecithin, vanillin (artificial flavor)], sugar, artificial coloring (red 40 lake, yellow 5 lake, yellow 5, blue 1, blue 1 lake), corn syrup, gum arabic, confectioner's glaze)","['dairy', 'soybeans']"
5966,"rainbow sugar (sugar, confectioner's glaze [shellac], red 3, carnauba wax, yellow 6, red 40, blue 2, yellow 5, blue 1)",[]
5967,bisulfites,"['sulphur dioxide', 'sulphites']"
5968,"caramel flavored confectionery spread (corn syrup, sweetened condensed milk [condensed milk, sugar], water, palm oil, cream, glycerin, pectin, salt, disodium phosphate, soy lecithin, natural and artificial flavor, carrageenan, preservative [potassium sorbate])","['dairy', 'soybeans']"
5969,stone ground blue corn,[]
5970,water distilled vinegar,[]
5971,"high fructose corn syrup and 2% or less of each of the following: concentrated juices (pineapple, apple, concord grape, orange, passionfruit)",[]
5972,organic garlic powder organic black pepper,[]
5973,whole grain sorhum,[]
5974,citric and malic acids from fruit,[]
5975,"vegetable oil (contains one or more of the following: corn oil, cottonseed oil, or sunflower oil)",[]
5976,pimento paste [water,[]
5977,"dough conditioners (fumaric acid, sodium metabisulfite and/or mono- and diglycerides)",['**sulphites']
5978,dry vinegar,[]
5979,creamer: corn syrup solids,['**dairy']
5980,"color (fd&c yellow #6, fd&c blue #1, fd&c red #40)",[]
5981,"strawberry puree (strawberries, sugar, water, natural flavors, guar gum, citric acid, carrageenan)",[]
5982,"reconstituted vegetable juice blend (water and concentrated juices of tomatoes, carrots, celery, beets, parsley, lettuce, watercress, and spinach)",[]
5983,"enriched bleached wheat flour (bleached wheat flour, niacin, reduced iron, thiamine mononitrate [vitamin b1], riboflavin [vitamin b2], folic acid)","['wheat', 'gluten']"
5984,potassium benzoate (to ensure freshness),[]
5985,"pasta (durum wheat, water, egg white)","['eggs', 'wheat']"
5986,split baby garbanzo beans,[]
5987,organic cracked wheat,[]
5988,contains 2% or less of ground cinnamon ground ginger ground cloves,[]
5989,"sweet & sour sauce (water, sugar, white wine vinegar, pineapple juice concentrate, cornstarch, contains 2% or less of hot sauce (aged cayenne red peppers, vinegar, salt and garlic), salt, ginger, garlic, extractive of paprika, xanthan gum, natural flavors)",[]
5990,riboflavin vitamin b2,[]
5991,"coconut water from concentrate (water, coconut water concentrate)",[]
5992,matcha green tea powder,[]
5993,"cinnamon sugar coating (dextrose, corn starch, palm oil, cinnamon, titanium dioxide [color], wheat starch, hydrogenated cottonseed oil, artificial flavor, potassium sorbate and calcium propionate [preservatives])",['wheat']
5994,organic tapioca dextrose,[]
5995,"biscuit crumb (22%): (fortified wheat flour (wheat flour, calcium carbonate, iron, vitamin b3: nicotinamide, vitamin b: thiamine), wholemeal wheat flour, vegetable shortening (palm rspo oil, rapeseed oil), sugar, partially invert sugar syrup, raising agents (sodium bicarbonate), salt)",['wheat']
5996,chocolate [unsweetened chocolate (processed with alkali),[]
5997,organic yogurta (organic cultured pasteurized milk),['dairy']
5998,"pizza sauce (crushed tomatoes [water, crushed tomatoes], tomato paste, salt, sunflower oil, extra virgin olive oil, citric acid, spices, granulated garlic, sodium benzoate and potassium sorbate added as preservatives)",[]
5999,shredded toasted coconut,['tree nuts']
6000,freeze dried boysenberries,[]
6001,organic palm shortening,[]
6002,"baking powder (sodium acid pyrophosphate, sodium bicarbonate, wheat flour1)","['wheat', 'gluten']"
6003,contains less than 2%: sorbitol,[]
6004,monoglycerides with ascorbic acid and citric acid (antioxidants),[]
6005,"lime juice (water, lime juice from concentrate)",[]
6006,fennel seed powder,[]
6007,cacao bean,[]
6008,carboxymethylcellulose sodium,[]
6009,"organic diced tomatoes (tomatoes calcium chloride, citric acid)",[]
6010,annatto (vegetable color)],[]
6011,fried onion,[]
6012,calcium chloride added as a firming agent and calcium disodium edta added to promote color retention,[]
6013,"cheddar cheese (milk, cheese cultures, salt, enzymes)",['dairy']
6014,annatto (vegetable extract),[]
6015,organic celery juice concentrate,['celery']
6016,natural flavor and turmeric oleoresin,[]
6017,"lemon garlic herb butter (pasteurized cream, roasted garlic, canola oil, garlic puree [garlic, citric acid], lemon juice, parsley, onion salt, garlic salt, black pepper, oregano, basil, chives)",['dairy']
6018,100% canola oil,[]
6019,"semisweet chocolate chips (sugar, unsweetened chocolate, anhydrous dextrose, cocoa butter, soy lecithin)",['soybeans']
6020,"dough conditioners (may contain one or more of the following: mono- and diglycerides, ethoxylated mono- and diglycerides, sodium stearoyl lactylate, calcium peroxide, datem, calcium iodate, ascorbic acid, azodicarbonamide, enzymes)",[]
6021,white peppercorn ground,[]
6022,"contains 2% or less of leavening (baking soda, yeast)",[]
6023,chicken meat,[]
6024,cobalamine [vitamin b pyridoxine hydrochloride [vitamin b6],[]
6025,organic schizandra berry,[]
6026,spelt kernels,['gluten']
6027,contains less than 1% of: artificial color++,[]
6028,water and carbon dioxide,[]
6029,red wheat bran,['gluten']
6030,"milk chocolate chips (sugar, cocoa butter, whole milk powder, chocolate liquor, soy lecithin, vanillin [an artificial flavoring])","['dairy', 'soybeans']"
6031,contains less than 2% of carob bean gum,[]
6032,vegetable oil (soybean oil or canola oil),['soybeans']
6033,"color (titanium dioxide, fd&c red #40, fd&c yellow #5, fd&c blue #1, fd&c yellow #6)",[]
6034,fruity gummies: sugar,[]
6035,"sherry wine (sherry wine, salt)",[]
6036,"lemon juice (water, lemon juice powder [corn syrup solids, lemon juice solids, natural flavor, bht])",[]
6037,"seasonings (spices, jalapeno peppers, dextrose, sodium phosphates, garlic powder)",[]
6038,"sweet cooking rice wine (water, mirin [rice, alcohol, salt, enzymes, koji {aspergillus oryzae}], dextrose, corn syrup solids, lactic and succinic acids)",[]
6039,"sweet pickle relish (cucumber, sugar, distilled vinegar, salt, calcium chloride, xanthan gum, natural flavors, and gum arabic)",[]
6040,"romano cheese (milk, bacterial culture, salt, rennet and/or and/or microbial enzyme, lipase, cellulose, sorbic acid, (may contain calcium chloride), spices, citric acid",['dairy']
6041,"distilled vinegar (ethyl alcohol, dextrose, water)",[]
6042,anchovy (fish),['fish']
6043,sodium acid pyrophosphate (added to preserve color),[]
6044,"grapefruit puree (water, orange pulp, concentrated grapefruit juice, citric acid, beet extract [color], natural flavors)",[]
6045,romano cheese [milk,['dairy']
6046,pesto vinaigrette canola oil,[]
6047,"chocolate candy pieces (semi-sweet chocolate chips [sugar, chocolate liquor, cocoa butter, soy lecithin, natural flavor], sugar, cocoa, yellow 5 lake, red 40 lake, blue 2 lake, confectioner's glaze [shellac] carnauba wax)",['soybeans']
6048,"turkey (turkey breast meat, turkey broth, contains 2% or less salt, vinegar, sodium lactate, corn syrup solids, modified food starch, sugar, sodium phosphate, pepper)",[]
6049,"parmigiano reggiano cheese (part-skimmed cow's milk, salt, rennet)",['dairy']
6050,cracked barley,[]
6051,bht added as a preservative,[]
6052,disodium dihydrogen pyrophosphate (to retain color),[]
6053,butternut squash (usa),[]
6054,honey evaporated cane sugar,[]
6055,tex-mex seasoning [salt,[]
6056,"fully cooked sliced chicken breast (chicken breast, water, salt, sugar, soybean oil, rice starch, sodium bicarbonate, dry vinegar, dextrose, potassium lactate, natural flavorings, dehydrated chicken broth, dehydrated yeast, chicken fat, canola oil, cottonseed oil)",['soybeans']
6057,enzyme modified blue cheese,['dairy']
6058,mono & diglycerides (vegetable),[]
6059,"milk chocolate (pure cane sugar, full cream milk, cocoa butter, cocoa beans, soys lecithin-an emulsifier, vanilla beans)","['dairy', 'soybeans']"
6060,organic cold pressed sunflower seed oil,[]
6061,"folic acid), sugar, leavening (baking soda",[]
6062,and artificial color (yellow #5 and yellow #6),[]
6063,"crust (enriched wheat flour [wheat flour, ferrous sulfate, niacin, thiamine mononitrate, riboflavin, folic acid, enzyme], water, beer [water, barley, malt, corn, maltose, yeast, hops], rye flour, soybean oil, yeast, vital wheat gluten, contains 2% or less of the following: honey, butter [pasteurized cream, natural flavors], vinegar, oat bran, salt, encapsulated baking soda [sodium bicarbonate, palm oil, hydrogenated soybean oil], cultured whey, whey, seasoning [fractionated coconut oil, flavors, ethylalcohol, triethyl citrate, and propylene glycol], molasses, sour flavoring (corn starch, wheat flour, fumaric acid, salt, sodium silico aluminate (a processing aid), lactic acid, acetic acid, soy lecithin and canola oil, dough conditioner [wheat flour, ascorbic acid, enzymes]), beer cheese sauce (water, beer cheese seasoning [whey, modified corn starch, beer flavor {maltodextrin, beer (malted barley, corn syrup, hops, yeast)}, creamer powder {coconut oil, corn syrup solids, sodium caseinate, dipotassium phosphate, mono and diglycerides}, salt, natural flavors, torula yeast, sugar, onion powder, extractives of annatto and turmeric]), whole milk mozzarella cheese (pasteurized milk, cheese cultures, salt, enzymes), hot italian sausage (pork, spices and spice extractives, water, salt, corn syrup solids, dextrose, garlic, paprika, sodium phosphates, caramel color, bha, bht, citric acid), pepperoni (pork, beef, salt, contains 2% or less of spices, dextrose, lactic acid starter culture, oleoresin of parika, sodium nitrite, bha, bht, citric acid, may contain: dehydrated garlic, flavoring, sodium ascorbate), parmesan and romano cheese blend (parmesan cheese [pasteurized milk, cheese cultures, salt, rennet), romano cheese [pasteurized cow's milk, cheese cultures, salt, rennet])","['wheat', 'gluten', 'dairy']"
6064,maltodextrin almonds,['tree nuts']
6065,milk powder,['dairy']
6066,mixed tocopherols (preservative),[]
6067,corn flour (processed with lime),[]
6068,sodium benzoate & potassium sorbate (as preservatives),[]
6069,"mozzarella cheese (pasteurized cow's milk, cheese culture, salt, enzymes)",['dairy']
6070,"vegetable base (carrots, onions, celery, salt, sugar, maltodextrin, corn oil, yeast extract, natural flavorings, potato starch)",[]
6071,garlic pepper,[]
6072,carrot juice and salt,[]
6073,carbonated water,[]
6074,contains 2% or less of: red wine vinegar,[]
6075,canola/soybean oil,['soybeans']
6076,"chipotle cheese powder (sea salt, tomato powder, whey, evaporated cane sugar, cheddar cheese (milk, salt, cheese cultures, enzymes), garlic powder, rice flour, yeast extract, onion powder, buttermilk, salt, green bell pepper, chipotle powder, maltodextrin, disodium phosphate, spices, lactic acid, citric acid, extractive of paprika color, calcium lactate, extractive of tomato, natural flavors, nonfat milk)",['dairy']
6077,"leavening (sodium aluminum phosphate, sodium bicarbonate, sodium acid pyrophosphate, monocalcium phosphate)",[]
6078,beta carotene and vegetable juice (for color),[]
6079,carrageenan red 40,[]
6080,whey protein concentrate (milk),['dairy']
6081,"mustard (water, vinegar, mustard seed, salt, sugar, soybean oil, turmeric, and paprika, annatto, garlic, spices, xanthan gum, calcium disodium edta; retains product freshness, natural flavor, citric acid)","['mustard', 'soybeans']"
6082,"enriched durum flour (durum flour, iron, niacin, thiamine, riboflavin, folic acid)",['gluten']
6083,fresh red ripe tomatoes,[]
6084,"salsa verde (tomatillos, jalapeno peppers, onions, iodized salt, cilantro and citric acid)",[]
6085,"fudge swirl (corn syrup, sugar, water, palm oil, unsweetened chocolate processed with alkali, cocoa processed with alkali, pectin, mono & diglycerides, polysorbate 80)",[]
6086,blue #1,[]
6087,ingredients: butter (cream),['dairy']
6088,"protein blend (milk protein isolate, whey protein isolate)",['dairy']
6089,"roasted red pepper hummus (chickpeas [chickpeas, water, salt], vegetable oil [canola oil, olive oil], roasted red peppers [red pepper, water, salt, citric acid, calcium chloride], tahini [ground sesame], cultured dextrose and maltodextrin, garlic, citric acid, paprika [color], salt, spice [cumin])",['sesame']
6090,"caramel chips (sugar, palm kernel and palm fruit oil, nonfat dry milk solids, whole milk solids, caramel color, beta carotene and annatto [for color], soy lecithin, salt, natural flavors)","['dairy', 'soybeans']"
6091,[parmesan,['dairy']
6092,"garlic and herb tortilla (enriched bleached wheat flour [flour, niacin, reduced iron, thiamine mononitrate, riboflavin, folic acid], water, soybean oil, vegetable mono- and diglycerides, tocopherols [vitamin e] [antioxidants for freshness], and vitamin c palmitate [antioxidants for freshness], contains less than 2% of each of the following onion and garlic seasoning [dextrose, spices, dehydrated bell peppers, parsley, extractives of garlic], salt, monoglycerides, leavening [sodium acid pyrophosphate, sodium bicarbonate, corn starch, monocalcium phosphate], potassium sorbate [preservative], calcium propionate [preservative], fumaric acid, guar gum, xanthan gum, sodium metabisulfite [preservative], microcrystalline cellulose, dicalcium phosphate)","['wheat', 'gluten', 'soybeans']"
6093,"unbleached enriched flour (wheat flour, niacin, reduced iron, thiamine mononitrate { vitamin b1}, riboflavin {vitamin b2}, folic acid)",['gluten']
6094,cheese: low moisture mozzarella cheese [pasteurized part-skim milk,['dairy']
6095,"vegetables oil (contains one or more of the following: canola oil, peanut oil, and/or sunflower oil)","['peanuts', 'soybeans']"
6096,wild sockeye alaskan salmon,['fish']
6097,"sriracha lime base (cayenne pepper sauce [water, aged red peppers, distilled vinegar, salt, garlic], garlic powder, chili pepper, salt, corn oil, sugar, spices, onion powder, natural flavors, citric acid, lime oil, white distilled vinegar solids)",[]
6098,ammonium sulfate,[]
6099,sorbic acid (to retain freshness),[]
6100,"gluten free matzo (tapioca starch, water, potato starch, potato flour, palm oil, natural vinegar, honey, egg yolks, salt)",['eggs']
6101,"sea salt caramel filling (sweetened condensed skim milk [skim milk,sugar,corn syrup], corn syrup, sugar, water, butter [cream, salt], modified corn starch, sea salt, gellan gum, mono and diglycerides, baking soda, xanthan gum)",['dairy']
6102,"bacon pieces (bacon cured with water, salt, sugar, sodium phosphate, sodium erythorbate, sodium nitrite)",[]
6103,soybean and palm kernel oils,['soybeans']
6104,"cheese blend (maltodextrin, whey, sunflower oil, cheddar cheese [pasteurized milk, cheese culture, salt, enzymes], salt, monosodium glutamate, sodium phosphate, butter [cream, salt], natural flavor, citric acid, lactic acid, yellow 5, yellow 6, enzymes)",['dairy']
6105,clarified watermelon concentrate,[]
6106,cooked adzuki beans,[]
6107,partially hydrogenated and modified soybean oil,['soybeans']
6108,cheese sauce mix: dairy product solids,['dairy']
6109,"pumpkin spice flavored base (sugar, water, pumpkin, modified corn starch, cinnamon, annatto extract [for color], natural flavor, citric acid, nutmeg, ginger, salt, ground cloves, malic acid)",[]
6110,almond flour,['tree nuts']
6111,"cinnamon roll (water, tapioca starch, brown rice flour, dried cane syrup, canola oil, resistant corn starch, egg whites, tapioca syrup, tapioca maltodextrin, yeast, gum (xanthan gum, sodium alginate, guar gum), salt, pea protein, sugarcane fiber, cinnamon, cultured corn syrup solids and citric acid (natural mold inhibitor), baking powder (sodium acid pyrophosphate, sodium bicarbonate, corn starch, monocalcium phosphate), enzymes)",['eggs']
6112,dried minced garlic,[]
6113,alfalfa powder,[]
6114,additionally: watermelon: artificial flavor,[]
6115,turmeric and annatto colors,[]
6116,"organic cheddar cheese (organic cultured pasteurized milk, enzymes, salt)",['dairy']
6117,"chicken (chicken tenderloin, water, olive oil, contains 2% or less of: isolated soy protein product [isolated soy protein, modified potato starch, corn starch, carrageenan, soy lecithin, dextrose, potassium chloride, salt, sodium phosphate, paprika, caramel color, flavoring)",['soybeans']
6118,soy vitamins & minerals: vitamin b1 (thiamin mononitrate),[]
6119,"smoked turkey breast (turkey breast, water, vinegar, potato starch, contains 2% or less of each: sea salt, potassium chloride, celery powder, carrageenan, natural flavoring [rosemary extract], smoked ham (pork ham, water, vinegar, contains 2% or less of each: sea salt, potassium chloride, turbinado sugar, celery powder, cherry powder, natural flavoring [rosemary extract]), swiss cheese (swiss cheese [pasteurized milk, cheese culture, salt, enzymes], potato starch and powdered cellulose [to prevent caking], natamycin [mold inhibitor])","['celery', 'dairy']"
6120,"greek yogurt powder (milk ingredients, bacterial cultures)",['dairy']
6121,"malt (malted barley, corn grits)",['gluten']
6122,stone ground corn,[]
6123,"vegetable oils (sunflower oil, cottonseed oil or canola oil)",[]
6124,"diced tomatoes (diced tomatoes, tomato juice, citric acid, calcium chloride)",[]
6125,"fruit (cranberries, raisins, oranges, apples)",[]
6126,"blueberry compote (non-gmo sugar, blueberries, lemon juice, water)",[]
6127,"vanillin [artificial flavor)],peanut butter candy pieces (sugar",['peanuts']
6128,cheese powder [romano,['dairy']
6129,"molasses powder (molasses, identity preserved maltodextrin)",[]
6130,"cake mix (sugar, enriched bleached wheat flour (wheat flour, niacin, reduced iron, thiamine mononitrate, riboflavin, folic acid), vegetable oil shortening (palm oil), cocoa powder processed with alkali, wheat starch, leavening (baking soda, dicalcium phosphate, monocalcium phosphate, sodium aluminum phosphate), dextrose, emulsifier (propylene esters, mono and diglycerides, sodium stearoyl lactylate), salt, red 40, artificial flavor, xanthan gum, cellulose gum)","['gluten', 'wheat']"
6131,"cooked tri-color rotelli (semolina [wheat], tomato powder, spinach powder, niacin, ferrous sulfate [iron], thiamin mononitrate, riboflavin, folic acid)","['gluten', 'wheat']"
6132,"vegetable protein (soy, pea)",['soybeans']
6133,seasoning {dextrose,[]
6134,"dark chocolate (cocoa liquor, sugar, cocoa butter, soy lecithin, vanilla extract)",['soybeans']
6135,shredded coconut coconut oil,[]
6136,clarified pineapple juice concentrate,[]
6137,"chocolatey chunks (powdered sugar [sugar, cornstarch], coconut oil, cocoa [processed with alkali], butter oil, soy lecithin, natural flavor, milk)","['dairy', 'fish']"
6138,"pineapple (pineapple, sugar, citric acid, sodium metabisulphite)",['sulphur dioxide']
6139,"enriched flour (wheat flour, niacin, reduced iron, thiamine mononitrate (vitamin b1), riboflavin {vitamin b2}, folic acid)","['gluten', 'wheat']"
6140,turkey breast water,[]
6141,pea protein,[]
6142,"strawberry preserves (strawberries, cane sugar syrup, natural strawberry flavors, citric acid, potassium sorbate, red 40)",[]
6143,peptidase,[]
6144,corn syrup; less than 2% of: natural and artificial flavors,[]
6145,"romano cheese (pasteurized milk, cheese culture, salt, enzymes)",['dairy']
6146,natural flavor,[]
6147,caramel paste [sugar,[]
6148,hazelnut 15%,['tree nuts']
6149,"imitation crab (fish protein [pollock and/or whiting], water, wheat starch, sugar, potato starch, sorbitol, contains 2% or less of: natural and artificial crab flavor, egg whites, soybean oil, salt, sodium tripolyphosphate, tetrasodium pyrophosphate, color added, carmine, paprika oleoresin)","['fish', 'wheat', 'eggs', 'soybeans']"
6150,"peanut butter (dry roasted peanuts, hydrogenated cottonseed/rapseed oil, soy oil, salt)","['peanuts', 'soybeans']"
6151,whole grain teff,[]
6152,"organic tomatoes (organic tomatoes, sea salt)",[]
6153,"peanut butter (roasted peanuts, sugar, salt, hydrogenated vegetable oil [rapeseed, cottonseed, soybean], molasses, monoglycerides)","['peanuts', 'soybeans']"
6154,sorbic acid (as a preservative),[]
6155,simmer sauce: water,[]
6156,"parmesan & romano cheese blend (parmesan cheese [made from cow's milk, salt, enzymes], romano cheese [made from cow's milk, salt, enzymes], powdered cellulose/starch blend added to prevent caking)",['dairy']
6157,"mango cilantro vinaigrette (sugar, mango, soybean oil and/or canola oil, water, white wine vinegar, tequila, cilantro, contains less than 2% of: garlic, lime juice concentrate, natural flavors, orange juice concentrate, red onion, salt, xanthan gum)",['soybeans']
6158,"asiago cheese (pasteurized cow's milk, cheese cultures, salt, enzymes)",['dairy']
6159,soy protein concentrate (with caramel color),['soybeans']
6160,"teriyaki sauce (mirin blend [water, mirin {water, rice, alcohol, salt, enzyme, koji}, sugar, lactic acid], water, sugar, brown sugar, soybeans, salt, organic ketchup [organic tomato concentrate, organic distilled vinegar, organic sugar, salt, organic onion powder, organic spice, natural flavoring], xanthan gum, ginger, garlic, citric acid)","['soybeans', '**gluten']"
6161,oyster broth,['**fish']
6162,organic navel oranges,[]
6163,cream (contains carrageenan),['dairy']
6164,acerola cherry juice,[]
6165,natural apple pectin,[]
6166,"sauce (distilled vinegar, aged cayenne red peppers, salt, water, canola oil, paprika, xanthan gum, butter type flavor, garlic powder)",['dairy']
6167,chocolate cupcake pieces [unbleached unenriched wheat flour,['**gluten']
6168,rush powder (with wheat flour and baker's yeast),['**gluten']
6169,decaffeinated black tea,[]
6170,tomatos,[]
6171,"crust (wheat flour, water, yeast, salt, canola oil, malted wheat flour, sugar)",['**gluten']
6172,"confectioner's glaze (carnauba wax, beeswax, shellac)",['**shellfish']
6173,organic pumpkin seed powder,[]
6174,spirulina extract,[]
6175,soybean oil),['soybeans']
6176,black walnuts,['tree nuts']
6177,citric acid an sodium benzoate 0,[]
6178,white corn meal,[]
6179,banana flour,[]
6180,hydrogenated cottonseed oil],[]
6181,"dough conditioners (calcium sulfate, l-cysteine, wheat flour, enzymes, yellow corn meal",['**gluten']
6182,simmer sauce: organic tomato,[]
6183,"vegetarian refried beans (cooked beans, water, less than 2% of: canola oil, salt, distilled vinegar, chile pepper, onion powder, spices, garlic powder, natural flavor)",[]
6184,blueberry and strawberry juice concentrates,[]
6185,lemon peel powder,[]
6186,dried onions,[]
6187,"graham cracker swirl (graham cracker crumb [wheat flour, whole wheat flour, sugar, palm and palm kernel oil, molasses, honey, salt, baking soda], soybean oil, powdered sugar [sugar, corn starch], coconut oil, mono and diglycerides, soy lecithin, salt)","['**gluten', 'soybeans']"
6188,"honey granules (cane sugar, honey)",[]
6189,emulsifier (mono and diglycerides),[]
6190,snow peas (peru),[]
6191,"contains one or more of (organic whey, organic buttermilk, organic nonfat milk)",['dairy']
6192,apple juice from apple juice concentrate,[]
6193,high oleic soybean and/or soybean oil,['soybeans']
6194,"seasoning (nonfat dry milk, whey powder, corn maltodextrin, buttermilk, salt, sugar, wheat flour, onion powder, torula yeast, natural flavor, titanium dioxide, xanthan gum, disodium inosinate and disodium guanylate, spice, jalapeno pepper powder)","['dairy', '**gluten']"
6195,"french fries (potatoes, vegetable oil [may contain one or more of the following: canola oil, sunflower oil, cottonseed oil, palm oil, corn oil, soybean oil], salt, disodium dihydrogen pyrophosphate [to promote color retention], dextrose)",['soybeans']
6196,sorbitols[tilde],[]
6197,disodium inosinate,[]
6198,"sriracha chili sauce (red chili, sugar, salt, garlic, fish extract [anchovy], acetic acid, ascorbic acid)",['**fish']
6199,"tomato juice (tomatoes, water)",[]
6200,"spice extractive (includes turmeric extract, mustard oil)",['mustard']
6201,corn starch),[]
6202,cooked navy bean powder,[]
6203,calcium propionate [ preservative],[]
6204,"mustard sauce (water, distilled vinegar, soybean oil, invert sugar, mustard, egg yolk, horseradish [horseradish, water, distilled vinegar], sugar, less than 2%: modified corn starch, salt, honey, nonfat milk, turmeric, whey [milk], concentrated lemon juice, paprika, xanthan gum and guar gum, soy lecithin, onion powder, garlic powder, sodium alginate, paprika oleoresin)","['mustard', 'eggs', 'soybeans', 'dairy']"
6205,"organic tamari (water, organic soybeans, organic alcohol [to preserve freshness], salt)",['soybeans']
6206,"bitersweet chocolate pieces(chocolate, cocoa butter, sugar)",[]
6207,"caramelized hazelnut pieces (sugar, hazelnuts)",['tree nuts']
6208,tuna ingredients: ahi tuna,['fish']
6209,expeller pressed oil (sunflower and/or safflower),[]
6210,adds a trivial amount of fat,[]
6211,soy lecithin mono- and diglycerides,['soybeans']
6212,"orange and yellow decorative curls (sugar, cocoa butter, milk, nonfat milk, soy lecithin, natural flavor, yellow 5 lake, yellow 6 lake)","['dairy', 'soybeans']"
6213,golden raisins with sulfur dioxide (as preservative),['sulphur dioxide']
6214,"caramel base (milk, sugar, corn syrup, cream, coconut oil, pectin,salt,natural flavor, soy lecithin)","['dairy', 'soybeans']"
6215,"salt), water, tomato puree (water",[]
6216,"bread crumbs (rice flour, glutinous rice flour, soybean oil, yeast, sugar, dextrose, salt, ascorbic acid)","['gluten', 'soybeans']"
6217,"parmesan cheese (cultured milk, enzymes, salt)",['dairy']
6218,natural flavor (walnut),[]
6219,"moose tracks fudge swirl {powdered sugar (sugar, corn starch)",[]
6220,"parmesan cheese (skim milk, salt, cheese culture)",['dairy']
6221,1% of oat flour,[]
6222,"enrichment blend (ferrous sulfate, niacin, thiamine mononitrate, riboflavin, folic acid)",[]
6223,"confectionary chips (sugar, palm kernel oil, natural flavor, sunflower lecithin, salt)",[]
6224,contains less than 2% of the following: green chilies,[]
6225,"colors (annatto [color], blue 1, blue 1 lake, blue 2, blue 2 lake, red 3, red 40, red 40 lake, yellow 5, yellow 5 lake, yellow 6, yellow 6 lake)",[]
6226,"and iron sulfate), eggs, water",['eggs']
6227,colored with beetroot juice,[]
6228,"unsmoked provolone cheese (pasteurized milk, cheese culture, salt, enzymes)",['dairy']
6229,soybean vegetable oil,['soybeans']
6230,sodium stearoyl lactylate (oil emulsifier) and sodium phosphate,[]
6231,"toppings: semi-sweet chocolate chips (cane sugar, unsweetened chocolate, cocoa butter)",[]
6232,"chocolate (sugar, cocoa butter, nonfat milk powder, cocoa powder, whole milk powder, chocolate liquor, soy lecithin [emulsifier], natural vanilla flavor)","['dairy', 'soybeans']"
6233,citric acid and salt,[]
6234,"clam juice (water, extract of clams)",['shellfish']
6235,"creaming agent (corn syrup solids, partially hydrogenated vegetable oil [may contain soybean, palm and/or canola], whey, sodium caseinate, artificial color, dipotassium phosphate, tocopherols)","['dairy', 'soybeans']"
6236,beetroot extract,[]
6237,"enriched wheat flour (wheat flour, malted barley flour, niacin, iron, thiamin mononitrate, riboflavin. folic acid)",['gluten']
6238,"cheese sauce (water, cheddar club cheese [pasteurized cultured milk, salt, enzymes, annatto {color}], margarine [liquid and hydrogenated soybean oil, water, salt, contains less than 2% of vegetable mono-and diglycerides, soy lecithin, sodium benzoate {a preservative}, citric acid, natural and artificial flavor, calcium disodium edta added to protect flavor, beta carotene {color}, vitamin a palmitate added], pasteurized process cheese spread [cheese {pasteurized milk, cheese culture, salt, enzymes}, water, whey, sodium phosphate, whey protein concentrate, skim milk, salt, milkfat, artificial color], cheddar cheese flavor [cheddar cheese {pasteurized milk, cheese culture, salt, enzymes}, water, butterfat, phosphates, and lactic acid], salt, wheat flour, modified corn starch, soybean oil, cheddar cheese powder [dehydrated cheddar cheese blend {cheddar cheese (pasteurized milk, cheese culture, salt, enzymes), cream, salt, sodium phosphate, lactic acid}], whey protein concentrate, disodium phosphate, sugar, carrageenan, spice, beta carotene and extractives of paprika [color])","['dairy', 'wheat', 'soybeans']"
6239,dehydrated tomato,[]
6240,"leavening/raising agent (ammonium bicarbonate, sodium bicarbonate)",[]
6241,"marshmallow-flavored bits (sugar, vegetable oil [palm, palm kernel], enriched wheat flour [flour, niacin, reduced iron, thiamine mononitrate, riboflavin, folic acid], xanthan gum, artificial flavor, titanium dioxide, soy lecithin)","['gluten', 'soybeans']"
6242,farina,[]
6243,sodium benzoate and potassium sorbate (to maintain freshness),[]
6244,"forto cold brew coffee (water, fair-trade & organic coffee extract)",[]
6245,orange peel,[]
6246,"sweet cooking rice wine (water, dextrose, rice, corn syrup, salt)",[]
6247,contains less than 2% of liquid egg yolk,['eggs']
6248,vegetable oil (canola/ sunflower),[]
6249,organic sprouted whole grain corn flour,[]
6250,organic cracked chickpeas,[]
6251,dehydrated potato [potatoes,[]
6252,phosphoric acid (preservative),[]
6253,contains 2% or less of the following: distilled vinegar,[]
6254,xanthan and guar gum (standardized with dextrose),[]
6255,"chocolate flavored chips (sugar, partially hydrogenated vegetable oil [palm kernel, coconut, palm], cocoa powder [processed with alkali], dextrose, cocoa powder, whey powder [milk], soy lecithin [emulsifier], vanilla)","['dairy', 'soybeans']"
6256,contains 2% or less of cane sugar,[]
6257,fine lemon pulp,[]
6258,5% of: onion,[]
6259,less than 2% of: food starch-modified,[]
6260,granulated garlic 1,[]
6261,pasteurized- milk,['dairy']
6262,"dry vermouth (wine, salt, sulphites)","['sulphur dioxide', 'sulphites']"
6263,crab apple 52%,[]
6264,black pepper and crushed red pepper,[]
6265,"confectionary coating (sugar, palm kernel oil, natural flavor, sunflower lecithin, salt)",['**soybeans']
6266,"tomatoes (water, tomatoes, tomato paste)",[]
6267,"organic cheddar cheese (organic milk, cultures, salt, enzymes)",['dairy']
6268,piquillo peppers,[]
6269,"sour cream (cultured milk, cream, whey)",['dairy']
6270,vegetable oil (palm and or canola),[]
6271,lymph nodes and fat,[]
6272,pasteurized process gouda cheese: cultured milk,['dairy']
6273,contains 2% or less of the following: organic expeller pressed soybean oil,['soybeans']
6274,silicon dioxide (an anti-caking agent),[]
6275,cashews roasted in peanut oil,"['peanuts', 'tree nuts']"
6276,natural flavors (contains milk derivatives),['dairy']
6277,acidophilus and bifidus,[]
6278,spices (including black pepper and fennel),[]
6279,vegetable starch,[]
6280,calcium citrate malalte,[]
6281,seasoning: corn flour,[]
6282,emulsifier,[]
6283,liquid eggs white,['eggs']
6284,cheese sauce mix maltodextrin,"['**wheat', 'dairy']"
6285,"gorgonzola cheese ([pasteurized milk, cheese cultures, salt, & enzymes], powdered cellulose [added to prevent caking], natamycin [to protect flavor])",['dairy']
6286,"riboflavin and folic acid), contains two percent or less of: cornstarch, salt, artificial colors (yellow #5",[]
6287,cold brew coffee,[]
6288,"butter (unsalted pasteurized cream, lactic acid)",['dairy']
6289,and colored with annatto,[]
6290,seeds,[]
6291,acids: malic acid,[]
6292,"natural flavor (natural flavor, caramel color, nutmeg)",[]
6293,gradea pasteurized cultured low fat milk,['dairy']
6294,"peanut flavored coating (sugar, nonfat dry milk, palm kernel oil, peanuts, partially defatted peanut flour, soy lecithin, salt)","['peanuts', 'dairy', 'soybeans']"
6295,(used to retain color.),[]
6296,"chicken breast meat with rib meat (chicken breast meat with rib meat, water, less than 2% rice starch, salt, vinegar, sugar)",[]
6297,dry roasted blanched peanuts,['peanuts']
6298,"granulated soy sauce [(wheat, soybeans, salt)","['wheat', 'soybeans']"
6299,contains 2% or less of organic acai puree,[]
6300,tbhq to maintain freshness],[]
6301,"sauce (water, olive oil, parmesan cheese [part skim milk, cheese culture, salt, enzymes], red wine vinegar, tapioca starch, basil, honey, garlic, contains 2% or less of: garlic puree, salt, sugar, parsley, lemon juice concentrate, black pepper)",['dairy']
6302,contains less than 2% of: unmodified food starch,[]
6303,live and active cultures: bifidus,[]
6304,"shortening (interesterified soybean oil, soybean oil, hydrogenated cottonseed oil and/or palm oil, with mono- and diglycerides and polysorbate 60, tbhq, citric acid.)",['soybeans']
6305,organic dehydrated dates,[]
6306,"aromatic bitters (water, alcohol, sugar, caramel color, gentian, natural flavorings, added colors)",[]
6307,coated with: water,[]
6308,"cream cheese (pasteurized cultured milk and cream, whey, salt, tara gum, guar gum)",['dairy']
6309,"cookie (wheat flour, sugar, canola oil, cocoa processed with alkali, salt, baking soda)","['wheat', 'gluten']"
6310,"dairy free mozzarella style shredded cheese (filtered water, tapioca and/or arrowroot flour, non-gmo expeller pressed canola and/or non-gmo expeller pressed safflower oil, coconut oil, pea protein, salt, vegan natural flavors, inactive yeast, vegetable glycerin, xanthan gum, citric acid, titanium dioxide)",[]
6311,"fruit and vegetable juice blend from concentrate (pear, apple, carrot)",[]
6312,onion powder and xanthan gum,[]
6313,ingredients: butternut squash,[]
6314,canola oil roasted sesame seeds,['sesame']
6315,natural butter flavoring,['dairy']
6316,niacin [vitamin b-3],[]
6317,less than 1%: vanilla extract,[]
6318,"caramel (cane sugar, water, glucose syrup,sweetened condensed skim milk [milk, sugar], coconut oil, butter [milk, salt], non fat dry milk, corn starch, natural flavors, sea salt, sunflower lecithin, xanthan gum)",['dairy']
6319,vegetable proteins,[]
6320,paprika (color) annatto (color),[]
6321,artificial vanilla and pure vanilla,[]
6322,contains less than 2% of the following: invert sugar,[]
6323,dehydrated garlic and not more than 2% silicon dioxide to prevent caking,[]
6324,distilled vinegar garlic,[]
6325,"dark chocolate (sugar, chocolate mass, cocoa butter, soy lecithin)",['soybeans']
6326,"seasoning blend (chili pepper, paprika, spices, maltodextrin, dextrose, torula yeast, onion, tricalcium phosphate, garlic and natural flavors)",[]
6327,"strawberries (sugar, water, citric acid, carob bean gum, xanthan gum and natural flavors)",[]
6328,"fd&c (yellow #5, yellow #6, red #40, blue #2 and blue #1)",[]
6329,contains less than 2% of beef fat,[]
6330,skim milk protein concentrate,['dairy']
6331,raspberry juice (15%),[]
6332,split matpe beans,[]
6333,"capers (capers, water, salt, distilled vinegar)",[]
6334,water 21,[]
6335,contains 2% or less of: whole wheat flour,"['wheat', 'gluten']"
6336,"wild blueberry spread (organic cane sugar, wild blueberries, pectin)",[]
6337,pureed onions,[]
6338,folicacid,[]
6339,"non-aluminum baking powder (sodium acid pyrophosphate, sodium bicarbonate, corn starch, monocalcium phosphate) sea salt",[]
6340,"leavening agents (ammonium bicarbonate, sodium bicarbonate)",[]
6341,"leavening (baking soda, sodium acid pyrophosphate, monocalcium phosphate,sodium aluminum phosphate)",[]
6342,organic cilantro,[]
6343,100% coconut mct oil,[]
6344,"cheddar cheese (pasteurized milk, cheese culture, salt, enzymes, anti-caking blend [potato starch, powder cellulose])",['dairy']
6345,"roasted peanuts (peanuts, salt, non-gmo canola oil)",['peanuts']
6346,"sunfood protein blend (pea protein, hemp seed protein, almond protein, pumpkin seed protein)",['tree nuts']
6347,herb and spice,[]
6348,dried pears,[]
6349,vegetable oil (non-hydrogenated palm oil with bha & bht for freshness),[]
6350,"unbromated unbleached enriched wheat flour (malted barley flour, niacin, reduced iron, thiamin mononitrate, riboflavin, folic acid)","['wheat', 'gluten']"
6351,romaine lettuce mix (a blend of green romaine lettuces),[]
6352,lemon,[]
6353,"vegetable oil (contains one or more of the following: sunflower, corn or safflower oil)",[]
6354,"cheese sauce (maltodextrin, dairy product solids, salt, whey, food starch modified, cheddar cheese [pasteurized milk, cheese cultures, salt, enzymes], natural flavor, buttermilk powder, lactic acid, titanium dioxide [color], disodium phosphate, yellow 5, yellow 5 lake, yellow 6, silicon dioxide)",['dairy']
6355,"organic cheese blend [organic cheddar cheese (organic cultured pasteurized milk, salt, enzymes)",['dairy']
6356,marjoram,[]
6357,radishes,[]
6358,maltitol powder,[]
6359,"vegetable oil (contains one or more of the following: cottonseed oil, palm oil, corn oil, canola oil, and/or soybean oil)",['soybeans']
6360,"enriched macaroni product (wheat flour, durum flour, niacin, ferrous sulfate, thiamine mononitrate, riboflavin, folic acid)","['wheat', 'gluten']"
6361,yellow corn masa (corn treated with lime water),[]
6362,"sweetener blend (invert syrup, molasses)",[]
6363,monoester,[]
6364,expeller pressed canola oil and/or sunflower oil,[]
6365,sodium benzoate and sodium metabisulfite (as preservatives),['**sulphites']
6366,cherrie sours tart cherries,[]
6367,and black pepper],[]
6368,alpha-tocopheryl acetate (vitamin e),[]
6369,"edamame hummus (soybeans, chick peas, sesame seed paste, filtered water, lemon juice, canola oil, garlic puree, parsley, sea salt, spices, citric acid)","['soybeans', 'sesame']"
6370,organic malted barley flour,[]
6371,barley,[]
6372,basmati pilaf rice (53%) [water,[]
6373,and calcium hydroxide,[]
6374,"garbanzo beans (water, garbanzo beans, salt)",[]
6375,"hydrolyzed vegetable protein (hydrolyzed corn gluten, thiamine hydrochloride and partially hydrogenated soybean oil)",['**gluten']
6376,"chlorella vulgaris cracked whole cell), papaya extract, probiotics (bacillus coagulans (provides 1 billion cfu/serving])",[]
6377,organic brown flax seeds,[]
6378,"red miso (water, organic whole soybeans, rice, sea salt, koji starter (aspergillus oryzae))",['soybeans']
6379,"cheese blend (nonfat milk, cellulose gum, lactic acid, cultures)",['dairy']
6380,ingredients: organic hemp protein powder,[]
6381,xanthan and guar gum polysorbate 60,[]
6382,butter [includes milk],['dairy']
6383,"organic caramel (organic tapioca syrup, organic cane sugar, organic milk, organic cream, organic butter (cream, salt), salt, carrageenan, sodium citrate, organic vanilla, organic soy lecithin, vitamin e (mixed tocopherols))","['dairy', 'soybeans']"
6384,amarnath,[]
6385,yeast extract & extractives of paprika,[]
6386,natural flavors leavening (ammonium bicarbonate),[]
6387,"vanilla and chocolate ice cream (milk, cream, sucrose, corn syrup, cocoa powder (cocoa processed with alkali, sugar, salt, carrageenan, vanilla), nonfat dry milk, whey powder, stabilizer (mono & diglycerides, guar gum, locust bean gum, calcium sulfate, polysorbate 80, carrageenan), natural and artificial flavors)",['dairy']
6388,"vegetables: (red peppers, green peppers)",[]
6389,"red 40), mixed nuts (cashews",['tree nuts']
6390,orange essence,[]
6391,strawberry: natural & artificial flavors,[]
6392,vitamin mineral mix: tricalcium phosphate,[]
6393,"dried worcestershire sauce (maltodextrin, distilled vinegar, molasses, salt, caramel color, dried garlic, sugar, spices, tamarind, natural flavor, corn syrup)",[]
6394,alcohol,[]
6395,"cranberries (cranberries, apple juice concentrate, sunflower oil (<1%))",[]
6396,"cashews (cashews, safflower oil)",['tree nuts']
6397,"milk chocolate (sugar, cocoa butter, chocolate liquor, whole milk powder, soy lecithin - an emulsifier, natural vanilla flavor)","['dairy', 'soybeans']"
6398,pineapples,[]
6399,"romano cheese (cow's milk, cheese cultures, salt, enzymes)",['dairy']
6400,"coconut creme (coconut extract, water)",[]
6401,natural flavor dipotassium phosphate,[]
6402,caramelized sugar (for color),[]
6403,atlantic sea salt,[]
6404,"glazing agent (coconut oil, beeswax)",[]
6405,sliced red bell pepper,[]
6406,cooked turkey giblets,[]
6407,"vitamin a palmitate), invert sugar, eggs, cocoa (processed with alkali), contains 2% or less of: fructose, modified food starch, leavening (baking soda",['eggs']
6408,acesulfame potassium (a sweetener),[]
6409,"smoked gouda cheese spread ingredients: gouda cheese (pasteurized milk, cheese cultures, salt, enzymes)",['dairy']
6410,cooked chicken leg meat,[]
6411,vegetable shortening (partially hydrogenated soybean and/or cottonseed oils),['soybeans']
6412,ascorbic acid (as dough conditioner),[]
6413,"apple cider vinegar (maltodextrin, apple cider vinegar, modified food starch)",[]
6414,mono & diglycerides annatto extract (color),[]
6415,"soy sauce (water, soybeans, salt, alcohol)","['soybeans', 'wheat']"
6416,anchovies,['fish']
6417,teriyake bbq sauce [sugar,[]
6418,cultured grade a skim milk,['dairy']
6419,pure organic ground skinless turkey,[]
6420,"contains 2% or less of leavening (sodium bicarbonate, sodium aluminium sulfate, sodium aluminum phosphate)",[]
6421,"enriched flour (wheat flour, malted barley flour, niacin, ferrous sulfate or reduced iron, thiamine mononitrate, riboflavin, folic acid)]","['wheat', 'gluten']"
6422,vegetable juice concentrates (for color),[]
6423,"seasoning mix packet (corn starch, whey, salt, maltodextrin, sugar, modified corn protein, palm and/or soybean oil, sodium protein, palm and/or dry milk, cheese culture, salt, enzymes)",['dairy']
6424,powdered onion,[]
6425,"enriched pasta (wheat flour, tomato, spinach, iron, niacin, thiamin mononitrate, riboflavin and folic acid)","['wheat', 'gluten']"
6426,filling: blueberries,[]
6427,"enriched wheat flour (wheat flour, niacin, iron, thiamine mononitrate, riboflavin, folic acid, ascorbic acid added as a dough conditioner, enzyme added for improved baking)","['wheat', 'gluten']"
6428,"honey sesame sticks (unbleached wheat flour [ contains malted barley flour], soybean oil, sesame seeds, honey coating [ sucrose, wheat starch, honey], bulgur wheat, maltodextrin, slat, beet powder, turmeric, xanthan gum)","['wheat', 'sesame']"
6429,"enriched bleached flour (bleached wheat flour, niacin, iron, thiamine mononitrate, riboflavin folic acid)","['wheat', 'gluten']"
6430,"mayonnaise (soybean oil, water, corn syrup, egg yolk, contains less than 2% distilled vinegar, salt, mustard flour, calcium disodium edta [to protect quality])","['soybeans', 'eggs', 'mustard']"
6431,"bacon (pork, water, salt, sugar, smoke flavoring, natural flavors, lactic acid starter culture)",[]
6432,"almonds and cashews (almonds and cashews, peanut and/or sunflower oil, salt)","['peanuts', 'tree nuts']"
6433,contains 2% or less of the following: buttermilk powder,['dairy']
6434,contains 2% or less of organic canola oil,[]
6435,"gruyere cheese (milk, salt, rennet)",['dairy']
6436,"parsley), salt, monosodium glutamate, hydrolyzed corn gluten, partially hydrogenated cottonseed and soybean oil, spices, sugar, latodextrin, celery extract, torula yeast, artificial coloring including f.d.&c. yellow no. 5, f.d. & c., red no. 3), jalapeno, saffron, sodium alumino (anti-caking agent)",['celery']
6437,"dark confection (sugar, palm kernel oil, cocoa processed with alkali, lactose (from milk), soy lecithin, sorbitan tristearate, natural vanilla extract)","['dairy', 'soybeans']"
6438,"bourbon sauce (high fructose corn syrup, water, onions, brown sugar, molasses, soy sauce [water, soybeans, salt, alcohol, wheat], modified corn starch, bourbon whiskey, distilled vinegar, cellulose gel, cellulose gum, whiskey flavor with other natural flavors [whiskey, water, and natural flavor], onion powder, caramel color, garlic powder, carrageenan, spices, dried egg yolks)","['soybeans', 'wheat', 'eggs']"
6439,"vegetable broth (soybean flakes, carrots, celery extracts)","['soybeans', 'celery']"
6440,"cooked organic brown rice (organic brown rice, water)",[]
6441,soy lecithin (emulsifier)],['soybeans']
6442,soy and wheat],"['soybeans', 'wheat']"
6443,sun-dried tomato,[]
6444,"raising agents (ammonium bicarbonate e 503ii, sodium hydrogencarbonate e 500ii)",[]
6445,"and vanilla extract), and almonds",['tree nuts']
6446,mono & diglycerides natural flavor,[]
6447,"pretzel bun (enriched bleached wheat flour [bleached wheat flour, malted barley flour, niacin, reduced iron, thiamine mononitrate, riboflavin, folic acid], water, shortening (palm oil), brown sugar, yeast, white vinegar, malt, salt, bicarbonates of soda)","['wheat', 'gluten']"
6448,contains less than 2% of: bell pepper,[]
6449,contains 2% or less of the following: organic black pepper,[]
6450,"concord grape juice (water, concord grape juice concentrate)",[]
6451,cheese: mozzarella,['dairy']
6452,gravy: water,[]
6453,cheese cultures,['dairy']
6454,soy and milk products,"['soybeans', 'dairy']"
6455,organic hazelnuts (17%),['tree nuts']
6456,if decorated with colored icing or gel may also contain: modified cornstarch,[]
6457,40 (color),[]
6458,pineapple in pineapple juice,[]
6459,organic fresh arugula,[]
6460,sunflower and/or organic canola oil,[]
6461,contains less than 2%: natural flavors,[]
6462,mixed tocopherols (contains sunflower oil),[]
6463,ascorbic acid (vitamin c to retain color),[]
6464,"bittersweet chocolate (unsweetened chocolate, cocoa butter, sugar, milk fat, soy lecithin - an emulsifier)","['dairy', 'soybeans']"
6465,contains less than 2% of sodium caseinate,['dairy']
6466,less than 2% of: yellow corn flour,[]
6467,baking soda polyglycerol ester,[]
6468,"chocolate chip (cocoa butter, cocoa liquor, sugar)",[]
6469,"to preserve freshness (potassium sorbate, propylene glycol)",[]
6470,"demi glace concentrate (corn oil (tbhq and citric acid added to protect flavor), modified corn starch, palm oil, water, maltodextrin, salt, sugar, beef stock, hydrogenated cottonseed oil, beef fat, contains 2% or less of soy sauce (water, soybean, wheat, salt), hydrolyzed soy, corn and wheat proteins, onion powder, caramel color, garlic powder, yeast extract, mono- and diglycerides, disodium inosinate/disodium guanylate, natural flavors, beef extract, lactic acid, sulfites)","['soybeans', 'wheat', 'sulphites']"
6471,agar carob bean gum,[]
6472,"predust: enriched wheat flour (wheat flour, niacin, reduced iron, thiamine mononitrate, riboflavin, folic acid)","['wheat', 'gluten']"
6473,"color (vegetable juice, fruit juice, and spirulina extract)",[]
6474,black truffle pieces,[]
6475,organic hibiscus,[]
6476,"mashed potatoes (potatoes, whole milk, butter [sweet cream, salt], salt, nisin preparation)",['dairy']
6477,"vitamins from whole food concentrates (spinach, broccoli, carrot, tomato, beet, shiitake mushrooms)",[]
6478,ingredients: organic chocolate liquor,[]
6479,"honey solids (refinery syrup, honey)",[]
6480,parmesan cheese [pasteurized milk,['dairy']
6481,sodium erythrobate,[]
6482,"low fat ricotta (whey, milk, cream, vinegar)",['dairy']
6483,red 40 caramel color,[]
6484,potassium sorbate and citric acid (preservatives),[]
6485,natural and artificial flavors (contains strawberry juice concentrate),[]
6486,grade a organic cream,['dairy']
6487,whole grain parboiled brown rice,[]
6488,parsely,[]
6489,"multigrain bread (enriched wheat flour (with niacin, reduced iron, thiamine mononitrate, riboflavin, and folic acid), water, grains, soybean oil, whole wheat flour, sugar, yeast, molasses, salt enzyme, coloring, caramel, calcium propionate (as a mold inhibitor). gluten, strengthener, (enriched wheat flour (wheat flour, niacin reduced iron, thiamine mononitrate, riboflavin, folic acid), enzymes. dough conditioner (enriched wheat flour (wheat flour, niacin reduced iron, thiamin mononitrate, riboflavin, folic acid), ascorbic acid, wheat gluten, enzymes), topping with sesame seed and poppy seed), egg salad (hard cooked peeled eggs (hard cooked eggs), mayonnaise (soybean oil, water, corn syrup, egg yolk, distilled vinegar, salt, mustard seed, calcium disodium edta (to protect flavor)), dill pickle relish (cured cucumbers, water, distilled vinegar, salt. xanthan gum, potassium sorbate (as a preservative), polysorbate 80 and fd&c yellow #5), purac (cultured sugar), yellow mustard water, vinegar, mustard seed. salt, turmeric, spices), onion, salt granulated onion, granulated garlic)","['wheat', 'gluten', 'soybeans', 'eggs', 'mustard']"
6490,"(freshness preserved with sodium acid pyrophosphate, sodium bisulfite and citric acid)","['sulphur dioxide', 'sulphites']"
6491,brown sugar (vegan),[]
6492,wheat flour and malted barley extracts,"['wheat', 'gluten']"
6493,garlic1,[]
6494,"whole and cracked peppercorns (red, white, green, black)",[]
6495,fresh tomatoes,[]
6496,"spices cheese: feta cheese (pasteurized milk, cheese culture, salt, enzymes)",['dairy']
6497,"organic chicken broth concentrate (organic chicken broth [organic chicken stock, sea salt], organic flavors, organic chicken fat, sea salt, yeast extract, organic vegetables [organic celery, organic carrot, organic onion], organic tomato paste, organic spice, organic carrot powder, organic onion powder, organic potato flour, flavor, organic canola oil)",[]
6498,turmeric and vinegar solids,[]
6499,"chocolate flavored coating (coconut oil, sugar, chocolate liquor, cocoa, nonfat milk, soy lecithin, vanilla)","['dairy', 'soybeans']"
6500,coffeea,[]
6501,"lowfat yogurt (cultured pasteurized nonfat milk, cream)",['dairy']
6502,penicillium candidum (harmless white mold),[]
6503,"dough conditioners (mono- and diglycerides, calcium sulfate, enzymes, l-cysteine monohydrochloride)",[]
6504,toppings: red bell peppers and onions,[]
6505,sodium diacetate (preservative),[]
6506,"romano cheese (milk, culture, salt, enzymes)",['dairy']
6507,artificial blueberry flavor,[]
6508,"chicken base (roasted chicken meat with natural juices, salt, chicken fat, corn syrup, yeast extract, whey, natural flavor, wine and turmeric)","['dairy', 'soybeans']"
6509,lemongrass,[]
6510,"flatbread: enriched wheat flour (wheat flour, malted barley flour, ascorbic acid added as a dough conditioner, niacin, reduced iron, thiamine mononitrate, riboflavin, folic acid)","['gluten', 'wheat']"
6511,"(sodium bicarbonate, calcium acid pyrophosphate, monocalcium phosphate)",[]
6512,fair trade cocoa powder (processed with alkali),[]
6513,glyceryl monooleate,[]
6514,"passion fruit sorbet base (water, passion fruit concentrate, sugar, lemon juice concentrate, natural flavor, locust bean gum)",[]
6515,sodium silico aluminate as anti-caking agent,[]
6516,"lemon juice (lemon juice from concentrate (water, concentrated lemon juice), lemon oil)",[]
6517,dried organic lemon peel,[]
6518,"premier proteina shake protein blend (milk protein concentrate, calcium caseinate, whey protein concentrate)",['dairy']
6519,"kelp extract (water, kelp extract, dextrin, alcohol, salt, xanthan gum)",[]
6520,annatto and turmeric colors,[]
6521,"cake base (sugar, bleached wheat flour, food starch-modified, soybean oil, leavening [baking soda, sodium aluminum phosphate, monocalcium phosphate], natural and artificial flavor, whey, soy flour, salt, vital wheat gluten, propylene glycol monoesters [an emulsifier], monoglycerides [an emulsifier], sodium stearoyl lactylate [an emulsifier])","['gluten', 'wheat', 'soybeans', 'dairy']"
6522,"dried molasses (refinery syrup, molasses)",[]
6523,reb a (a stevia leaf sweetener),[]
6524,artificial color (including fd&c yellow 6) frosted cupcake - sunflower lecithin,['sesame']
6525,and ferrous gluconate (an iron derivative),[]
6526,milk butter,['dairy']
6527,"disodium phosphate), salt, spinach powder, tomato powder, sugar, turmeric, red beet",[]
6528,"honey sesame sticks: (unbleached wheat flour [wheat flour, malted barley flour], soybean oil, sesame seeds, bulgur wheat, oat bran, honey coating [sugar, wheat starch, honey], salt, beet powder [color], turmeric [color], maltodextrin, xanthan gum)","['gluten', 'wheat', 'soybeans', 'sesame']"
6529,"apple jelly (sugar, water, apple juice concentrate, caramel (corn syrup, sweetened condensed milk (milk, skim milk, sugar), water, sugar, palm oil, modified food starch, natural and artificial flavors, sodium citrate, sodium alginate, mono-and diglycerides, soy lecithin, salt, potassium sorbate (preservative). sodium phosphate, and tartaric acid), pectin citric acid, malic acid, spice (cinnamon and nutmeg), preserved with sorbic acid)","['dairy', 'soybeans']"
6530,linseeds,[]
6531,chili powder salt,[]
6532,"chocolate (unsweetened cocoa, cocoa butter, erythritola , chicory root fiber, dextrina , whole milk powder (rbst free), milk fat (rbst free), organic soy lecithin, sunflower lecithin, stevia extract, vanilla extract)","['dairy', 'soybeans']"
6533,ancho chili powder,[]
6534,maple sugar,[]
6535,"bread crumbs (unbleached wheat flour, natural cane sugar, yeast, sea salt)","['gluten', 'wheat']"
6536,"lemon juice (filtered water, lemon juice concentrate, sodium bisulfite [preservative], sodium benzoate [preservative], lemon oil)",[]
6537,less than 2% of: dehydrated garlic,[]
6538,organic onion (bulb),[]
6539,sodium citrate (preservative),[]
6540,"beef base (roasted beef and concentrated beef stock, salt, hydrolyzed soy, corn and wheat protein, corn oil, sugar, autolyzed yeast extract, flavorings [contains oleoresin of celery seed], maltodextrin, whey, dextrose, caramel color)","['soybeans', 'wheat', 'dairy', 'celery']"
6541,red cayenne peppers,[]
6542,"bread: enriched wheat flour (wheat flour, niacin, reduced iron, thiamine mononitrate, riboflavin, folic acid)","['gluten', 'wheat']"
6543,organic red jalapeao peppers,[]
6544,"legvening (sodium acid pyrophosphate, sodium bicarbonate)",[]
6545,"chocolate chips and chunks (sugar, chocolate liquor, cocoa butter, dextrose, soy lecithin, vanillin)",['soybeans']
6546,chicken legs,[]
6547,"goat cheese (pasteurized goat's milk, sea salt, potassium sorbate [preservative], microbial enzyme, bacterial culture)",['dairy']
6548,pure honey,[]
6549,"spring mix (baby lettuces [lollo rossa, tango, red and green oak, red leaf, parella], baby greens [tatsoi, mizuna, red and green chard, red and green mustard, frisee], baby spinach, radicchio. ingredients may vary by season)",[]
6550,crushed orange puree,[]
6551,"milk chocolate (sugar, cocoa butter, dry whole milk, chocolate liquor, soy lecithin and pgpr (emulsifiers), vanilla flavor)","['dairy', 'soybeans', 'gluten']"
6552,natural flavors (coconut),[]
6553,"leavening (baking soda, sodium acid pyrophosphate sodium aluminum phosphate, aluminum sulfate)",[]
6554,caramel cups [sugar,[]
6555,"seasoned potatoes (russet potatoes [potatoes, dextrose], soybean oil, salt, garlic powder, black pepper)",['soybeans']
6556,r,[]
6557,and wheat flour,"['gluten', 'wheat']"
6558,organic garlic powder,[]
6559,"fontina cheese (cultured milk, enzymes, salt)",['dairy']
6560,lecithin,['soybeans']
6561,"relish (cucumbers, water, vinegar, dehydrated onions, salt, dehydrated garlic, alum, calcium chloride, xanthan gum, sodium benzoate (preservative), turmeric (color), high fructose corn syrup, water, egg yolks, vinegar, food starchmodified, nonfat dry milk, salt, mustard flour, xanthan gum, sodium benzoate (preservative), natural flavors, calcium disodium edta (preservative)","['eggs', 'dairy', 'mustard']"
6562,5% of: soy protein isolate,['soybeans']
6563,fudge swirl [corn syrup,[]
6564,emulsifier [water,[]
6565,contains up to 12% solution of water,[]
6566,"fish sauce (anchovy extract (fish), salt, sugar)",['fish']
6567,"pasta (white rice, brown rice, cauliflower)",[]
6568,dried green bell pepper,[]
6569,bifidus and l,[]
6570,fd & c yellow # 5,[]
6571,"noodle: enriched wheat wheat flour (niacin, iron, thiamin mononitrate, riboflavin, folic acid)","['gluten', 'wheat']"
6572,vegetable oil (soybean oil and/or palm oil),['soybeans']
6573,red pepper (canada),[]
6574,potassium sorbate and calcium disodium edta (to protect quality),[]
6575,"dark chocolate (cacao beans, pure cane sugar, cocoa butter, sunflower lecithin, vanilla beans)","['dairy', 'soybeans']"
6576,vegetable oils (from palm and shea),[]
6577,"dough conditioner (calcium sulfate, wheat starch, wheat flour enzymes, salt)","['gluten', 'wheat']"
6578,"polishing wax (carnauba wax, white mineral oil, beeswax)",[]
6579,"chicken flavor (chicken meat including chicken juices, salt, sugar, hydrolyzed soy and corn protein, potato flour, flavor, disodium inosinate/disodium guanylate and turmeric)",['soybeans']
6580,"egg roll filling (cabbage, seasoned sliced beef with water and binder product (beef, water, wheat flour, rice flour, soy sauce (water, wheat, soybeans, salt, alcohol, vinegar, lactic acid, contains 2% or less of: potato starch, sugar. salted seasoning sake (sake (water, rice, koji (aspergillus oryzae), sugar, water, salt, yeast extract), beef type flavor (maltodextrin, torula yeast, sugar, yeast extract, spices, natural flavor (contains smoke)), black malt extract (malted barley, water), garlic, natural flavor (natural extractive of rosemary with canola oil) spices, onion powder, eggs. fried in. vegetable oil), carrots, teriyaki seasoning (sugar, salt, soy sauce powder [(soybeans, salt), maltodextrin, salt), natural flavors, maltodextrin, white distilled vinegar powder (maltodextrin, white, distilled vinegar), onion powder, garlic, powder, spice), kale, contains 2% or less of: salt, sugar, soy protein concentrate, corn starch, potassium chloride, spices.), wrapper (wheat flour, water, palm oil, contains 2% or less of: salt, soy lecithin). fried in vegetable oil. sweet & sour sauce (water, sugar, white wine vinegar, pineapple juice concentrate, cornstarch, contains 2% bor less of: hot sauce (aged cayenne red peppers, vinegar. salt and garlic), salt, ginger, garlic, extractive of paprika, xanthan gum, natural flavors)","['eggs', 'soybeans', 'gluten', 'wheat']"
6581,mixed italian olives,[]
6582,and parsley,[]
6583,degermed corn,[]
6584,"minced pimiento (pimiento, sodium alginate, guar gum, calcium chloride, potassium sorbate)",[]
6585,pepper & basil,[]
6586,star aniseed and nutmeg,[]
6587,"basmati rice (water, basmati rice, expeller pressed canola oil, ginger, garlic)",[]
6588,apple filling [apples,[]
6589,"chili sauce (aged cayenne pepper, water, red bell pepper, garlic, vinegar, salt, chili de arbol pepper, potassium sorbate [preservative], sodium metabisulfate [preservative])","['sulphur dioxide', 'sulphites']"
6590,"pumpkin spice puree (pumpkin puree, water, natural flavors, annatto extract [color], salt, cinnamon, nutmeg, ginger, clove)",[]
6591,stabilizer,[]
6592,dehydrated basil,[]
6593,contains less than 2% of each of the following: natural cheese flavors,[]
6594,"sea salt), almonds, sesame sticks (enriched wheat flour (unbleached wheat flour, malted barley flour, niacin, iron {reduced iron}, thiamine mononitrate, riboflavin, folic acid], vegetable oil [soybean], sesame seeds, bulgur wheat, salt, beet powder color turmeric [color], salt)","['gluten', 'wheat', 'sesame', 'tree nuts']"
6595,"pili nut cream (filtered water, coconut cream, pili nut butter)",['tree nuts']
6596,organic pasteurized eggs (20%),['eggs']
6597,"yogurt malted milk balls ingredients: yogurt (sugar, partially hydrogenated palm kernel oil, nonfat milk powder, whole milk powder, yogurt powder (cultured whey and non fat milk), lactic acid, soy lecithin (an emulsifier), vanillin (artificial flavor), malt ball center (corn syrup, sugar, malted milk powder (barley malt, wheat, milk, bicarbonate of soda, salt), whey, vegetable oils (palm kernel, partially hydrogenated palm), cocoa (processed with alkali), skim milk, natural and artificial flavor and soy lecithin (an emulsifier) and confectioners glaze","['dairy', 'gluten', 'wheat', 'soybeans']"
6598,natural smoke flavor,[]
6599,"edam cheese (milk, salt, starter culture, enzymes)",['dairy']
6600,artificial maple flavor; salt,[]
6601,potassium sorbate (preservatives),[]
6602,"peanut butter cups (sugar, ground peanuts, cocoa butter, palm kernel oil, whole milk powder, unsweetened chocolate, coconut oil, lactose, salt, soy lecithin, vanilla)","['peanuts', 'dairy', 'lactose', 'soybeans']"
6603,mandarin orange puree,[]
6604,"vitamin c (sodium ascorbate, ascorbic acid) iron ferrous fumarate), vitamin a (palmitate), vitamin e (acetate), zinc (zinc oxide), niacinamide, vitamin b1 (thiamine mononitrate), vitamin b6 (pyridoxine hydrochloride), vitamin d (cholecalciferol), vitamin b2 (riboflavin), folic acid, vitamin b12 (cycanocobalamin)",[]
6605,"potato chips (potato, vegetable oil [sunflower oil, corn and canola oil], salt)",[]
6606,sorbitol contains 2% or less of the following: snow crab,['**shellfish']
6607,dehydrated onion and garlic,[]
6608,tilapia (oreochromis niloticus),['**fish']
6609,cellulose gell and gum,[]
6610,may contain 2% or less of turmeric,[]
6611,"milk chocolate (sugar, milk, cocoa butter, chocolate liquor, soy lecithin [an emulsifier], vanilla)","['dairy', 'soybeans']"
6612,white wine with sulphur dioxide,['sulphur dioxide']
6613,organic mangoes,[]
6614,pure gluten free oats,[]
6615,"tomato paste), catsup (tomato concentrate (water, tomato paste)",[]
6616,medium grain brown rice,[]
6617,"almonds (almonds, cottonseed oil, peanut oil, salt)",['tree nuts']
6618,"leavening blend (sodium acid pyrophosphate, sodium bicarbonate, cornstarch, monocalcium phosphate, calcium sulfate)",[]
6619,peppermint oil,[]
6620,contains 1% or less of lime juice concentrate,[]
6621,mct oil (medium chain triglycerides),[]
6622,"tajin clasico seasoning (chili peppers, sea salt, citric acid, dehydrated lime juice)",[]
6623,"golden raisins (sunflower oil, sulfur dioxide)",['sulphur dioxide']
6624,"organic enriched wheat flour (organic wheat flour, niacin, iron, thiamin, riboflavin, folic acid)","['wheat', 'gluten']"
6625,organic whole yellow corn flour,[]
6626,"tomatoes (tomatoes, salt)",[]
6627,dehydrated porcini mushrooms,[]
6628,nonfat yogurt (cultured nonfat milk),['dairy']
6629,turmeric (natural color),[]
6630,organic whole coconut puree,[]
6631,lactic acid (from vegetable fermentation),[]
6632,"(organic wheat flour, niacin, iron, thiamine mononitrate, riboflavin, folic acid)","['wheat', 'gluten']"
6633,organic refined coconut oil,[]
6634,"coffee sauce (glucose syrup, milk, sugar, coffee powder, pectin, carrageenan, coffee)",['dairy']
6635,artificial color (yellow 5 and yellow 6),[]
6636,rice bread crumbs,[]
6637,apocarotenal (color)],[]
6638,"seasoned cooked beef and pork (beef, pork, seasoning [flavorings, salt, spices, dextrose], tomato paste, salt, soybean oil)",['soybeans']
6639,"honey coating (sugar, honey, salt, wheat starch, calcium stearate [anticaking agent], soy lecithin)","['wheat', 'soybeans']"
6640,sodium stearolyl lactylate,[]
6641,spies,[]
6642,"ingredients: sauce: tomato puree (water, tomato paste)",[]
6643,purified stevia extract,[]
6644,malted barely,['**gluten']
6645,glucose fructose syrup (from wheat),"['wheat', 'gluten']"
6646,vegetable flavor,[]
6647,contains 2 percent or less of yeast,[]
6648,buffalo style sauce,[]
6649,"butter toffee peanuts (peanuts, sugar,butter [milk], salt)","['peanuts', 'dairy']"
6650,"vegetable oil (contains one or more of the following: corn oil, sunflower oil, safflower oil, or canola oil)",[]
6651,contains less than 2% of sodium lactate,[]
6652,"white balsamic vinegar (white wine vinegar, white grape must)",[]
6653,"caramel (corn syrup, sugar, condensed milk (milk, sucrose), hydrogenated palm oil, evaporated milk (disodium phosphate, carrageenan), soy flour, lecithin, monodiglyceride, vanillin and salt)","['dairy', 'soybeans']"
6654,organic cultured lowfat milk,['dairy']
6655,carmine color,[]
6656,acai puree,[]
6657,roasted peppers,[]
6658,grilled artichoke hearts,[]
6659,"expeller pressed oil (sunflower seed, safflower seed and/or canola)",[]
6660,"hydrogenated vegetable oils (palm kernel, soybean)",['soybeans']
6661,roasted red potatoes,[]
6662,cheese dip [water,['dairy']
6663,"organic seasoning blend 42% (tomato, rice flour, sea salt, roasted onion, cornstarch, glucose syrup, garlic, basil, oregano, celery tuber, linseed flour, sunflower protein, thyme, parsnip, onion, pregelatinized maize starch, pepper, savory, carrots, lovage, leek, sunflower oil, raw cane sugar, green cabbage, nutmeg, rosemary, parsley, mace, curcuma, caramel extract, coriander, carrots, fennel, fenugreek, chili, ginger)",['celery']
6664,"savory flavor (with yeast extract, natural flavor, soy sauce (wheat, soybeans, salt), maltodextrin, lactic acid, calcium lactate, salt)","['wheat', 'soybeans']"
6665,"organic tomato puree (water, tomato paste)",[]
6666,"cheddar club cheese (cheddar cheese [pasteurized milk, cheese culture, salt, enzymes], water, salt, annatto color, natamycin as a natural mold inhibitor)",['dairy']
6667,vegetable juice & beta carotene (color),[]
6668,"cooked chicken (chicken, water, rice starch, sea salt, rosemary)",[]
6669,less than 2% of: organic maple syrup,[]
6670,"sunflower kernels (sunflower kernels, peanut and/or sunflower oil)",['peanuts']
6671,organic toasted sesame seeds,['sesame']
6672,manganese citrate,[]
6673,"natural flavor (sesame, coconut)",['sesame']
6674,"artificial color (red 40 lake, yellow 6 lake, yellow 5 lake)",[]
6675,"seasoning (brown sugar, sugar, salt, paprika, spices, tomato powder, natural hickory smoke flavor, dehydrated onion, citric acid)",[]
6676,poblano chili peppers,[]
6677,"flavoring (salt, natural flavors, soybean oil)",['soybeans']
6678,niacin (niacinamide),[]
6679,"hummus (garbanzo beans, sesame tahini, water, lemon juice, sea salt. contains 2% or less of: garlic puree [garlic, citric acid], spices)",['sesame']
6680,contains 2% or less of vinegar,[]
6681,ethoxylated monodiglycerides,[]
6682,soybean and partially hydrogenated soybean oils,['soybeans']
6683,natural vanilla flavor (medium chain triglycerides natural flavor),[]
6684,"whole grain buckwheat flour; whole wheat flour; leavening (monocalcium phosphate, baking soda); dextrose; salt","['gluten', 'wheat']"
6685,fd&c red 3,[]
6686,"organic colors from concentrate (carrot, radish, apple)",[]
6687,"cold brew coffee (water, coffee)",[]
6688,dehydrated green & red bell pepper,[]
6689,"chicken and beef (pork, mechanically separated chicken, beef, salt, contains 2% or less of spices, dextrose, lactic acid starter culture, oleoresin of paprika, sodium ascorbate, natural smoke flavoring, flavoring, sodium nitrite, bha, bht, citric acid)",[]
6690,ancho pepper,[]
6691,"crust: (wheat flour, water, corn oil, yeast, salt)","['gluten', 'wheat']"
6692,fructan (nutraflora soluble fiber),[]
6693,tricalcium phosphate (calcium source),[]
6694,lacinato tuscan kale,[]
6695,"balsamic vinaigrette (non-gmo expeller pressed canola oil, balsamic vinegar, red wine vinegar, filtered water, honey, soy sauce [water, wheat, soybeans, salt], mustard [vinegar, mustard seed, salt, spices, turmeric], sugar, garlic, menhaden oil, sea salt, black pepper, xanthan gum)","['wheat', 'soybeans', 'mustard']"
6696,organic chaga mushroom powder,[]
6697,"yogurt flavored raisins [yogurt coating (sugar, partially hydrogenated palm kernel oil, whey, titanium dioxide, whole milk, yogurt powder (nonfat milk, lactic acid), palm oil, soy lecithin (an emulsifier), salt, natural vanilla)","['dairy', 'soybeans']"
6698,"celery juice powder (cultured celery powder, sea salt)",['celery']
6699,canola oil and/or partially hydrogenated soybean oil,['soybeans']
6700,salt},[]
6701,"enriched wheat flour bleached (flour niacin, iron, thiamine mononitrate, riboflavin, folic acid)","['wheat', 'gluten']"
6702,spice & color,[]
6703,"semisoft and blue cheese (pasteurized milk, cheese cultures, salt, enzymes)",['dairy']
6704,"chocolate cookies (wheat flour, sugar, palm and palm kernel oil, cocoa processed with alkali, salt, sodium bicarbonate, natural flavor, soy lecithin)","['wheat', 'gluten', 'soybeans']"
6705,peanut butter cups {sugar,['peanuts']
6706,natural flavor & garlic,[]
6707,spice extractives and natural flavors (including lemon extract),[]
6708,seasoning ingredients: sugar,[]
6709,organic cooked red quinoa,[]
6710,lactic starters,[]
6711,"guajillo pepper puree (water, guajillo peppers, citric acid)",[]
6712,sprouted organic barley,[]
6713,"molasses powder (with molasses, wheat starch and soy lecithin)","['wheat', 'soybeans']"
6714,sorbic acid (to maintain freshness),[]
6715,onion (0.3%),[]
6716,rice concentrate (added as a flow agent),[]
6717,contains less than 2% of: dipotassium phosphate,[]
6718,almond flavor,['tree nuts']
6719,"acidity regulators (sodium hydroxide, calcium carbonate)",[]
6720,"salted caramel flavored coating (sugar, palm kernel oil, nonfat dry milk solids, whole milk solids, salt, artificial color [yellow lake 6, yellow lake 5, blue lake 2], soy lecithin, natural flavor)","['dairy', 'soybeans']"
6721,contains sulfites,['sulphites']
6722,"red wine (red wine, salt)",[]
6723,crab brown meat,['shellfish']
6724,mono and diglycerides (bht and citric acid),[]
6725,"anti-caking powder blend (potato starch, powdered cellulose, natamycin a mold inhibitor)",[]
6726,"color (water, yellow 5, yellow 6, citric acid)",[]
6727,natural vanilla bean powder,[]
6728,noodle: water,[]
6729,contains less than 2% of the following: graham flour,"['wheat', 'gluten']"
6730,"monterey jack cheese (pasteurized milk, cheese cultures, sea salt, vegetable enzymes, powdered cellulose [to prevent caking])",['dairy']
6731,"organic wheat (organic wheat flour, organic whole wheat flour, organic cracked wheat)","['wheat', 'gluten']"
6732,"organic white cheddar cheese seasoning (organic whey, organic cheddar cheese powder [organic milk, cultures, salt, enzymes, disodium phosphate], sea salt, natural flavor)",['dairy']
6733,"ascorbic acid [vitamin c]), soy lecithin",['soybeans']
6734,organic cassava,[]
6735,"gingerbread flavored white chocolate almonds (white chocolate [sugar, cocoa butter, milk, soy lecithin, natural flavor], almonds, vegetable oil [peanut oil, cottonseed oil, soybean oil and/or sunflower oil], contains less than 1% of the following: cinnamon, natural flavor, acacia, sugar, confectioner's glaze)","['dairy', 'peanuts', 'tree nuts']"
6736,white balsamic vinegar solids,[]
6737,"cocoa drops (sugar, vegetable oil [palm kernel oil, coconut oil, palm oil], cocoa powder processed with alkali, dextrose, cocoa powder, whey [milk], soy lecithin, vanillin [an artificial flavor])","['dairy', 'soybeans']"
6738,"unbleached enriched flour (wheat flour, niacin, reduced iron, thiamine mononitrate, riboflavin, folic acid)","['wheat', 'gluten']"
6739,"annatto (color, blue cheese flavor (blue cheese [milk, cultures, salt, enzymes)], water, sodium phosphate)",['dairy']
6740,organic fresh garlic,[]
6741,contains less than 2% of the following: peanut oil,['peanuts']
6742,white wine vinegar (contains sulfites),['sulphites']
6743,less than 2% of: milk,['dairy']
6744,"chicken base (yeast extract, dried soy sauce (hydrolyzed soy protein, corn syrup solids, salt), salt, soybean oil, natural flavorings)",['soybeans']
6745,oleoresin paprika and oleoresin turmeric (colors),[]
6746,"enriched bleached flour (bleached wheat flour, niacin, reduced iron, thiamine mononitrate, riboflavin, folic acid)","['wheat', 'gluten']"
6747,tripotassium phosphate,[]
6748,"cream powder (cream, nonfat milk, sunflower lecithin)","['dairy', 'soybeans']"
6749,strawberry lemonade: glycerine,[]
6750,"lemon powder (salt, natural lemon flavor)",[]
6751,carrot1,[]
6752,xanthan gum (a natural thickener),[]
6753,"confectionary snowman pieces (sugar, coconut oil, skim milk, milk, palm kernel oil, cocoa processed with alkali, milkfat, annatto color, soy lecithin, cocoa, natural flavor, salt)","['dairy', 'soybeans']"
6754,"cyanocobalamin [vitamin b12]), sunflower oil, natural and artificial flavors, potassium phosphate, inulin, mono and diglycerides, salt, sodium hexametaphosphate, cellulose gel, sodium ascorbate (vitamin c), sucralose, carrageenan, cellulose gum, acesulfame potassium, sugar",[]
6755,"powdered sugar (sugar, corn starch)",[]
6756,aloe juice,[]
6757,"white chocolate (sugar, cocoa butter, skim milk, milkfat, soy lecithin, salt, natural flavor)","['dairy', 'soybeans']"
6758,"cheese blend (skim milk cheese [skim milk, whey protein, cheese culture, salt, enzymes], natural flavor xanthan gum, cheddar cheese flavor [cheddar cheese {milk, cheese culture, salt, enzymes}, water, cream, natural flavors, salt, yeast extract, sodium phosphate, sodium citrate, xanthan gum)","['dairy', 'gluten', 'wheat']"
6759,"vegetable oils (soybean, canola)",['soybeans']
6760,"blueberry variegate (cane sugar, blueberries, non-gmo corn starch, natural flavors, citric acid)",[]
6761,"turkey meatloaf (ground turkey, meatloaf glaze [tomato paste, water, brown sugar, distilled vinegar, salt, onion powder, garlic powder, spices], feta crumbles [pasteurized milk, salt, cheese cultures, enzymes], spinach, 2% milk [reduced fat milk, vitamin a palmitate and vitamin d3 added], whole egg, onion, bread crumb [wheat flour, raw sugar, soybean oil, salt, yeast, canola oil], sea salt, dehydrated garlic, black pepper, red pepper)","['dairy', 'eggs', 'wheat', 'soybeans']"
6762,soy lecithin-an emulsifier,['soybeans']
6763,"pistachio flavor (corn syrup, high fructose corn syrup, pistachio paste [pistachios, partially hydrogenated canola oil], water, natural flavor, yellow 5, blue 1, soy lecithin)","['tree nuts', 'soybeans']"
6764,disodium pyrophosphate to maintain color,[]
6765,"mct oil blend (palm kernel, palm, coconut)",[]
6766,"strawberries (strawberries, water, sugar, strawberry flavor, natural flavor, citric acid, guar gum, carrageenan)",[]
6767,potassium sorbate and sodium bnzoate (as a preservative),[]
6768,less than 1%: natural and artificial flavors,[]
6769,"caramel pieces (sugar, glucose syrup, butter oil, natural flavoring, salt, soy lecithin [emulsifier])",['soybeans']
6770,chili pepper extract,[]
6771,chipotle chiles,[]
6772,"sauce (water, tomatoes, sugar, salt, modified food starch, spices, dehydrated garlic, citric acid)",[]
6773,"caesar dressing (soybean oil, water, egg yolks, distilled vinegar, romano cheese [pasteurized cow's milk, cheese cultures, salt, enzymes], parmesan cheese [pasteurized part-skim milk, cheese cultures, salt, enzymes], sugar, salt, dehydrated garlic, lemon juice concentrate, spice, xanthan gum, lactic acid, dehydrated onion)","['dairy', 'eggs', 'soybeans']"
6774,"bacon pieces (water, salt, sugar, smoke flavor, sodium phosphates, sodium erythorbate, sodium nitrite)",[]
6775,seafood blend {minced fish [pollock,['fish']
6776,mango puree from concentrate,[]
6777,"caramel sauce (coconut cream, sugar, water, molasses, salt, vanilla extract, arrowroot powder, xanthan gum)",[]
6778,"seasoning (natural flavoring, buttermilk powder, yeast extract, maltodextrin, whey powder, lactic acid, calcium lactate, malic acid, mannitol)",['dairy']
6779,corn (flour and/or grits),[]
6780,strawberry topping [sugar,[]
6781,encapsulated citric acid,[]
6782,organic dried marjoram,[]
6783,gouda cheese [pasteurized milk,['dairy']
6784,"monterey jack and white cheddar cheeses (pasteurized milk, culture, salt, enzymes)","['dairy', 'gluten', 'wheat']"
6785,"cabbage (cabbage, salt)",[]
6786,"cheddar and blue cheeses (pasteurized milk, cheese cultures, salt, enzymes)",['dairy']
6787,brown mushrooms,[]
6788,"parmesan cheese (pasteurized cow milk, cheese cultures, salt, enzymes, corn starch & cellulose (anti-caking agents), sorbic acid (as a preservative))",['dairy']
6789,crushed cookies: sugar,[]
6790,"margarine (palm oil, water, soybean oil, salt, mono- and diglycerides, calcium disodium edta [preservative], annatto color, artificial flavor, vitamin a palmitate)",['soybeans']
6791,serrano peppers,[]
6792,"vanilla), pretzels (enriched wheat flour (wheat flour, niacin, reduced iron, thiamine mononitrate, riboflavin, folic acid)","['gluten', 'wheat', 'eggs']"
6793,"white chocolate drops (sugar, cocoa butter, milk, nonfat dry milk, soy lecithin [an emulsifier], and vanilla)","['dairy', 'soybeans']"
6794,salt lactic acid,[]
6795,"whole grain toast (whole wheat flour, soybean oil, pumpkin seeds, flax seeds, rolled oats, hulled millet, less than 2% of sugar, salt, yellow cornmeal, yeast, malted barley flour, oat fiber, wheat gluten, onion, garlic, natural flavor, ascorbic acid to maintain freshness)","['gluten', 'wheat', 'soybeans']"
6796,dried vegetable packet (spring onion flake),[]
6797,organic baobab,[]
6798,"guacamole spread (mayo [soybean oil, water, egg, vinegar, sugar, salt, mustard flour, garlic & onion powders, spice, edta)","['eggs', 'soybeans', 'mustard']"
6799,"flavor (yeast extract, potato maltodextrin, salt, natural flavor)",[]
6800,sesame seed oil (sesame),['sesame']
6801,natural flavour,[]
6802,"unbleached enriched wheat flour (wheat flour, malted barley flour, niacin, iron, thiamin hydrochloride, riboflavin, folic acid)","['wheat', 'gluten']"
6803,vanilla bean seeds,[]
6804,"deluxe ham water added (fresh ham, water, salt, sugar, dextrose, less than 2% sodium phosphate, sodium erythorbate, sodium nitrite)",[]
6805,toppings: freeze dried green onion,[]
6806,malted barley extract,[]
6807,whole corn,[]
6808,culture (rhizopus oligosporus),[]
6809,"dehydrated vegetable blend (carrot, onion, cabbage, tomato, parsley, red and green peppers)",[]
6810,"crust: bleached wheat flour enriched (niacin, reduced iron, thiamine mononitrate, riboflavin, folic acid, malted barley flour, potassium bromate)","['wheat', 'gluten']"
6811,canola and/or soybean and/or palm oil with tbhq added for freshness,['soybeans']
6812,tropical ingredients: carbonated water,[]
6813,native tapioca starch,[]
6814,roasted red pepper puree,[]
6815,and buttermilk,['dairy']
6816,dry milk powder,['dairy']
6817,"dough conditioners (datem, ascorbic acid, ammonium sulfate, calcium sulfate, enzymes, l-cysteine hydrochloride, azodicarbonamide)",[]
6818,dextrose (d-glucose),[]
6819,beta-apo-8'-carotenal and beta-carotene,[]
6820,"chocolate(sugar, chocolate liquor, chocolate liquor processed with potassium carbonate, cocoa butter, butter oil, soy lecithin [ emulsifier] , and vanilla)","['soybeans', 'dairy']"
6821,"natural sprinkles (sugar, palm kernel oil, corn starch, sunflower lecithin, vegetable juice, annatto extract, spirulin extract, turmeric, betacarotene, maltodextrin, carnauba wax, cellulose gum)",[]
6822,non-alkalized cocoa,[]
6823,25% of weight is added ingredients,[]
6824,artificial colors [fd&c red #40,[]
6825,"honey powder (maltodextrin, honey)",[]
6826,liquid egg (free range egg and salt),['eggs']
6827,wheat protein isolate,"['wheat', 'gluten']"
6828,"sodium benzoate [maintains freshness]), seasoning dehydrated vegetables [tomato, onion, garlic, red & green bell peppers], spice, salt], citrus fiber, sodium benzoate & potassium sorbate (maintains freshness)",[]
6829,vinegar and vanilla beans,[]
6830,organic pepper extract,[]
6831,jalapeao powder,[]
6832,natural anise flavor,[]
6833,"enrichment (thiamin mononitrate, riboflavin, niacin, folic acid, reduced iron, ferrous fumarate, zinc citrate, zinc oxide, vitamin a palmitate)",[]
6834,milk chocolate coating: sugar,['dairy']
6835,"filling: cheese blend (low moisture part-skim mozzarella cheese [cultured pasteurized part-skim milk, salt, enzymes], ricotta cheese [whey, whole milk, cream, vinegar, and xanthan gum, locust bean gum, guar gum {stabilizers}], four cheese flavor [cheese blend {cheddar cheese, parmesan cheese, romano cheese, and mozzarella cheese (pasteurized milk, cultures, salt, enzymes), whey protein concentrate, maltodextrin, salt}], cooked meatballs (beef, pork, water, romano cheese [pasteurized sheep's milk, cheese cultures, salt, enzymes], breadcrumbs [wheat flour, sugar, salt, yeast, canola oil], soy protein concentrate, ricotta cheese [whey, pasteurized whole milk, vinegar, salt], salt, natural flavorings, brown sugar, spices, dehydrated parsley), pizza sauce (water, tomato paste, spice blend [sugar, salt, spices, less than 2% silicon dioxide added to prevent caking], guar gum, soybean oil, garlic puree [garlic, water]), pepperoni bha, bht, and citric acid added to help protect flavor (pork, beef, salt, contains 2% or less of: sugar, spices, oleoresin of paprika, sodium ascorbate, natural flavorings, garlic powder, dextrose, lactic acid starter culture, sodium nitrite, bha, bht, citric acid). topping: parmesan and romano cheese blend (parmesan cheese [made from cow's milk, salt, enzymes], romano cheese [made from cow's milk, salt, enzymes], powdered cellulose/starch blend added to prevent caking), breadcrumbs (bleached flour, water, vegetable oil [soybean oil, cottonseed oil, and/or canola oil), salt, yeast, contains 2% or less of the following: sugar, dextrose)","['dairy', 'wheat', 'gluten', 'soybeans']"
6836,reduced-lactose whey,"['dairy', 'lactose']"
6837,lactic acid},[]
6838,"pasteurized process white cheddar cheese (cheddar cheese [milk, cheese culture, salt, enzymes], water, whey, milkfat, whey protein concentrate, nonfat milk, sodium citrate, contains less than 2% of lactic acid, salt)",['dairy']
6839,"color (red beet and elderberry juice concentrate, raspberry powder)",[]
6840,soy lecithin (non stick agent),['soybeans']
6841,organic dried red bell peppers,[]
6842,"seasoned butter sauce (water, salted butter [cream, salt], modified corn starch, chicken broth base [salt, sugar, dried chicken broth, maltodextrin, chicken fat, torula yeast extract, onion powder, natural flavoring, canola oil], salt, spices, xanthan gum)",['dairy']
6843,"sausage (pork, water, spices, corn syrup solids, salt, sodium phosphate, garlic)",[]
6844,"kale pesto (kale, canola/olive oil blend, parmesan cheese [pasteurized cow's milk, cheese culture, salt, enzymes], parsley, garlic, lemon juice concentrate, citric acid, black pepper and salt)",['dairy']
6845,"dark chocolate flavored drizzle (sugar, hydrogenated palm kernel oil, cocoa powder processed with alkali, buttermilk, cocoa powder, milkfat, hydrogenated palm oil, sorbitan monostearate, soy lecithin, polysorbate 60, natural and artificial flavor)","['dairy', 'soybeans']"
6846,(pyridoxine hydrochloride),[]
6847,pear puree with ascorbic acid,[]
6848,"parmesan cheese (pasteurized part skim milk, cheese cultures, salt, enzymes)",['dairy']
6849,soybean oil and/or partially hydrogenated soybean oil,['soybeans']
6850,"vegetable oil (canola, soybean and/or sunflower oil)",['soybeans']
6851,tamarind artificial,[]
6852,sherry wine vinegar,[]
6853,"soy sauce (water, salt, soybean, wheat)","['soybeans', 'wheat']"
6854,"margarine (soybean oil, palm oil, water, salt, whey [milk], soy lecithin, monoglycerides, natural flavor, vitamin a palmitate, vitamin d3)","['soybeans', 'dairy']"
6855,"organic pizza sauce (water, organic tomato paste, organic extra virgin olive oil, sea salt, organic dehydrated onion, organic onion powder, naturally derived citric acid, organic oregano, organic basil, organic black pepper, organic garlic powder)",[]
6856,"cooked rice noodles (water, rice)",[]
6857,100% orange juice not from concentrate,[]
6858,chocolate coating: unsweetened chocolate,[]
6859,prepared pinto and pink beans,[]
6860,onions,[]
6861,2% or less of corn,[]
6862,"seasoning (salt, spices, natural hickory smoke flavor, dehydrated onion and garlic, paprika, caramel color, turmeric, natural flavor)",[]
6863,olive extract (antioxidant used as a preservative),[]
6864,"ginger puree (ginger, high fructose corn syrup)",[]
6865,lysozyme (egg),['eggs']
6866,soluble crab spice,['**fish']
6867,cooked pasta and vegetables: water,[]
6868,"ingredients: cold-brewed coffee (water, coffee)",[]
6869,"vegetable oil (contains one or more of the following: palm oil, sheanut oil and ape butter)",[]
6870,sweet pickles,[]
6871,guar gum fiber,[]
6872,"white chicken meat (white chicken meat, water, modified food starch, paprika, salt, sodium phosphate, dehydrated onion, dehydrated garlic, black pepper, ground celery)",['celery']
6873,ruby red grapefruit juice concentrate,[]
6874,"mesquite smoked sea salt seasoning dry rub packet (maple sugar, smoked sea salt, spice, natural smoke flavor and silicon dioxide [added to prevent caking])",[]
6875,"enriched wheat flour (wheat flour, malted barley flour, niacin, iron, thiamin mononitrate, riboflavin, folic acid)","['wheat', 'gluten']"
6876,and polyphosphates (to retain moisture),[]
6877,grade a pasteurized cultured low fat milk,['dairy']
6878,"monterey jack cheese with jalapeno peppers (pasteurized milk, red, green jalapeno peppers, cheese culture, salt, enzymes)",['dairy']
6879,"yellow 5 and yellow 6). battered with water, food starch-modified, rice flour, tapioca dextrin, leavening (sodium acid pyrophosphate",[]
6880,lime flavor,[]
6881,"smoked salmon (pink salmon, water, brown sugar, salt, brown sugar bourbon, natural wood smoke) and natural flavors",['**fish']
6882,"apple (apple, calcium ascorbate fcc {to prevent discoloration})",[]
6883,turmeric and lemon juice concentrate,[]
6884,contains 2% or less of the following: whole eggs,['eggs']
6885,"goat cheese (pasteurized organic goat milk, vegetal rennet, cheese culture, salt)",['dairy']
6886,condensed skim-milk,['dairy']
6887,dehydrated minced onions,[]
6888,"cooked pasta sheets (2% albumin durum flour[durum wheat flour, niacin, ferrous sulfate, thiamine mononitrate, riboflavin, folic acid], water, semolina [wheat flour, niacin, iron, thiamine mononitrate, riboflavin, folic acid], whole egg)","['wheat', 'eggs', 'gluten']"
6889,sulfured,"['sulphur dioxide', 'sulphites']"
6890,paprika oleoresin [color],[]
6891,natural flavor blend: natural maple flavor,[]
6892,sulfite free coconut,[]
6893,fractionated palm kernel oil; less than 2% of the following: natural flavor,[]
6894,coffee concentrate,[]
6895,rice cooking wine,[]
6896,blanched organic almonds,['tree nuts']
6897,contains 2% or less of: artificial flavor beta-carotene (color),[]
6898,red chile pods,[]
6899,contains 2% or less of orange juice concentrate,[]
6900,tocopherols and ascorbyl palmitate to help protect freshness],[]
6901,vegetable juice extract (for color),[]
6902,"ingredients: unbleached enriched flour (wheat flour, niacin, reduced iron, thiamine mononitrate {vitamin b1)","['wheat', 'gluten']"
6903,salt & garlic,[]
6904,potassium sorbate and calcium disodium edta (preservatives),[]
6905,"leavening (disodium pyrophosphate, sodium acid pyrophosphate, sodium bicarbonate)",[]
6906,organic beets,[]
6907,skinless chicken breast fillets containing up to 32% of a solution of: tomato basil sauce [water,[]
6908,less than 2% of: modified food starch,[]
6909,"sweetened dried cranberries (sugar, cranberries, sunflower oil)",[]
6910,natural hickory smoked boneless turkey breast [turkey breast,[]
6911,"marshmallow binder (maltitol, palm kernel oil, corn maltodextrin, egg whites, glycerin, titanium dioxide, soy lecithin, salt, natural and artificial flavors)",['eggs']
6912,organic split green peas,[]
6913,freshly roasted peanuts,['peanuts']
6914,anti oxidant (ascorbic acid e300),[]
6915,"dehydrated vegetables (carrot, peas, corn, onion, garlic, tomato)",[]
6916,contains 2% or less of each of the following: natural and artificial flavor,[]
6917,a coffee,[]
6918,organic baby red oak lettuce,[]
6919,our delicious ingredients: potatoes,[]
6920,"topping: salted caramel clusters (white coating (sugar, palm kernel oil, nonfat dry milk, whole milk powder, soy lecithin, salt), sugar, fudge coating (sugar, palm kernel oil, cocoa powder, whole milk powder, soy lecithin, salt), water, salt, natural flavors, caramel color, annatto)",['dairy']
6921,"vegetable oil (hydrogenated and/or partially hydrogenated palm kernel, palm and/or coconut oil)",[]
6922,"2% or less of semi-sweet chocolate morsels (sugar, chocolate, milkfat, cocoa butter, soy lecithin, natural flavors)",['dairy']
6923,"semi-sweet chocolate chunks (sugar, chocolate liquor, cocoa butter, dextrose, soy lecithin, vanillin [artificial flavor])",[]
6924,imitation crab meat [water,['**mollusks']
6925,onion & spices,[]
6926,"bowl (cooked rice, sauce (water, brown sugar, soy sauce (water, wheat, soybeans, salt, alcohol, vinegar, lactic acid), miso (soybeans, rice, salt, koji [aspergillus oryzae]), wine vinegar, corn starch, molasses, contains 2% or less of: garlic, red chili peppers, ginger, potassium chloride, xanthan gum, spices), lightly breaded chicken (chicken white meat, wheat flour, water, contains 2% or less of: potato starch, soy sauce (water, wheat, soybeans, salt), salt, soy protein concentrate, yeast extract, spices, eggs. fried in vegetable oil), broccoli, carrots.)","['wheat', 'soybeans', 'eggs']"
6927,saba bananas,[]
6928,eden sea salt,[]
6929,"colors added (yellow 5 lake, blue 1 lake)",[]
6930,milk protein isolates,['dairy']
6931,contains 2% or less of: mustard,['mustard']
6932,natural romano cheese flavor,['**dairy']
6933,contains less than 2% of the following: citric acid,[]
6934,"ingredients: enriched bleached flour (wheat flour, niacin, reduced iron, thiamin mononitrate, riboflavin, folic acid)","['wheat', 'gluten']"
6935,calcium and sodium caseinate,['dairy']
6936,enzymes (wheat starch. microcrystalline cellulose),[]
6937,"uncured ham (pork, water, vinegar, brown sugar, salt, sugar, dehydrated bell peppers, extractive of paprika, natural flavors, celery powder)",['celery']
6938,yellow mustard flour,['mustard']
6939,"protein blend (soy protein isolate, whey protein concentrate, milk protein isolate, whey protein isolate)","['soybeans', 'dairy']"
6940,and cyanocobalamin (b12)],[]
6941,sulfur dioxide to maintain color,['sulphur dioxide']
6942,black raspberry puree [corn syrup,[]
6943,organic grilled zucchini,[]
6944,cocoa ingredients: sugar,[]
6945,fiber,[]
6946,cabbage extract,[]
6947,"emulsifier blend (mono- and diglycerides, soy lecithin, polysorbate 60)",[]
6948,sodium carboxy methylcellulose (stabilizer),[]
6949,vegetable oil (palm and/or corn oil),[]
6950,acacia gum (gum arabic),[]
6951,salt contains 2% or less of spices,[]
6952,contains less than 2% of the following: artificial flavor,[]
6953,and not more than 2% silicon dioxide (added to prevent caking),[]
6954,radish,[]
6955,"cream cheese (cultured milk and cream, salt, carob bean gum)",['dairy']
6956,rapeseed oil,[]
6957,organic green bell pepper,[]
6958,"buttermilk flavor (maltodextrin, natural flavor)",['dairy']
6959,yeast extract,[]
6960,"coating (coconut oil, maltitol, cocoa powder, unsweetened chocolate, whey powder, soybean oil, cocoa powder processed with alkali, soy lecithin, artificial flavor)","['soybeans', 'dairy']"
6961,"artificial flavors and artificial colors (fd & c red no.40, titanium dioxide)",[]
6962,"ranch dressing (canola oil, nonfat buttermilk [whey, water, skim milk powder, corn starch, tapioca starch, carrageenan, locust bean gum, culture], water, maltodextrin, white wine vinegar, egg yolk, salt, sugar, buttermilk powder, distilled vinegar, seasoning blend [salt, maltodextrin, modified corn starch, dried onion, dried garlic, autolyzed yeast extract, natural flavor, spice, parsley, guar gum], sodium citrate, dextrose, xanthan gum, butter [cream, salt], dried garlic, dried onion, spices, mustard flour, natural flavors, modified corn starch)","['dairy', 'eggs', 'mustard']"
6963,english walnuts,['tree nuts']
6964,"vegetable oil ([palm, soybean and/or cottonseed oils], citric acid [preservative])",['soybeans']
6965,"blue cheese chunks (water, blue cheese [cultured pasteurized milk, salt, enzymes], palm oil, sodium and calcium caseinates, salt, lactic acid, cellulose gum, sodium phosphates, potassium sorbate [a preservative], xanthan gum, locust bean gum)",['dairy']
6966,natural fruit extractive,[]
6967,"contains 2% or less of the following: honey powder (honey, high fructose corn syrup, wheat starch, corn syrup)",['wheat']
6968,d-calcium pantothenate (vit b5),[]
6969,sauteed garlic flavor,[]
6970,contains less than 2% of each of the following: food starch-modified (corn),[]
6971,"protein blend (water, nonfat milk, whey protein concentrate, soy protein isolate)","['dairy', 'soybeans']"
6972,anhydrous citric acid,[]
6973,organic caramel flavor,[]
6974,"spices (including paprika (for color), chili pepper, oregano, bay leaves)",[]
6975,cayenne pepper powder,[]
6976,casei cultures,[]
6977,"chocolate chips (cane sugar, chocolate liquor, cocoa butter, sunflower lecitin (an emulsifier), vanilla extract)",['tree nuts']
6978,"sour cream solids (sour cream [cream, cultures, lactic acid], cultured nonfat dry milk solids, citric acid)",['dairy']
6979,dry onions,[]
6980,malic acid (provide tartness),[]
6981,"enriched flour (wheat flour, niacin, reduced iron, thiamin mononitrate, riboflavin, folic acid)","['wheat', 'gluten']"
6982,"seasoning (maltodextrin, flavor, enzyme modified butterfat)",[]
6983,organic red chili pepper,[]
6984,"enriched flour (wheat flour, enzyme, niacin, reduced iron, thamin mononitrate (vitamin b1), riboflavin (vitamin b2), folic acid)","['wheat', 'gluten']"
6985,oyster juice,['fish']
6986,"apple juice from concentrate (water, concentrated apple juice)",[]
6987,"probiotic live active culture (s. thermophilus, lactobacillus delbruckii subsp. lactis, lactobacillus acidophilus, bifidobacterium lactis)",[]
6988,contains 2% or less of the following: food starch-modified,[]
6989,isolated carrot product,[]
6990,powered cellulose (to prevent caking),[]
6991,frozen almond mix: water,['tree nuts']
6992,iron (ferrous sulfate),[]
6993,pectinase,[]
6994,filling: water,[]
6995,"milk chocolate (sugar, cocoa butter, unsweetened chocolate, nonfat dry milk, milkfat, soy lecithin [emulsifier], polyglycerol polyricinoleate [emulsifier], vanillin [artificial flavor])","['dairy', 'soybeans']"
6996,"diced pickles (cucumbers, sugar, water, salt, vinegar, alum, natural and artificial flavors, turmeric, benzoate of soda)",[]
6997,contains less than 2% of: cellulose gel,[]
6998,garam masala (spices),[]
6999,bulgaris,[]
7000,contains less than 2% of: pecan pieces,['tree nuts']
7001,"non-gmo rice milk (filtered water, brown rice [partially milled], expeller pressed canola oil and/or safflower oil and/or sunflower oil, tricalcium phosphate, sea salt, vitamin a palmitate, vitamin d2, vitamin b12)",['soybeans']
7002,"wafers (wheat flour, sugar, caramel color, dextrose, palm oil, corn flour, contains 2% or less of corn syrup, cocoa processed with alkali, food starch-modified, salt, soy lecithin, mono and diglycerides, baking soda)","['wheat', 'gluten', 'soybeans']"
7003,cellulose gel,[]
7004,hydrogenated vegetable oil [palm kernel oil and/or palm oil],[]
7005,"pork (cured with water, salt, sodium erythorbate, and sodium nitrite)",[]
7006,passions fruit concentrate,[]
7007,"vegetable shortening (palm oil, soybean oil, canola oil, vitamin e [added as an antioxidant])",['soybeans']
7008,donut glaze stabilizer,[]
7009,natural & artificial flavor (includes coconut),[]
7010,"vegetable stock (water, onions, cabbage, celery, mushrooms, carrots, turnips, black peppercorns, mustard seed, dill weed, thyme, bay leaves, marjoram)","['celery', 'mustard']"
7011,butter flavour,['dairy']
7012,whey permeate powder,['dairy']
7013,"chicken broth (water, chicken bones, tomato, onion, carrots, celery, dehydrated chicken stock [chicken stock, sea salt, sugar chicken fat, onion powder, natural flavor, carrot juice concentrate, celery juice concentrate rosemary extract, turmeric extract (color)], garlic, salt, parsley, coconut vinegar, black pepper, chicken fat, natural flavor, bay leaf)",['celery']
7014,worcestershire sauce {water,[]
7015,"crust (enriched flour [wheat flour, niacin, reduced iron, thiamine mononitrate, riboflavin, folic acid], water, yeast, sugar, soybean oil, natural flavor [contains milk])","['wheat', 'gluten', 'dairy', 'soybeans']"
7016,contains 2% or less of each of the following: vegetable oil (soybean and/or cottonseed oils),['soybeans']
7017,"roasted almonds (almonds, cottonseed oil)",['tree nuts']
7018,"vegetable oil (canola, high oleic sunflower, corn)",[]
7019,"cranberry juice (filtered water, fruit juice concentrates)",[]
7020,"milk derived protein blend (milk protein isolate, whey protein isolate, whey protein concentrate)",['dairy']
7021,"aged parmesan cheese (part skim milk, cheese cultures, salt & non-animal rennet)",['dairy']
7022,apple cider vinegar,[]
7023,florentinus,[]
7024,"vegetable oil (coconut, palm kernel, palm)",[]
7025,spices (including mustard and celery seed),"['celery', 'mustard']"
7026,organic medjool dates,[]
7027,"organic tomato puree (water, organic tomato paste)",[]
7028,fd & c yellow 6,[]
7029,less than 2% of garlic,[]
7030,pumpkin spice flavor,[]
7031,mahi mahi,['fish']
7032,confectionery glaze (shellac),['shellfish']
7033,"raspberry filling (high fructose corn syrup, water, corn syrup, red raspberries, food starch-modified, dried apples [apples, calcium stearate {preservative}], contains 2% or less of: blue 1, cellulose gel, cellulose gum, citric acid, natural and artificial flavor, potassium sorbate {preservatives}, sodium benzoate {preservatives}], red 40, salt, sodium citrate)",[]
7034,"chocolate flavored flakes (sugar, coconut oil, cocoa powder processed with alkali, cocoa powder, salt, soy lecithin, natural flavor)",['soybeans']
7035,"chipotles (chipotle peppers, water, tomato paste, salt, sugar, onion, vinegar)",[]
7036,mono-and diglycerides sorbitan monostearate monoglycerides,[]
7037,"baking powder (sodium acid pyrophosphate, sodium bicarbonate, ip corn starch and monocalcium phosphate)",[]
7038,organic tangerine essence,[]
7039,"organic pickle relish (organic cucumbers, water, organic distilled white vinegar, salt, calcium chloride, organic dried red bell pepper, xanthan gum, organic spice, natural flavors)",[]
7040,vitamin and mineral premix: magnesium phosphate,[]
7041,"dough conditioner blend (wheat flour, malted barley flour, enzymes, ascorbic acid)","['wheat', 'gluten']"
7042,folic acid anhydrous],[]
7043,"parmesan cheese (pasteurized milk, cheese cultures, salt, enzymes, calcium chloride, powdered cellulose to prevent caking, sorbic acid to maintain freshness)",['dairy']
7044,jalapeno peppers,[]
7045,"artichoke (artichoke hearts, water, salt, citric acid)",[]
7046,lactobacillus acidophilus cl 1285,[]
7047,"encapsulated salt (fully hydrogenated vegetable oil [contains one or more of the following hydrogenated oils: soybean oil, palm oil, cottonseed oil, coconut oil])",['soybeans']
7048,dehydrated coriander,[]
7049,"swiss emmental & gruyere cheese 50% (cow's milk, cheese cultures, salt and enzyme)",['dairy']
7050,glucose syrup (tapioca),[]
7051,koreanred pepper,[]
7052,organic apple and organic cherry juice concentrates,[]
7053,natural caramel flavor,[]
7054,"peanut butter (roasted peanuts, corn syrup solids, sugar, palm oil, salt)",['peanuts']
7055,vegetable shortening (coconut oil and fully hydrogenated palm oil),[]
7056,reese's peanut butter sauce [peanuts,['peanuts']
7057,silicon dioxide (added to make free flowing) & extractives of paprika,[]
7058,"soy sauce (water, soybeans, wheat, salt, alcohol1 [preservative])","['soybeans', 'wheat']"
7059,and bromelain (tenderizer),[]
7060,"crust (whole oat flour, enriched bleached flour [wheat flour, niacin, reduced iron, thiamine mononitrate, riboflavin, folic acid], canola oil, whole wheat flour, invert sugar, soluble corn fiber, whole rolled oats, sugar, fructose, molasses, vitamins and minerals [vitamin a palmitate, calcium carbonate, niacinamide, reduced iron, zinc oxide, pyridoxine hydrochloride, riboflavin, thiamin hydrochloride, folic acid], whey powder, honey, sodium bicarbonate, natural flavor, cellulose gum, salt, guar gum, soy lecithin, sodium propionate - a preservative, leavening [sodium acid pyrophosphate, sodium bicarbonate, corn starch, monocalcium phosphate, calcium sulfate], wheat gluten, liquid whole eggs)","['wheat', 'gluten', 'eggs']"
7061,"roasted almonds (almonds, canola and/or safflower oil)",['tree nuts']
7062,"carrot cake (sugar, enriched wheat flour bleached [flour, niacin, reduced iron, thiamine mononitrate, riboflavin, folic acid], soybean oil, dextrose, carrots, food starch-modified, dried egg yolk, leavening [baking soda, sodium acid pyrophosphate, sodium aluminum phosphate, aluminum sulfate], dried egg whites, natural and artificial flavor, salt, xanthan gum, propylene glycol, guar gum, water, caramel color, corn syrup, polysorbate 80, glycerin, corn starch, corn oil, wheat starch, beta carotene [color], tocopherols [preservative], citric acid [preservative], silicon dioxide)","['wheat', 'soybeans', 'eggs']"
7063,dried seaweed,[]
7064,"chicken fat powder (chicken fat, nonfat milk, natural flavor)",['dairy']
7065,natural fruit flavor and organic spices (cinnamon and nutmeg),[]
7066,organic whole rolled oats,[]
7067,dehydrated orange peel,[]
7068,"ingredients: bittersweet chocolate (chocolate liquor, sugar, cocoa butter, soy lecithin, vanilla)",['soybeans']
7069,"seasoning rub (sugar, spices, salt, paprika, dextrose, garlic powder, cocoa powder processed with alkali, tamarind extract [corn syrup, prune juice concentrate, extractives of tamarind, water, tartaric acid, caramel color, citric acid, molasses], tocopherols, sunflower oil, natural flavors)",[]
7070,brown sugar (sugar and molasses),[]
7071,carrot powder (color),[]
7072,purple carrot juice concentrate (for color),[]
7073,streptococcus thermophilus,[]
7074,"vanilla cookies (wheat flour, sugar, palm oil, salt, soy lecithin, natural and artificial flavors, baking soda)","['wheat', 'soybeans']"
7075,and less than 2% of calcium stearate,[]
7076,benxoic acid (preservative),[]
7077,cooked arborio rice,[]
7078,"edible oils (palm oil, canola oil)",[]
7079,stabilizer (pectin e440),[]
7080,"green chile peppers (green chiles, water, citric acid)",[]
7081,natural lime flavor and other natural flavors,[]
7082,"color added (organic maqui berry juice concentrate, purple carrot juice concentrate)",[]
7083,fd&c red #40 (artificial color),[]
7084,"dijon mustard (distilled vinegar, water, mustard seed, salt, white wine, citric acid, turmeric [color], spices, tartaric acid)",['mustard']
7085,"asiago and roasted garlic seasoning (maltodextrin (from ip corn), natural cheese flavor, garlic powder, onion powder, salt, spices, citric acid)",[]
7086,dried habanero chilies,[]
7087,acidity regulator: lactic acid,[]
7088,"raspberry jam (red raspberris, sugar, fruit pectin, citiric acid)",[]
7089,"dark sweet chocolate (sugar, chocolate, cocoa butter, soy lecithin, natural vanilla extract)",['soybeans']
7090,whole grain buckwheat flour,[]
7091,oat bran,[]
7092,"seasoning (a blend of maltodextrin, salt, chili pepper and other spices, onion, modified food starch, yellow corn flour, less than 2%: silicon dioxide added to prevent caking, soybean oil, natural flavor, disodium inosinate and guanylate, oleoresin of paprika and garlic)",['soybeans']
7093,"parmesan cheese (cultured part-skim milk, salt, and enzymes)",['dairy']
7094,canola,[]
7095,calcium phosphates (raising agent),[]
7096,"organic spices (including organic paprika, organic mustard)",['mustard']
7097,"cashews (cashews, sunflower oil)",['tree nuts']
7098,extra white truffle (tuber magnatum pico) infused in olive oil,[]
7099,"candied oranges (oranges, glucose and fructose syrup, sugar, citric acid) and dark chocolate (sugar, cocoa mass (56% min.), cocoa butter, emulsifier: soy lecithin, vanilla)",['soybeans']
7100,"vegetable oil (palm and palm kernel oil with sorbitan tristearate, soybean and palm oil with tbhq for freshness)",['soybeans']
7101,preservative diglycerides,[]
7102,whole grain oat flakes,[]
7103,annatto & turmeric extracts for color,[]
7104,mandarin oranges,[]
7105,blueberry juice,[]
7106,"breadcrumbs (dried potato, degermed yellow corn meal, rice flour, dried garlic, salt, dried onion, canola oil)",[]
7107,"enriched flour(wheat flour, malted barley flour, niacin, iron, thiamin mononitrate riboflavin, folic acid)",['wheat']
7108,stevia extract (leaf),[]
7109,"crust (enriched wheat flour [wheat flour, ferrous sulfate, niacin, thiamin mononitrate, riboflavin, folic acid, enzyme], water, soybean oil, contains 2% or less of: yeast, sugar, cultured whey, whey, vinegar, salt, dough conditioner [wheat flour, ascorbic acid, enzymes])","['wheat', 'soybeans', 'dairy']"
7110,probiotic b,[]
7111,"chili pepper paste (red chili pepper, salt)",[]
7112,xanthan gum (stabilizer) and natural flavor,[]
7113,"contains 2% or less of textured vegetable protein (soy flour, caramel color)",['soybeans']
7114,hazelnutsa,['tree nuts']
7115,"and cheddar cheese (milk, cheese cultures, salt, enzymes)",['dairy']
7116,precooked rye flakes,[]
7117,"spumoni fruit (sugar, pineapple, apples, cranberries, raisins, high fructose corn syrup, black cherries, grapes, peaches, malic acid, carob bean gum, natural flavor, red #40, nutmeg)",[]
7118,degerminated yellow cornmeal,[]
7119,"enriched flour (wheat flour, niacin, iron [ferrous sulfate], thiamine mononitrate, riboflavin, folic acid)",['wheat']
7120,"diced jalapeno peppers (diced jalapeno peppers, water, vinegar, salt, trace of calcium chloride)",[]
7121,"seasoned cooked beef (beef, water, salt, sodium phosphate)",[]
7122,whole and chopped peanuts,['peanuts']
7123,halved cherries artificially colored red with carmine,[]
7124,ghee (butter from cow's milk),['dairy']
7125,dehydrated garlic and onion,[]
7126,"macaroni product (wheat flour, semolina, durum flour, niacin, ferrous sulfate, thiamine mononitrate, riboflavin, folic acid)",['wheat']
7127,and less than 2% of dicalcium phosphate,[]
7128,"romano cheese made from cow's milk (pasteurized part skim milk, cheese culture, salt, enzymes)",['dairy']
7129,"ezekiel 4:9 blend: (organic sprouted wheat, organic sprouted barley, organic sprouted millet, organic sprouted lentils, organic sprouted soybeans, organic sprouted spelt)","['soybeans', 'wheat']"
7130,crab meat (crustacean shellfish),['shellfish']
7131,contains less than 2% silicon dioxide,[]
7132,fermented black beans,[]
7133,fresh red ripe tomato pulp,[]
7134,"gluten free flour (organic corn flour, rice flour, potato starch, corn starch, tapioca starch, potato flour, soy flour, carrageenan, arabic gum, xanthan gum)",[]
7135,"seasonings ingredients: soy sauce powder [soy sauce (wheat, soybeans, salt)","['wheat', 'soybeans']"
7136,canolaolive oil,[]
7137,smoked baby clams,['shellfish']
7138,"tortilla (wheat flour, soybean oil, less than 2% of: salt, sugar, mono- and diglycerides, corn starch, sodium bicarbonate, calcium propionate and fumaric acid [to maintain freshness], sodium metabisulfite, cellulose, dicalcium phosphate, potassium sorbate, sodium stearoyl lactylate, enzymes, distilled monoglycerides, wheat starch, sodium chloride, calcium carbonate, tocopherols)","['wheat', 'soybeans']"
7139,"cooked (chicken white meat, water, modified food starch, sodium phosphate, salt, battered with: water, wheat flour, modified corn starch, yellow corn flour, salt, rendered chicken fat, nonfat dry milk, dextrose, dipotassium phosphate, xanthan gum, tbhq, citric acid, spice extractives. breaded with: bleached wheat flour, salt, rice flour, dextrose, spices, leavening [sodium aluminum phosphate, sodium bicarbonate], yeast, extractives of paprika, breading set in vegetable oil.)","['wheat', 'dairy']"
7140,fd&c yellow lake #6,[]
7141,collagen peptides,[]
7142,bha (as preservative),[]
7143,"chicken stock (water, chicken meat with natural juices, salt, cane juice solids, maltodextrin, chicken fat, yeast extract, natural flavor, onion, spice extractives, tumeric)",[]
7144,"topping (imitation mozzarella blend (water, palm oil, modified potato starch, rennet casein, modified corn starch, sodium citrate, salt, sodium phosphate, natural flavor, carrageenan, lactic acid, artificial color), mozzarella (pasteurized cultured reduced fat milk, salt, enzymes), cooked sausage made with pork-chicken added (pork, mechanically separated chicken, water, seasonings (spices, salt, dextrose, paprika, bht, tbhq, citric acid), diced pepperoni made with pork-chicken added-smoke flavor added (pork, mechanically separated chicken, salt, spices, water, dextrose, seasonings (natural spice extractives, extractives of paprika, natural smoke flavor, bha, bht, citric acid), lactic acid starter culture, sodium nitrite)), sauce (water, tomato puree [water, tomato paste], seasoning (salt, spices, sugar, dehydrated garlic), flavor blend (maltodextrin, dextrose, natural spice oleoresins), salt, modified corn starch, soybean oil, xanthan gum)","['dairy', 'soybeans', 'wheat']"
7145,pasteurized sugared egg yolks,"['eggs', 'dairy']"
7146,"semi-sweet chocolate (sugar, chocolate liquor, cocoa butter, soybean lecithin emulsifieri, vanilla extract)","['soybeans', 'dairy']"
7147,herbs & truffle sea salt,[]
7148,"organic invert sugar syrup (organic cane sugar syrup, water)",[]
7149,carbon dioxide,[]
7150,"semisweet chocolate chunk (sugar, chocolate liquor, cocoa butter, soy lecithin [an emulsifier], and vanilla extract)",['soybeans']
7151,"fruit (peaches, pears, grapes)",[]
7152,contains less than 2% of: modified food starch,[]
7153,"preservatives (ascorbic acid, potassium sorbate sodium benzoate)",[]
7154,"potassium chloride (potassium chloride, citric acid)",[]
7155,"cooked quinoa (water, white quinoa, glucono delta lactone (gdl), salt)",[]
7156,"scrambled egg (whole eggs, modified corn starch, salt, citric acid, xanthan gum)",['eggs']
7157,pre-cooked organic kamut khorasan wheat,"['wheat', 'gluten']"
7158,"chile peppers (green chiles, water, salt, citric acid, calcium chloride)",[]
7159,and natural flavorings,[]
7160,nitrogen,[]
7161,applesauce,[]
7162,chestnuts,['tree nuts']
7163,penicillium roqueforti,[]
7164,alaskan pollock (theragra chalcogramma),['fish']
7165,"canned crushed pineapple (pineapple, pineapple juice)",[]
7166,"organic pecorino romano cheese made from sheep's milk (organic sheep's milk, salt, cheese cultures, rennet)",['dairy']
7167,chipotle (smoke-dried jalapeno) chili pepper,[]
7168,organic dry roasted peanuts,['peanuts']
7169,"low fat ice cream (skim milk, buttermilk, cream, whey, polydextrose, maltitol, maltodextrin, milk, contains 1% or less of natural flavors, propylene glycol monoesters, mono & diglycerides, guar gum, carob bean gum, carrageenan, cellulose gel, cellulose gum, sucralose, acesulfame potassium, vitamin a palmitate)",['dairy']
7170,seasoning pack: sea salt,[]
7171,"vegetable oil shortening (canola oil, palm oil, fractionated palm oil, fractionated palm kernel oil, monoglycerides, polysorbate 60)",[]
7172,"pasta and vegetables: pasta (water, durum semolina [wheat], nacin, ferrous sulfate [iron], thiamine mononitrate, riboflavin, folic acid)","['wheat', 'gluten']"
7173,"filling (swiss cheese [pasteurized milk, cheese cultures, salt, enzymes], smoked ham no nitrates or nitrites added except for those naturally occurring in cultured celery and cherry powders [water salt, turbinado sugar, cultured celery powder, cherry powder], monterey jack cheese [pasteurized milk, cheese cultures, salt, enzymes], onion, heavy cream, milk, dijon mustard [distilled vinegar, water, mustard seed, salt, chardonnay wine, citric acid, tartaric acid, spices, turmeric], egg yolk, garlic, salt, butter [pasteurized cream], black pepper)","['dairy', 'eggs', 'mustard']"
7174,organic milk butter,['dairy']
7175,green peas,[]
7176,"potatoes vegetable oil (contains one or more of the following. canola oil, safflower oil and/or sunflower oil)",[]
7177,lime and lemon peel,[]
7178,"pickle relish (pickles, high fructose corn syrup, corn syrup, distilled vinegar, salt, red bell pepper, mustard seed, xanthan gum, natural spice flavors, calcium disodium edta)",['mustard']
7179,colored with extracts of paprika,[]
7180,contains less than 2% of dextrose,[]
7181,contains less than 1 percent of: natural and artificial flavors,[]
7182,spread: soybean oil,['soybeans']
7183,organic chipotle chile peppers,[]
7184,"bacon (pork, water, salt, sodium phosphates, sodium erythorbate, sodium nitrite, may contain: sugar)",[]
7185,calcium stearate (to prevent caking),[]
7186,"folic acid), high fructose corn syrup, contains less than 2% salt, dehydrated onion, potassium chloride, natural flavor, food starch-modified, citric acid, enzyme modified cheddar cheese (cheddar cheese [pasteurized milk","['dairy', 'eggs']"
7187,organic tomato powder (for color),[]
7188,sulfur dioxide (for color retention),['sulphur dioxide']
7189,"vegetable blend (green bell pepper, mushrooms, red onion, black olives with tomatoes)",[]
7190,"sodium bicarbonate), soy lecithin (emulsifier), calcium carbonate, egg whites, salt, reduced iron, niacinamide, vitamin a palmitate, riboflavin (vitamin b2), pyridoxine hydrochloride (vitamin b6), thiamin mononitrate (vitamin b1), vitamin b12","['eggs', 'soybeans']"
7191,"buffalo style seasoning enrobed chicken (chicken breast meat with rib meat [skinless boneless chicken breast meat with rib meat, water, isolated soy protein product {isolated soy protein, modified food starch, unmodified corn starch, carrageenan with less than 2% soy lecithin}, salt, sodium phosphates, carrageenan], buffalo seasoning [hot sauce powder {hot sauce (aged cayenne peppers, distilled vinegar, salt, garlic powder), maltodextrin}, salt, sugar, spice, onion powder, garlic powder, cornstarch, natural flavors including grill, extractive of paprika],chives)",['soybeans']
7192,certified organic kidney beans,[]
7193,vegetable shortening (canola and palm oil),[]
7194,"rice cracker chili crescent (glutinous rice, soy sauce [water, soy bean, wheat, salt], sugar, modified food starch [corn, tapioca], chili, yellow 5, yellow 6)","['soybeans', 'wheat', 'gluten']"
7195,"milk chocolate (sugar, chocolate liquor, cocoa butter, whole milk powder, soy lecithin [an emulsifier], vanillin [an artificial flavoring])","['dairy', 'soybeans']"
7196,fennel seed ground,[]
7197,vitamin b6 (phridoxine hydrochloride),[]
7198,"enriched egg noodles (enriched wheat flour [wheat flour, niacin, ferrous sulfate, thiamine mononitrate, riboflavin, folic acid], eggs)","['wheat', 'gluten', 'eggs']"
7199,cheesecake base [corn syrup,[]
7200,"granular cheese (milk, cheese culture, salt, enzymes)",['dairy']
7201,spices (including chili pepper and ginger),[]
7202,"pure dark and milk chocolate & white cocoa butter (sugar, chocolate liquor processed with alkali, cocoa butter, butter oil, whole milk, soy lecithin [an emulsifier], vanilla)","['dairy', 'soybeans']"
7203,fd&c blue #1 and fd&c red #40,[]
7204,"egg substitute (potato flour, sugar, guar gum, sunflower lecithin, sunflower oil, enzyme)",['eggs']
7205,apple jam,[]
7206,"vegetable oil (cottonseed, peanut, sunflower, and/or canola oil)","['peanuts', 'soybeans']"
7207,"milk chocolatey coating (coconut oil, maltitol, inulin, nonfat dry milk, cocoa, cocoa processed with alkali, chocolate liquor, soybean oil, cocoa butter, soy lecithin, natural flavors)","['dairy', 'soybeans']"
7208,organic sprouted flax seed,[]
7209,"cheese seasoning (maltodextrin, whey, dehydrated cheddar and blue cheese [(pasteurized milk, cheese cultures, salt, enzymes), whey, buttermilk lactic acid], buttermilk, salt, sugar, natural flavors, garlic powder, lactic acid, annatto and turmeric [color], citric acid)",['dairy']
7210,"chicken broth (chicken broth, flavorings, hydrolyzed soy protein, carrots, hydrolyzed corn protein, celery, onion, salt, chicken fat, sugar, disodium guanylate, modified potato starch and autolyzed yeast extract)","['soybeans', 'celery']"
7211,organic rice syrup,[]
7212,"fontina cheese (pasteurized milk, cheese cultures, salt, enzymes)",['dairy']
7213,brownie: granulated cane sugar,[]
7214,non-hydrogenated expeller-pressed organic sunflower,[]
7215,yogurt: cultured pasteurized grade a organic nonfat milk,['dairy']
7216,dried arbol pepper,[]
7217,"wild blueberry puree (wild blueberry, sugar)",[]
7218,onions and cabbage,[]
7219,and edta],[]
7220,pre-cooked whole grain oats,[]
7221,"artificial colors (may contain red 40, red 3, yellow 5, yellow 6, blue 1, blue 2, or titanium dioxide)",[]
7222,"sunflower seeds (sunflower seeds, sunflower oil and/or cottonseed oil, and/or peanut oil and/or soybean oil and/or canola oil, salt)","['peanuts', 'soybeans']"
7223,cold-pressed extra virgin olive oil,[]
7224,yukon potatoes,[]
7225,cultured dextrose (preserves freshness),[]
7226,seedless strawberry puree,[]
7227,milk chocolate pieces 8,['dairy']
7228,"dough conditioners (mono- and diglycerides, sodium and/or calcium stearoyl lactylate, soy lecithin, calcium carbonate)",['soybeans']
7229,contains 2% or less of calcium propionate and potassium sorbate (preservatives),[]
7230,"pyridoxine hydrochloride vitamin b6), riboflavin, vitamin a palmitate, thiamin mononitrate, folic acid",[]
7231,hazelnut crunch: sugar,['tree nuts']
7232,chablis wine (may contain sulfites),['**sulphites']
7233,"crust (butter, organic brown sugar, brown rice flour, tapioca starch, sorghum flour, sea salt, baking powder (sodium acid pyrophosphate, potato starch, sodium bicarbonate)","['dairy', 'wheat']"
7234,pear and grape juices,[]
7235,"baby swiss cheese (pasteurized milk, cheese cultures, salt, microbial enzymes)",['dairy']
7236,"red 3), corn starch, bht (to maintain freshness)",[]
7237,dehydrated jalapenos,[]
7238,"enriched bleached wheat flour (flour, niacin, iron, thiamin mononitrate, riboflavin, folic acid)","['wheat', 'gluten']"
7239,potassium sorbate and sodium bisulfite as preservatives,[]
7240,"topping: sugar cookies (unenriched wheat flour, sugar, butter (cream, salt), coconut oil, pasteurized eggs, water, salt)","['dairy', 'eggs', 'wheat']"
7241,filtered water (only sufficient to reconstitute juice concentrates),[]
7242,"acids (fumaric, tartaric, lactic)",[]
7243,"(wine vinegar, concentrated grape must, cooked grape must, caramel color)",[]
7244,red quinoa,[]
7245,gum balls: sugar,[]
7246,and no more than 2% silicon dioxide added to prevent caking,[]
7247,"romano cheese (pasteurized cow's milk, cheese culture, salt, enzymes)",['dairy']
7248,spices (including paprika & turmeric for color and spice),[]
7249,"caramel (maltitol syrup, modified palm kernel oil, skim milk, milk protein concentrate, cream [cream, milk, cellulose gel, carrageenan, cellulose gum], glycerin, butter, water, salt, mono- and diglycerides, natural flavor, disodium phosphate, soy lecithin, carrageenan)","['dairy', 'soybeans']"
7250,palm oil with sunflower lecithin and rosemary extract (antioxidant),[]
7251,"marshmallows (sugar, modified corn starch, corn syrup, dextrose, gelatin, blueberry, pumpkin and carrot concentrates for color, sodium hexametaphosphate, natural flavor)",[]
7252,cacao powder sodium bicarbonate,[]
7253,"grain and seed blend (steel cut wheat, steel cut oats, oat flakes, barley flakes, triticale flakes, soft white wheat flakes, rye flakes, amaranth, flax seeds, wheat germ, whole grain cornmeal)","['wheat', 'gluten']"
7254,low-moisture part-skim mozzarella (pasteurized part-skim milk),['dairy']
7255,dextrose syrup (wheat),"['wheat', 'gluten']"
7256,corn gluten and wheat gluten with partially hydrogenated cottonseed and soy oil,"['soybeans', 'wheat', 'gluten']"
7257,pouc acid,[]
7258,"and artificial colors (fd&c yellow #5, yellow #6)",[]
7259,"organic tofu (filtered water, organic soybeans, magnesium chloride)",['soybeans']
7260,(ascorbic acid),[]
7261,escarole,[]
7262,magnesium lactate and calcium lactate and potassium phosphate (electrolyte sources),[]
7263,"blueberry flavored filling (sugar, glycerin, corn syrup, water, blueberry puree, apple puree, maltodextrin, apple powder, pectin, xanthan gum, malic acid, citric acid, sodium alginate, dicalcium phosphate, sodium citrate, mono- and diglycerides, ascorbic acid (a preservative), potassium sorbate (a preservative), natural flavor, colors [red 40, blue 1])",[]
7264,yeast nutrients (monocalcium phosphate),[]
7265,"contains less than 1% of: organic spices (organic cayenne pepper, organic cumin powder, organic coriander powder, organic oregano)",[]
7266,"capsicum (propylene glycol, natural extractives of chili peppers, water)",[]
7267,cider,[]
7268,organic baby red leaf lettuce,[]
7269,herbs and ascorbic acid,[]
7270,bacon fat and cooked bacon,[]
7271,propylene glycol albinate,[]
7272,hickory & mesquite smoke flavoring,[]
7273,sodium metabisulfite (maintains freshness),"['sulphur dioxide', 'sulphites']"
7274,contains 2% or less of: green bell peppers,[]
7275,natural chocolate flavour,[]
7276,"non-dairy frozen dessert (bananas, dates, strawberries, coconut milk (water, coconut milk), lemon juice, beet powder, guar gum, salt, carob gum)",[]
7277,protein (enzymes)],[]
7278,"cooked organic red quinoa (organic red quinoa, water)",[]
7279,"bread [enriched unbleached wheat flour (wheat flour, malted barley flour, ascorbic acid added as a dough conditioner, niacin, reduced iron, thiamin mononitrate, riboflavin, folic acid)","['wheat', 'gluten']"
7280,"artificial colors (fd&c red #40, fd&c yellow #6, fd&c yellow #5 and fd&c blue #1)",[]
7281,less than 2% tricalcium phosphate added to prevent caking],[]
7282,"organic cheddar powder (pasteurized organic milk, cultures, salt, enzymes)",['dairy']
7283,tricalcium phosphate (to prevent caking),[]
7284,modified cellulose gum,[]
7285,contains 2% or less of distilled vinegar,[]
7286,"pie crust cookies (wheat flour, sugar, palm oil, palm kernel oil, salt, corn starch, soy lecithin)","['wheat', 'gluten', 'soybeans']"
7287,shredded coconut,['tree nuts']
7288,calcium carbonate(natural source of calcium),[]
7289,"mozzarella cheese (pasteurized milk, pasteurized skim milk, salt, calcium chloride, microbial cultures, microbial rennet)",['dairy']
7290,garlic and silicone dioxide,[]
7291,"milk (reduced fat milk, vitamin a palmitate, vitamin d3)",['dairy']
7292,"crushed tomatoes (tomatoes, salt)",[]
7293,"egg yolk (egg yolk, sugar)",['eggs']
7294,pink,[]
7295,turmeric and annatto extracts (color)contains: wheat,"['wheat', 'gluten']"
7296,spices (including turmeric and chili powder),[]
7297,"batter mix (yellow corn flour, wheat flour, modified food starch, salt,whey, sodium acid pyphosphate, sodium bicarbonate, sodium alginate, soy flour, non-fat dry milk, paprika, oleoresin, natural flavor, dry whole eggs)","['wheat', 'gluten', 'dairy', 'eggs', 'soybeans']"
7298,"beer (malted barley, malted wheat, hops}, balsamic vinegar (wine vinegar, cooked grape must, concentrated grape must, caramel color), onion, light brown sugar (sugar, molasses), water, cherry concentrate, tomato paste, lemon juice, unsalted butter, sugar, apple cider vinegar, chili pepper, sea salt, worcestershire sauce (distilled white vinegar, molasses, sugar, water, salt, onions, anchovies, garlic, cloves, tamarind extract, natural flavorings, chili pepper extract), honey, black pepper, salt, lemon zest, cinnamon, cloves","['wheat', 'gluten', 'dairy', 'fish', 'sulphur dioxide', 'sulphites']"
7299,dry eggs,['eggs']
7300,filtered carbonated water,[]
7301,"artichokes (artichoke bottoms, water, salt, citric acid)",[]
7302,"penne pasta (semolina flour [wheat], egg white)","['wheat', 'eggs']"
7303,selenium,[]
7304,natural,[]
7305,and less than 2 percent silicon dioxide added as an anticaking agent,[]
7306,"unbleached wheat flour (wheat flour, malted barley flour, niacin, reduced iron, thiamin mononitrate, riboflavin, folic acid)",['wheat']
7307,"fermented rice extract (rice, alcohol, salt, citric acid)",[]
7308,dry garlic (4.5%),[]
7309,"chicken bone stock concentrate (chicken bones and meat, onions, carrots, celery, parsley, apple cider vinegar, sea salt, black pepper and bay.)",['celery']
7310,"powdered cane sugar (corn free, vegan)",[]
7311,dates (coated with dextrose or oat flour (anti-coated agents). partially hydrogenated soybean and cottonseed oil),['soybeans']
7312,beet juice concentrate parsley juice concentrate,[]
7313,"enriched flour (wheat flour, malted barley flour, niacin, reduced iron, thiamine mononitrate, riboflavin, folic acid, water, low moisture part skim mozzarella cheese (cultured pasteurized part skim milk, salt, enzymes), tomato paste, palm oil, contains 2% or less of: vegetable oil (soybean and/or canola oil), nonfat milk, sugar, salt, yeast, modified food starch, spice, maltodextrin, dried garlic, hydrolyzed soy and corn protein, paprika, natural flavor, dried onion, wheat starch, defatted soy flour, l-cysteine hydrochloride, ammonium sulfate, annatto (color), soy lecithin, ascorbic acid (dough conditioner)","['wheat', 'dairy', 'soybeans']"
7314,natural roasted garlic flavor,[]
7315,"flour blend (organic millet flour, tapioca flour, teff flour, organic sorghum flour, organic amaranth flour)",[]
7316,"parmesan & romano cheese blend (parmesan cheese [pasteurized milk, cheese cultures, salt, rennet], romano cheese [pasteurized milk, cheese cultures, salt, rennet])",['dairy']
7317,"pasteurized part skim mozzarella cheese (milk, cultures, rennet, salt)",['dairy']
7318,"grape juice from concentrate (filtered water, grape juice concentrate)",[]
7319,turmeric and annatto extracts (for color),[]
7320,colored with: organic carrot concentrate,[]
7321,"crackers (wheat flour, iodized salt and corn starch)",['wheat']
7322,"roasted tomatoes in oil (tomatoes, sunflower oil, garlic, salt, oregano)",[]
7323,"vanilla icing (sugar, partially hydrogenated palm kernel oil and/or soybean oil, water, corn syrup, dextrose, sodium caseinate, potassium sorbate (preservative), modified cellulose, polysorbate 60, artificial flavors, salt, sodium citrate, soy protein concentrate, mono & diglycerides, sodium benzoate (preservative), polyglycerol esters of fatty acids, soy lecithin, xanthan gum)","['soybeans', 'dairy']"
7324,peanut butter cups: sugar,['peanuts']
7325,"shortening (palm oil, mono- and diglycerides, polysorbate 60)",[]
7326,ginger miso dressing (canola oil non-gmo expeller pressed canola oil),[]
7327,"imported pecorino romano cheese (sheep's milk, cheese cultures, salt, enzymes)",['dairy']
7328,noodles: wheat flour,['wheat']
7329,mustard seeds,['mustard']
7330,freeze dried organic cranberries,[]
7331,refiner's syrup,[]
7332,"mint condition proprietary herb blend (peppermint, lemon balm, spearmint, lavender, greek mountain mint, chamomile flowers, linden flowers, blue spirulina)",[]
7333,xanthan gum and garlic,[]
7334,amaranth flakes,[]
7335,mangosteen,[]
7336,corn syrup,[]
7337,"milk chocolate peanut gems (milk chocolate [sugar, cocoa butter, chocolate liquor, whole milk powder, soy lecithin {an emulsifier}, salt, vanilla], peanuts, sugar, corn oil, gum arabic, corn syrup, artficial coloring [includes red 40 lake, yellow 6 lake, yellow 6, yellow 5 lake, blue 2 lake, blue 1 lake], confectioner's glaze)","['dairy', 'peanuts']"
7338,"marshmallow (corn syrup, sugar, modified cornstarch, gelatin)",[]
7339,beef flavor,[]
7340,"chicken broth powder (salt, yeast extract, torula yeast, chicken broth, onion powder, sugar, natural chicken flavor, chicken fat, natural flavor and not more than 2% silicon dioxide added to prevent caking)",[]
7341,black tea kombucha culture1,[]
7342,hormone and antibiotic free chicken feet,[]
7343,white lima beans,[]
7344,"dark chocolate chips (sugar, chocolate liquor, anhydrous milk fat, cocoa butter, soy lecithin)","['dairy', 'soybeans']"
7345,"filling 30%: breadcrumbs (flour of soft wheat, water, natural yeast, salt)",['wheat']
7346,pasteurized milk and/or milkfat,['dairy']
7347,contains less than 2% of: cilantro,[]
7348,callaloo (garden vegetable),[]
7349,cacaoa,[]
7350,magnesium stearate,[]
7351,"margarine (palm oil, water, soybean oil, salt, soy lecithin natural flavor, beta carotene [color], vitamin a palmitate added)",['soybeans']
7352,"colors (includes titanium dioxide, yellow 6, yellow 5, red 3, blue 1)",[]
7353,dark sweet chocolate (sugar; chocolate; cocoa butter; soy lecithin; natural vanilla extract),['soybeans']
7354,non-gmo mustard flour,['mustard']
7355,contains 2% or less of cocoa powder(processed with alkali),[]
7356,"seasoning blend (salt, sugar, onion powder, garlic powder, paprika, chipotle pepper powder, xanthan gum)",[]
7357,orange extract,[]
7358,madagascar bourbon vanilla beans,[]
7359,"modified corn starch), onion and garlic powder, salt, citric acid, spice, natural flavor, paprika, turmeric",[]
7360,sour cream (cultured milk and cream),['dairy']
7361,"caramelized onions (yellow onions, sugar, apple juice concentrate)",[]
7362,rubbed with: vinegar,[]
7363,"enriched flour (wheat flour, niacin, iron, thiamine, riboflavin) water","['wheat', 'gluten']"
7364,"vitamin b6 (pyridoxine, hydrochloride)",[]
7365,algin (kelp extract),[]
7366,"seasoning (maltodextrin, cultured dextrose, sodium diacetate, sodium chloride, egg white lysozyme, nisin preparation)",['eggs']
7367,"salt), salted cashews (cashews",['tree nuts']
7368,cheese: asiago,['dairy']
7369,"romano cheese (made from cow's milk, cheese cultures, salt, enzymes)",['dairy']
7370,"frosting: powdered sugar (sugar, constarch)",[]
7371,"chocolate (semisweet chocolate (chocolate liquor, sugar, cocoa butter, milk fat (butter)), soya lecithin and pure vanilla)","['dairy', 'soybeans']"
7372,virginia style peanuts,['peanuts']
7373,"worcestershire sauce (distilled vinegar, molasses, water, corn syrup, salt, caramel color, sugar, spices, anchovies, natural flavors (soy), and tamarind extract)","['fish', 'soybeans']"
7374,cultured wheat flour added with vinegar,"['wheat', 'gluten']"
7375,vegetables broth (peas and carrot extract),[]
7376,white distilled vinegar powder,[]
7377,"semisweet chocolate (unsweetened chocolate processed with potassium carbonate, sugar, cocoa butter, sunflower and/or soy lecithin, vanilla)",['soybeans']
7378,vitamin d3 and annatto (color),[]
7379,"vegetable stock (salt, glucose syrup [wheat], vegetable powder [onion, carrot, tomato], sugar, sunflower oil, spices)","['wheat', 'gluten']"
7380,"chocolate chunk (chocolate, cream, salt)",['dairy']
7381,organic barley,[]
7382,"tempura chicken (chicken white meat, water, wheat flour, cornstarch, contains 2% or less of: potato starch, salt, wine vinegar, vegetable oil, yeast extract, baking soda, eggs, spices, soy sauce (water, soybeans, wheat, salt, alcohol), honey. fried in vegetable oil)","['wheat', 'gluten', 'eggs', 'soybeans']"
7383,"romano cheese (pasteurized sheep's milk, cheese culture, salt, enzymes, modified food starch, powdered cellulose (anti-caking agent), water, whole egg, bread crumbs (wheat flour, sugar, canola oil, salt, yeast), flour blend (yellow corn flour, wheat flour, soybean oil, extractives of turmeric and paprika), dehydrated potatoes (100% potatoes), tomato paste (tomatoes and citric acid), natural romano flavor (contains cultured part-skim cow's milk, water, disodium phosphate), natural parmesan flavor (contains milk, water, disodium phosphate), salt, spinach powder, parsley, tomato powder, natural chlorella powder, black pepper","['dairy', 'wheat', 'gluten', 'eggs']"
7384,"cake: bleached enriched wheat flour (wheat flour, niacin, benzoyl peroxide, reduced iron, thiamine mononitrate, riboflavin, folic acid, chlorine)","['wheat', 'gluten']"
7385,"confectionery coating (sugar, palm kernel oil, partially defatted peanut flour, cocoa powder, nonfat dry milk powder, soy lecithin, salt, whole milk powder, peanut oil)","['peanuts', 'dairy', 'soybeans']"
7386,cinnamon and clove,[]
7387,contains 2% or less of each of the following: gum blend,[]
7388,yogurt base: cultured pasteurized grade-a skim milk,['dairy']
7389,"creamer (partially hydrogenated vegetable oil [coconut and soybean oil], corn syrup solids, sodium caseinate [a milk derivative], dipotassium phosphate, sugar, mono- and diglycerides, silicon dioxide, sodium stearoyl lactylate, soy lecithin, colored with annatto, turmeric)","['dairy', 'soybeans']"
7390,cheddar cheese sauce: maltodextrin,[]
7391,cane and brown sugar,[]
7392,"chile-garlic blend (chile peppers, distilled vinegar, garlic, salt)",[]
7393,halal chicken thigh,[]
7394,"nut and seed mix (peanuts, peanut butter, flax seeds)",['peanuts']
7395,"butter flavor), whey, maltodextrin, potassium chloride, citric acid, soy flour, egg whites","['dairy', 'eggs', 'soybeans']"
7396,"provolone cheese (pasteurized milk, cheese culture, salt, enzymes)",['dairy']
7397,ingredients: distilled vinegar,[]
7398,medium hatch green chiles,[]
7399,"roasted red beet (red beet, canola oil)",[]
7400,sun dried tomatoes (contains sulfites),['sulphites']
7401,"colors (titanium dioxide, yellow 5, caramel color)",[]
7402,"molasses base (water, molasses, yeast)",[]
7403,"spices (chili pepper, cayenne, black pepper, parsley)",[]
7404,"pepperoni (pork, beef. salt, contains less than 2% of: spices, dextrose, lactic acid starter cultures,oleoresin of paprika, sodium ascorbate, flavoring, sodium nitrite, bha, bht, citric acid)",['**dairy']
7405,fresh pork hams cured with: water,[]
7406,yellow 6 blue 1,[]
7407,riboflavin (b2 vitamin),[]
7408,"organic sour cream (pasteurized organic cream, organic whey [milk], disodium phosphate, lactic acid, salt, silicon dioxide [to prevent caking], natural flavor, mixed tocopherols)",['dairy']
7409,"cookies (sugar, enriched flour [wheat flour, niacin, reduced iron, thiamine mononitrate {vitamin b1}, riboflavin {vitamin b2}], folic acid], soybean and palm oil, cocoa processed with alkali, invert sugar, contains 2% or less of yellow corn flour, corn starch, chocolate, salt, leavening [baking soda, monocalcium phosphate], artificial flavor, soy lecithin, whey)","['wheat', 'soybeans', 'dairy']"
7410,"yogurt (grade a pasteurized skim milk, cream, milk protein concentrate, food starch, gelatin, pectin, cultures {streptococcus thermophilus, lactobacillus delbrueckii sub sp. bulgarious, lactobacillus paracase, propionibacterium freudenreichii shermanii}, cucumber, garlic, sea salt, white vinegar, dill, natamycin",['dairy']
7411,"creamer (partially hydrogenated coconut oil, corn syrup solids, maltodextrin, sodium caseinate [a milk derivative], dipotassium phosphate, mono- and diglycerides, silicon dioxide, soy lecithin) cocoa (processed with alkali)","['**dairy', 'soybeans']"
7412,"cashews and pecans (cashews and pecans, peanut and/or sunflower oil, salt)","['peanuts', 'tree nuts']"
7413,enriched with thiamin,[]
7414,vegetable juice concentrate (color),[]
7415,carnauba wax and bees wax (to prevent sticking),[]
7416,diamond glittery sugar ingredients: sugar,[]
7417,"partially hydrogenated vegetable oil (contains one or more of the following: palm kernel, palm, soybean)",['soybeans']
7418,"oil blend ([soybean oil and/or sunflower oil and/or canola oil], natural butter flavor, annatto [color])",['soybeans']
7419,organic crushed red peppers,[]
7420,contains 2% or less of artificial flavor,[]
7421,roasted eggplant,[]
7422,"stabilizer (locust bean gum, guar gum, standardized with sugar and calcium sulfate as processing aid)",[]
7423,glucose syrup,[]
7424,fruit and vegetable extract,[]
7425,contains 2% or less of: dipotassium phosphate,[]
7426,pinot grigio wine,[]
7427,applesauce (unsweetened),[]
7428,"coloring (includes blue 2 lake, blue 1 lake, yellow 5, yellow 6, yellow 6 lake, red 40, red 40 lake, blue 1, yellow 5 lake, blue 2)",[]
7429,contains 2% or less of the following: modified food starch,[]
7430,"cooked enriched spaghetti (water, enriched wheat flour [durum wheat semolina, niacin, reduced iron, thiamine mononitrate {vitamin b1}, riboflavin {vitamin b2}, folic acid], wheat protein isolate [wheat gluten, sodium phosphate, lactic acid], glyceryl monostearate)","['wheat', 'gluten']"
7431,lemon juice and lemon oil,[]
7432,zinc and iron (mineral nutrients),[]
7433,"enriched bleached flour (wheat flour, niacin, reduced iron, thiamin mononitrate, riboflavin, folic acid)","['wheat', 'gluten']"
7434,organic lime peel,[]
7435,sea salt and vegetable enzymes,[]
7436,flavor (includes soy lecithin),['soybeans']
7437,natural hickory and mesquite smoke flavors,[]
7438,"enriched wheat flour (wheat flour, malted barley flour, niacin, iron, thami mononitrate, riboflavin, folic acid)","['wheat', 'gluten']"
7439,non gmo popcorn,[]
7440,"peanut butter syrup (peanut butter, soybean oil, sugar, salt)","['peanuts', 'soybeans']"
7441,carrageenan gum,[]
7442,"italian sausage (pork, spices, salt, sugar, natural flavorings, dehydrated garlic)",[]
7443,"leavening (sodium bicarbonate, sodium acid pyrophosphate, cornstarch, monocalcium phosphate, calcium sulfate)",[]
7444,"natural parmesan cheese flavor (parmesan cheese [pasteurized milk, cultures, salt, enzymes], water, salt, disodium phosphate, sodium citrate)",['dairy']
7445,acidic sodium aluminium phosphate,[]
7446,contains less than 1% of vitamin a palmitate,[]
7447,"filling: ricotta cheese (whey, milk, bacterial culture, salt, citric acid)",['dairy']
7448,organic cocoa mass+,[]
7449,mixed pitted green and black olives in variable ratio,[]
7450,morro seed,[]
7451,"vegetable oil (may contain one or more of the following: corn oil, cotton seed oil or sunflower oil)",[]
7452,"chocolate flavored coating (maltitol, cocoa butter, chocolate liquor, dry whole milk, whey protein concentrate, soy lecithin, natural flavor)","['dairy', 'soybeans']"
7453,"crust: (wheat flour, water, palm oil, yeast, salt, calcium propionate, sugar, l-cysteine, and beta carotene)","['wheat', 'gluten']"
7454,"smoked gouda (pasteurized milk, cheese culture, salt, enzymes, annatto [vegetable color], natural smoke flavor",['dairy']
7455,"minced pimiento (pimiento, sodium alginate, guar gum, calcium chloride, potassium sorbate as a preservative)",[]
7456,"confectionery coating (sugar, palm kernel oil, nonfat milk powder, whole milk powder, whey [milk], palm oil, soy lecithin, vanilla)","['dairy', 'soybeans']"
7457,artificial color (fd&c yellow #6),[]
7458,caramel swirl {corn syrup,[]
7459,expeller-pressed sunflower oil,[]
7460,seasoning: whey,['dairy']
7461,contains less than 2% of: sorbitol,[]
7462,contains less than 2% of: cocoa processed with alkali,[]
7463,contains less than 2% of food starch-modified,[]
7464,tuna (scombridae),['fish']
7465,vitamin b6 (pyridoxine hcl),[]
7466,lime concentrate,[]
7467,vegetable extracts,[]
7468,"chili lime tortilla chips (white corn flour, sunflower oil, salt, sour cream powder [sour cream {cream, nonfat milk, cultures}, culture nonfat milk, lactic acid, citric acid], maltodextrin, citric acid, paprika, whey, spices, lime juice powder [corn syrup solids, lime juice solids with added lime oil)","['dairy', 'wheat', 'gluten']"
7469,organic aloe vera gel flakes,[]
7470,"natural cheese flavor (enzyme modified skim milk cheddar cheese product [pasteurized skim milk, whey and milk protein concentrate, cheese cultures, salt, enzymes] natural flavor, yeast extract, salt)",['dairy']
7471,"tortilla (bleached and/or unbleached enriched wheat flour [flour, malted barley flour, niacin, reduced iron, thiamine mononitrate, riboflavin, folic acid], water, shortening [palm oil and soybean oil with mono and diglycerides added], dough conditioner [salt, sodium propionate, leavening (sodium acid pyrophosphate, sodium bicarbonate, monocalcium phosphate), potassium sorbate (to preserve freshness), wheat flour, soy protein, maltodextrin, starch, mono and diglycerides, lecithin, dextrose, xanthan gum, guar gum, l-cysteine, natural flavors])","['soybeans', 'wheat', 'gluten']"
7472,organic grape juice from concentrate,[]
7473,dimethyl silicone (for anti-foaming),[]
7474,"tamari soy sauce (water, soy and salt)",['soybeans']
7475,"canola oil (canola oil, citric acid)",[]
7476,vegetable oil (cottonseed and/or sunflower and/or soybean oil),['soybeans']
7477,"dough: [flour (wheat flour, water, dough conditioner (sugar, cream of tartar, beta carotene), extra virgin olive oil, yeast, corn oil], sauce: vine ripened fresh peeled ground tomatoes, salt, calcium chloride, spices (modified food starch, sugar, spices, salt, and less than 2% soybean oil, calcium silicate), cheese: cheese: [low moisture mozzarella cheese (pasteurized part skim milk, cheese cultures, salt, enzymes)], sausage: pork, seasoning [spices, salt, corn syrup solids, paprika, garlic powder, sugar, lemon juice powder (corn syrup solids, lemon juice solids, lemon oil), natural flavors], water, salt, pepperoni: pork,salt, contains 2% or less of cane sugar, natural flavorings (including celery powder), spices, oleoresin of paprika, lactic acid starter culture. spice topping: romano cheese: (pasteurized milk, cheese cultures, salt, and enzymes), oregano","['dairy', 'wheat', 'gluten']"
7478,"genoa salami (pork, beef, salt, dextrose, lactic acid starter culture, spices, sodium ascorbate, sodium nitrite, garlic powder, bha, bht and citric acid [to help protect flavor])",[]
7479,"bleached enriched wheat flour (bleached wheat flour, niacin, reduced iron, thiamine mononitrate, riboflavin, folic acid)","['wheat', 'gluten']"
7480,organic lemon juice powder,[]
7481,paprika and tricalcium phosphate (anti-caking agent),[]
7482,"parmesan cheese (milk, cultures, salt, enzymes)",['dairy']
7483,organic whole grain einkorn wheat,[]
7484,"marshmallows (sugar, modified corn starch, corn syrup, dextrose, gelatin, red 40, yellow 6, yellow 5, blue 1, sodium hexametaphosphate, natural and artificial flavor)",[]
7485,malic acid and citric acid (provides tartness),[]
7486,"leavening (baking soda, sodium acid pyrophosphated, monocalcium phosphate)",[]
7487,organic heirloom wheat flour,[]
7488,"purple and pink coated pretzel balls (white chocolate (sugar, cocoa butter, milk, soy lecithin, natural flavor), pretzel balls (enriched wheat flour (wheat flour, niacin, reduced iron, thiamine mononitrate, riboflavin, folic acid), vegetable oil {canola, corn, and/or soybean), salt, corn syrup, baking soda, yeast)","['dairy', 'wheat', 'gluten']"
7489,"panko bread crumbs (wheat flour, cane sugar, yeast, sea salt)","['wheat', 'gluten']"
7490,"skim milk yogurt powder (skim milk, cultures)",['dairy']
7491,chicken flavoring,[]
7492,"roasted peanuts (peanuts, peanut oil, salt)",['peanuts']
7493,"dressing (water, canola oil, dijon mustard [distilled vinegar, water, mustard seed, salt, white wine, citric acid, turmeric, tartaric acid, spices], dried garlic, parmesan cheese [part skim milk, culture, salt, enzymes], distilled vinegar, egg yolk, salt, pepper sauce [cayenne peppers, distilled vinegar, water, salt, dried garlic], lemon juice concentrate, sugar, modified corn starch, stabilizer blend [xanthan gum, carrageenan], mustard flour, spice, anchovies, maltodextrin, whey powder, skim milk powder, natural flavor, butter extractives)","['dairy', 'eggs', 'mustard', 'soybeans']"
7494,or big 8 allergens added,[]
7495,"goat cheese (pasteurized goat milk, vegetal rennet, cheese cultures, salt)",['dairy']
7496,"dried cranberries (sugar, sunflower oil)",[]
7497,"bright organic protein blend (organic pumpkin protein, organic pea protein, organic brown rice protein)",[]
7498,"ice cream (milk, cream, skim milk, buttermilk, whey, sugar, corn syrup, contains 2% or less of: cocoa processed with alkali, vanilla extract, natural flavor, strawberry juice concentrate, citric acid, cherry juice concentrate, artificial flavor, mono and diglycerides, guar gum, calcium sulfate, carob bean gum, cellulose gum, carrageenan, red 40, blue 1, annatto for color)",['dairy']
7499,"dried molasses (cane sugar, molasses)",[]
7500,"hickory smoke flavor (water, natural hickory smoke concentrate)",[]
7501,"fudge syrup (corn syrup, water, cocoa processed with alkali, corn starch-modified, salt, potassium sorbate [preservative], citric acid, natural flavor)",[]
7502,rice bran and water,[]
7503,if multifruit: artificial flavor,[]
7504,diced green chili peppers,[]
7505,"leavening (sodium bicarbonate, sodium acid pyrophosphate)",[]
7506,"almonds; sugar; butter (cream, salt); dark chocolate coating (sugar, palm kernel oil and palm oil, cocoa powder (processed with alkali), soy lecithin (an emulsifier), natural flavor, whole milk solids, and salt); soy lecithin","['tree nuts', 'dairy', 'soybeans']"
7507,"ingredients: enriched bleached flour (wheat flour, malted barley flour, niacin, reduced iron, thiamin mononitrate, riboflavin, folic acid)","['wheat', 'gluten']"
7508,"dough conditioners (sodium stearoyl lactylate, calcium peroxide)",[]
7509,emulsifier(lecithin)and natural vanilla,['soybeans']
7510,artificial and natural flavors,[]
7511,citrus fiber and salt,[]
7512,contains 2% or less of: red chili peppers,[]
7513,"greek vanilla nonfat yogurt (cultured pasteurized grade a nonfat milk, sugar, fructose, corn starch, natural flavor, locust bean gum, malic acid, contains l. bulgaricus, s. thermophilus, l. acidophilus, bifidus and l. casei cultures)",['dairy']
7514,"enriched unbleached wheat flour (unbleached wheat flour, niacin, reduced iron, thiamine mononitrate, riboflavin, folic acid)","['wheat', 'gluten']"
7515,oolong green tea,[]
7516,"sprinkles (icing sugar [sugar, cornstarch], palm kernel oil, modified cornstarch, cornstarch, sunflower lecithin, color [mica-based pearlescent pigment, fd&c yellow #6, fd&c yellow #5, fd&c blue #1, fd&c red #3], shellac, polysorbate 60)",[]
7517,contains less than 2 % of: soybean oil,['soybeans']
7518,tocopherols (vitamin e) added to maintain freshness,[]
7519,natural pumpkin spice flavor potassium sorbate (preservative),[]
7520,"pineapple juice from concentrate (water, pineapple juice concentrate)",[]
7521,natural extractives of paprika,[]
7522,"textured vegetable protein (water, pea protein, pea starch)",[]
7523,"fontina cheese (pasteurized milk, cheese culture, salt & enzymes, powdered cellulose (to prevent caking), jalapeno peppers, contains less than 2% of: red peppers, shortening (palm oil, lecithin, natural flavors, beta carotene), whey, sugar, modified corn starch, salt, seasoning (rice flour, corn starch, wheat starch, salt, partially hydrogenated vegetable oil [soybean and/or cottonseed], sodium alginate), dough conditioner (calcium sulfate, salt, l-cysteine hydrochloride, deodorized garlic powder, tricalcium phosphate, fungal enzymes, mono- and diglycerides, whey, ethoxylated mono- and diglycerides, wheat flour), yeast, sodium hydroxide","['dairy', 'wheat', 'soybeans']"
7524,"confectionery coating (sugar, hydrogenated palm kernel oil, cocoa powder, whey powder, nonfat milk powder, soy lecithin [an emulsifier], vanilla)","['dairy', 'soybeans']"
7525,calcium cholride,[]
7526,"enriched egg noodles (wheat flour, eggs, egg whites, niacin, ferrous sulfate [iron], thiamin mononitrate, riboflavin, folic acid)","['wheat', 'eggs']"
7527,pure peppermint flavor,[]
7528,"pepperoni: (pork, salt, spices, dextrose, lactic acid starter culture, oleoresin of paprika, flavoring, garlic powder, sodium nitrite, bha, bht, citric acid. may/may not contain beef bha & bht with citric acid added to help protect flavor)",[]
7529,water lily seeds,[]
7530,canola oil+,[]
7531,natural flavors with milk,['dairy']
7532,"malt center (sugar, dairy blend [whey, whey protein concentrate], malt powder [malted barley, wheat, milk, hydrolyzed wheat gluten, sodium bicarbonate, salt], natural and artificail flavors)","['dairy', 'wheat', 'gluten']"
7533,disodium dihydrogen pyrophosphate (to promote color retention),[]
7534,"cream cheese (sweet cream, non-fat dry milk, cheese cultures)",['dairy']
7535,yellow quinoa,[]
7536,contains less than 2%: cornstarch modified,[]
7537,"papadum (urad dal flour, pepper, sodium bicarbonate, salt, vegetable oil)",[]
7538,"strawberry filling (water, sugar, strawberry puree, corn syrup, modified food starch, dextrose, 2% or less of: citric acid, tapioca dextrin, salt, potassium sorbate, sodium propinate, sodium benzoate, algin, sodium carboxymethylcellulose, carrageenan, red 40, artificial flavor.)",[]
7539,"cheese (cheddar and blue, pasteurized milk, whey protein concentrate, salt, cheese culture, salt, enzymes)",['dairy']
7540,organic marshmallow root powder,[]
7541,yellow 6 lake and less than 2,[]
7542,"dough conditioners (ethoxylated mono- and diglycerides, mono- and diglycerides, sodium stearoyl lactylate, ascorbic acid)",[]
7543,non gmo whipped sesame tahini,['sesame']
7544,"vegetable oil (soybean oil, palm stearine oil)",['soybeans']
7545,breadfruit nuts,[]
7546,"contains less than 2% of each of the following: sweet cooking rice wine (water, mirin [rice, alcohol, salt, enzymes], sugar, lactic acid)",[]
7547,manzanilla olives,[]
7548,"colors added (organic pumpkin, organic apple)",[]
7549,"peaches (peaches, sugar, water, corn starch, natural flavor, lemon juice concentrate, annatto extract (for color), black carrot juice concentrate (for color))",[]
7550,sheep casing,[]
7551,thiamin mononitrate [vitamin b-2],[]
7552,"active dry yeast (yeast, sorbitan monostearate, ascorbic acid)",[]
7553,thiamine mononitrate and folic acid,[]
7554,sulphur dioxide (for color retention),"['sulphur dioxide', 'sulphites']"
7555,raisins seedless,[]
7556,"filling (ricotta cheese [whey, cream, salt, citric acid {acidity regulator}], water, bread crumbs [wheat flour, salt, natural yeast], potato flakes, grated cheese [milk, salt, microbial rennet], mozzarella [milk, salt, microbial rennet], provolone cheese [milk, salt, microbial rennet], corn flour, lemon juice, salt, whey powder, butter [cream], yeast extract)","['dairy', 'wheat']"
7557,sodium nitrite; diced ham wa: cured with water,[]
7558,chicken: chicken breast,[]
7559,magnesium silicate,[]
7560,contains 2 % or less of organic lime juice from concentrate,[]
7561,"organic vegetable base (organic cooked vegetables [organic carrot, organic onion, organic celery], sea salt, organic cane sugar, organic expeller pressed canola oil, organic carrot powder, organic potato flour, organic onion powder, organic black pepper)",['celery']
7562,"breadcrumbs (wheat flour, salt, water)","['wheat', 'gluten']"
7563,"fruit blend (blueberries, water, sugar, fructose, modified corn starch, citric acid, sodium citrate, pectin, guar gum, malic acid, potassium sorbate added to maintain freshness, vitamin a acetate, vitamin d3)",[]
7564,"pasta (enriched unbleached durum wheat semolina, niacin, folic acid, ferrous sulfate, riboflavin, thiamine mononitrate)","['wheat', 'gluten']"
7565,brown sugar & natural flavor,[]
7566,"malt powder (malted barley, wheat, milk, hydrolyzed wheat gluten, sodium bicarbonate, salt)","['dairy', 'wheat', 'gluten']"
7567,"salted butter (cream, salt)",['dairy']
7568,pecans (6.6%),['tree nuts']
7569,"enzymes), garlic powder, disodium inosinate, disodium guanylate, cultured whey, lactic acid, cultured nonfat milk, calcium lactate, extractive of paprika (color), cheddar cheese powder (cheddar cheese [pasteurized milk",['dairy']
7570,fire roasted zucchini,[]
7571,kale (usa),[]
7572,"enriched wheat flour (wheat, niacin, iron, thiamin mononitrate, riboflavin, folic acid, enzyme)","['wheat', 'gluten']"
7573,mustard gran,['mustard']
7574,"semi-sweet chocolate chips (sugar, chocolate liquor, cocoa butter, dextrose, soy lecithin, artificial vanillin)",['soybeans']
7575,organic leeks,[]
7576,"pepperoni (pork and beef, salt, flavorings, lactic acid starter culture, oleoresin of paprika, sodium nitrite, bha, bht, citric acid [to protect flavor], may contain dextrose, natural flavoring, natural smoke flavoring, sodium ascorbate [vitamin c], spices, garlic powder, sugar)",[]
7577,"grana padano pdo cheese (cultured milk, salt, enzymes)",['dairy']
7578,"lasagna ingredients: ricotta cheese (milk, whey, cream, vinegar)",['dairy']
7579,"teriyaki seasoning (sugar, dehydrated soy sauce [soybeans, wheat, salt, dextrin], maltodextrin, modified food starch, vinegar solids, sherry wine concentrate, garlic powder, caramel color, spice)","['soybeans', 'wheat', 'gluten']"
7580,less than 2% of: citric acid,[]
7581,"crisp rice (rice flour, sugar, salt)",[]
7582,onion powder garlic powder,[]
7583,"product contains: mangos: (mango, sugar, salt, citric acid, sulfur dioxide, artificial color (fd&c red #40))","['sulphur dioxide', 'sulphites']"
7584,"clam broth (water, clam juice)",['shellfish']
7585,corn flavor,[]
7586,roasted in peanut and/or cottonseed,['peanuts']
7587,"(contains one or more of the following: corn, cottonseed, canola, sunflower, or soybean oil)",['soybeans']
7588,garlic (0.3%),[]
7589,"cooked seasoned pork (pork, water, potato starch, olive oil, salt, lemon juice, dextrose, dehydrated garlic, black pepper, oregano, basil, cayenne pepper, parsley, dehydrated onion)",[]
7590,artificial colors,[]
7591,"honey mustard marinade (water, honey, spices, brown sugar, vinegar, mustard, high fructose corn syrup, salt, corn syrup vinegar, wine, apple cider vinegar, concentrated lemon juice, citric acid)",['mustard']
7592,"israeli couscous (wheat flour, rosemary extract)","['wheat', 'gluten']"
7593,"low-moisture part-skim mozzarella cheese ([pasteurized milk, cheese cultures, salt, enzymes], potato starch, canola oil, and cellulose powder added to prevent caking)","['dairy', 'soybeans']"
7594,and soy lecithin (an emulsifier)],['soybeans']
7595,contains 2% less of each of the following: yeast,[]
7596,milled rice 87%,[]
7597,"non gmo soy crisp (soy protein isolate, tapioca starch, salt)",['soybeans']
7598,"organic spices (organic basil, organic marjoram, organic oregano)",[]
7599,breadcrumb: wheat flour,"['wheat', 'gluten']"
7600,"salt]), soy lecithin, sodium stearoyl lactylate, spices, dried garlic, methylcellulose, flavor (maltodextrin",[]
7601,beta carotene added for color,[]
7602,"dehydrated vegetables (carrot, green onion, seaweed)",[]
7603,"parmesan cheese powder [parmesan cheese (pasteurized milk, salt, culture enzymes)",['dairy']
7604,blanched peanuts roasted in peanut oil,['peanuts']
7605,"filling (asparagus, ricotta (whey, whole milk, cream, vinegar), mascarpone cheese (pasteurized milk, cream, citric acid), parmigiano reggiano cheese (cow's milk, salt, rennet), chicory root fiber, whey, roasted onions, mozzarella cheese (pasteurized cultured milk, salt and enzymes), unsalted butter (cream), bread crumbs (wheat flour, yeast, salt), vegetable fiber, 2% or less of salt, garlic, toasted onions, natural flavor, black pepper)","['dairy', 'wheat', 'gluten']"
7606,"imitation crabmeat (fish protein [alaska pollock and/or whiting], water, wheat starch, liquid egg whites [water, egg white powder], corn starch, sugar, sorbitol, contains 2% or less of the following: soybean oil, salt, mirin [corn syrup, fermented rice extract, water, salt], natural and artificial flavors [hydrolyzed soy protein, crab extract], sodium tripolyphosphate, tetrasodium pyrophosphate, color added [carmine, paprika oleoresin])","['fish', 'wheat', 'eggs', 'soybeans']"
7607,in a collagen casing,[]
7608,natural flavors (savory maple and spice extractives),[]
7609,grade a extra large organic eggs,['eggs']
7610,oleoresin of,[]
7611,"ricotta cheese (pasteurized whey, cream, vinegar, and salt)",['dairy']
7612,contains 2% or less of: seasoning [onion,[]
7613,dehydrated basil and citric acid,[]
7614,"thai style seasoning (sea salt, granulated garlic, white pepper, cayenne red pepper)",[]
7615,"corn flakes (corn, sugar, salt, barley malt, corn syrup)",[]
7616,cured pork chops with natural juices,[]
7617,tricalcium phosphate (to make free-flowing),[]
7618,semolina,[]
7619,yogurt cultures; (shot) toasted oats,[]
7620,"feta cheese (cultured milk, water, whey, skim milk, sodium phosphate, cream, salt, sorbic acid, guar gum, enzymes)",['dairy']
7621,whole wax beans,[]
7622,sugar (fortified with vitamin a),[]
7623,whole grain brown rice,[]
7624,caffeine from tea,[]
7625,contains less than 2% of: organic tomato puree,[]
7626,organic invert sugar,[]
7627,disodium inonate,[]
7628,spices (including chili pepper and jalapeno pepper),[]
7629,greek-style yogurt powder (cultured skim milk),['dairy']
7630,"bittersweet chocolate (unsweetened chocolate, cocoa butter, sugar, natural vanilla flavor)",['**dairy']
7631,nonfat milk solids],['dairy']
7632,monocalcium phosphate,[]
7633,"lemon juice (filtered water, lemon juice concentrate, sodium bisulfite, sodium benzoate, lemon oil)",[]
7634,"water), sugar, distilled vinegar, tapioca syrup, salt, contains 2% or less of each of the following: ginger, citric acid, spice, water",[]
7635,prosciutto italiano ingredients: pork leg,[]
7636,natural honey,[]
7637,"chicken and vegetable potstickers (filling [cooked chicken, cabbage, green onion, soybean oil, wine, salt, potato starch, sesame oil, spices, ginger, sugar, soy sauce {water, soybean, wheat, salt}], wrapper [unbleached enriched flour {wheat flour, malted barley flour, niacin, thiamine mononitrate, reduced iron, riboflavin, folic acid}, water, soybean oil, salt])","['soybeans', 'wheat', 'sesame']"
7638,"mayonnaise (soybean oil, white distilled vinegar, corn syrup, water, egg yolks, salt, whole eggs, lemon juice concentrate, egg yolk solids, calcium disodium edta [added to protect flavor], natural flavors)","['eggs', 'soybeans']"
7639,organic cereal shell: organic corn flour,[]
7640,grass fed beef,[]
7641,leavening (sodium aluminium phosphate. sodium bicarbonate),[]
7642,"corn masa flour (corn masa, niacin, reduced iron, thiamine mononitrate, riboflavin)","['wheat', 'gluten']"
7643,cooked ground turkey,[]
7644,palm oil with preservatives (tbhq),[]
7645,brown sugar salt,[]
7646,"organic tomato salsa (tomatoes, jalapeno peppers, on- ions, water, tomato paste, cilantro, sea salt, sugar, vinegar, cumin, garlic, cayenne pepper)",[]
7647,dried bonito,['fish']
7648,red wine vinegar spices,[]
7649,dark chili pepper,[]
7650,"basil oil with garlic(soybean oil, basil, canola oil, olive oil, garlic, white balsamic vinegar (wine vinegar, grape must, caramel color), salt, sugar,)",['soybeans']
7651,"cinnamon flakes (sugar, vegetable oil [palm, palm kernel)",[]
7652,"carrageenan), salt, natural flavors, food starch-modified, gum blend (guar gum",[]
7653,"cauliflower & tomato mix (cauliflower, grape tomatoes, yellow onion)",[]
7654,"sriracha (chili peppers, sugar, garlic, salt, vinegar)",[]
7655,"dijon mustard (water, mustard seeds, vinegar, salt)",['mustard']
7656,"microbial rennet), organic fontal cheese (pasteurized organic milk",['dairy']
7657,milk with vitamin d3,['dairy']
7658,"minced pimiento (water, pimiento, sodium alginate, guar gum, calcium chloride, potassium sorbate as preservative)",[]
7659,"vegetable shortening (canola oil, modified palm and palm kernel oils)",[]
7660,cocoa powder for color,[]
7661,organic blueberry juice,[]
7662,english toffee flavor,[]
7663,"handcrafted caramel (evaporated milk, sugar, corn syrup (not hfcs), invert sugar) sea salt",['dairy']
7664,"baking powder (sodium acid phosphate, sodium bicarbonate, cornstarch, monocalcium phosphate)",[]
7665,"sweet relish (cucumbers, sugar, vinegar, salt, xanthan gum, natural flavor)",[]
7666,ingredients: ham,[]
7667,vlnegar,[]
7668,calcium phosphate},[]
7669,"semisweet chocolate (sugar, chocolate, cocoa butter, soy lecithin, natural flavor)",['soybeans']
7670,"black tea (filtered water, black tea)",[]
7671,vegetable oil (soybean and/or sunflower oil),['soybeans']
7672,hibiscus flower,[]
7673,"40% rice cakes (wholegrain brown rice, rice)",[]
7674,corn starch+,[]
7675,pasta ingredients: organic unbleached wheat flour,"['wheat', 'gluten']"
7676,lactic acid(e270)',[]
7677,regenerated collagen casing,[]
7678,"caramel (sugar, corn syrup, liquid sugar, skim milk, palm oil, butter, salt, mono- and diglycerides, soy lecithin)","['dairy', 'soybeans']"
7679,defatted soy flour,['soybeans']
7680,spice oils turmeric & annatto which impart color,[]
7681,coconut oil+,[]
7682,organic garlic chips,[]
7683,"artificial colors (red 3, yellow 5, red 40)",[]
7684,"cheese seasoned pretzels (enriched flour [wheat flour, niacin, reduced iron, vitamin b1 (thiamin mononitrate), vitamin b2 (riboflavin), folic acid], canola oil, salt, yeast, lactic acid, cheddar cheese [milk, cultures, salt, enzymes], citric acid, whey, baking soda, sugar, buttermilk, natural flavor, malt syrup, yeast extract, vinegar solids, rosemary extract and ascorbic acid for freshness, paprika extract color)","['wheat', 'dairy']"
7685,"chicken flavor (autolyzed yeast extract, chicken flavor, salt, chicken fat)",[]
7686,coconut with sodium metabisulfite,['sulphur dioxide']
7687,"fudge swirl (agave syrup, water, a cocoa [processed with alkali], vanilla extract)",[]
7688,organic beet powder,[]
7689,"and artificial color (fd&c red 40, fd&c blue 1, fd&c yellow 5, fd&c yellow 6, titanium dioxide)",[]
7690,wheat flour; contains 2% or less of each of the following: soybean oil,"['wheat', 'soybeans', 'gluten']"
7691,natural flavor and extractives of paprika,[]
7692,hydrolyzed soybean protein,['soybeans']
7693,"parmesan cheese (pasteurized part-skim milk, cheese cultures, salt, enzymes, powdered cellulose (anti-caking agent), natamycin (a natural mold inhibitor))",['dairy']
7694,"dark chocolate (sugar, chocolate liquor, cocoa butter, milk fat, butter oil, soy lecithin [an emulsifier], vanilla)","['dairy', 'soybeans']"
7695,anise extract,[]
7696,ferrous gluconate],[]
7697,"soy lecithin), cream cheese (sugar","['dairy', 'soybeans']"
7698,"fruit juice concentrate (pineapple, peach, apple, pear)",[]
7699,milk-fat,['dairy']
7700,"lemon juice (non-gmo maltodextrin, organic lemon juice concentrate)",[]
7701,natural flavor (including bourbon whiskey),[]
7702,polyglycerol esters (emulsifier),[]
7703,"enriched flour (wheat flour, malted barley flour, niacin, reduced iron,thiamine mononitrate, riboflavin, folic acid)","['wheat', 'gluten']"
7704,contains less than 2% of each of the following: dried yeast,[]
7705,contains 2% or less of each: yeast,[]
7706,"tamari soy sauce (soybeans, salt, maltodextrin)",['soybeans']
7707,organic prepared white beans,[]
7708,organic green chile peppers,[]
7709,"leavening (sodium bicarbonate, sodium aluminum phosphate, monocalcium phosphate)",[]
7710,"organic dark chocolate (organic cane sugar, water, organic cocoa powder, natural flavor, citric acid, sea salt)",[]
7711,"white coating (sugar, partially hydrogenated palm kernel oil, nonfat milk powder, soy lecithin (emulsifier), monoglycerides, artificial color (titanium dioxide), salt, artificial flavor)","['dairy', 'soybeans']"
7712,"vegetable oils (sustainable palm fruit oil, sunflower oil)",[]
7713,tbqh (preservative),[]
7714,organic invert cane sugar syrup,[]
7715,"spices and herbs (including red pepper, parsley, ginger, and cinnamon)",[]
7716,seedless raspberry puree,[]
7717,"seasoning (sea salt, potassium chloride)",[]
7718,"cooked wild rice (wild rice, water)",[]
7719,"penne pasta (semolina flour [wheat], egg whites)","['eggs', 'wheat', 'gluten']"
7720,pistachio paste,['tree nuts']
7721,"seasoning blend (salt, spices, paprika color, natural flavor)",[]
7722,natural raspberry juice concentrate,[]
7723,salt and rennet,[]
7724,dark chocolate coating [sugar,[]
7725,"tomato sauce (vineripened tomatoes, fresh basil leaf, salt and naturally derived citric acid) salt",[]
7726,"shortening (palm oil, soybean oil, canola oil, tocopherols [added as an antioxidant])",['soybeans']
7727,"burrito spice (spices, salt, canola oil)",[]
7728,contains less than 2% of the following ingredients: wheat flour,"['wheat', 'gluten']"
7729,"pretzels: enriched flour (wheat flour, niacin, reduced iron, thiamin mononitrate, riboflavin, folic acid)","['wheat', 'gluten']"
7730,onion allspice & spices,[]
7731,"harissa (red bell pepper, canola oil, lemon juice, garlic powder, cumin, salt, coriander seeds, vegetable color [paprika extract], spearmint, potassium sorbate, thai bird chiles, sodium benzoate)",[]
7732,contains 2% or less of the following: magnesium oxide,[]
7733,"grilled seasoned white meat chicken (chicken white meat, water, potato starch, sea salt)",[]
7734,"chicken base (chicken meat and concentrated chicken stock, salt, chicken fat, sugar, dried whey [milk], flavor blend [yeast extract, corn syrup solids, citric acid, natural flavor], flavoring, extractive of turmeric)",['dairy']
7735,"milk chocolate (sugar, cocoa butter, milk, chocolate liquor, soy lecithin (eumlsifer), vanilla, salt) macadamia nuts and confectioners glaze","['dairy', 'soybeans', 'tree nuts']"
7736,ascorbic acid (antioxidant),[]
7737,"color (paprika, annatto extract)",[]
7738,"baking powder (sodium acid pyrophosphate, baking soda, modified corn starch, monocalcium phosphate, calcium sulfate)",[]
7739,dessicated coconut,[]
7740,"sodium metabisulphite]), sour cream (milk","['dairy', '**sulphites']"
7741,imported italian plum tomatoes,[]
7742,"rice (water, rice)",[]
7743,contains 2% or less of each of the following: caramel (color),[]
7744,"roasted pulled chicken (chicken breast with rib meat, water, sea salt, vinegar)",[]
7745,fresh,[]
7746,"methylparaben (0,1%) as a preservative",[]
7747,mozzarella,['dairy']
7748,"flavorings (vanillin, milk, chocolate, peanut)","['**peanuts', 'dairy']"
7749,"chips ahoy! chocolate chip cookies (unbleached enriched wheat flour, semi-sweet chocolate chunks (sugar, chocolate, cocoa butter, dextrose, milk, soy lecithin), sugar, canola oil, palm oil, high fructose corn syrup, leavening, salt, artificial flavoring, caramel color, natural flavor)","['wheat', 'gluten', 'dairy', 'soybeans']"
7750,less than 2% silicone dioxide (anticaking agent),[]
7751,contains 2% or less of each of the following: whey (milk),['dairy']
7752,vegetable oil shortening (modified palm and soybean oils),['soybeans']
7753,sprinkle mix: sugar,[]
7754,"organic whole wheat flour (organic sprouted whole wheat flour, organic whole wheat flour)","['gluten', 'wheat']"
7755,distilled and cider vinegar,[]
7756,flavorings (soy lecithin),['soybeans']
7757,"green olives (green olives, water, sea salt, lactic acid)",[]
7758,"filling: seasoned chicken breast (chicken, water, potato starch, canola oil, potassium chloride, salt, sodium phosphate, carrageenan, yeast extract, sugar, seasoning [black pepper, celery seeds, mushroom, oregano], spices)",['celery']
7759,mochi dough ingredients: sugar,[]
7760,whole grain parboiled long grain brown rice,[]
7761,italian olive oil / canola oil,[]
7762,"folic acid (a """"b"""" vitamin)] water",[]
7763,palm & palm kernel oil,[]
7764,ascorbic acid added as a dough conditioner (vitamin c),[]
7765,garlic powder). cooked italian sausage: (pork,[]
7766,"salt fig (figs, pure cane sugar, fruit pectin, citric acid)",[]
7767,flavors(vanillin),[]
7768,propylene glycol mono- and diesters of fats and fatty acids,[]
7769,"cheeses (low moisture part skim mozzarella cheese [pasteurized part skim milk, cheese cultures, salt, enzymes], parmesan and romano cheese blend [pasteurized cow's milk, cheese cultures, salt, enzymes], asiago cheese [pasteurized milk, cheese cultures, salt, enzymes])",['dairy']
7770,salt and natural color,[]
7771,caffeine (43mg per serving),[]
7772,"chicken broth (contains ascorbic acid, flavor)",[]
7773,"cooked red rice (water, red rice)",[]
7774,"artificial color (yellow 6 lake, yellow 5 lake, blue 2 lake)",[]
7775,"beef flavor (beef stock, flavor, water, beef extract, onion juice)",[]
7776,"margarine (soybean oil and palm oil, water, salt, whey [milk], soybean lecithin, monoglycerides, natural flavor, vitamin a palmitate, vitamin d3)","['dairy', 'soybeans']"
7777,less than 2% vinegar,[]
7778,cane sugara,[]
7779,"color (red 40, yellows 5 & 6, blue 1)",[]
7780,"m&m's chocolate candies (milk chocolate (sugar, chocolate, skim milk, cocoa butter, lactose, milkfat, soy lecithin, salt, artificial and natural flavors), sugar cornstarch, less than 1% - corn syrup, dextrin, coloring (includes blue 1 lake, yellow 6, red 40, yellow 5, blue 1, yellow 6 lake, red 40 lake, yellow 5 lake, blue 2 lake, blue 2), carnauba wax, gum acacia)","['dairy', 'soybeans']"
7781,contains less than 2% of each of the following: beef extract,[]
7782,contains 2% or less: potato starch,[]
7783,"cream cheese powder (cream, milk, salt, bacterial culture, sodium phosphate, sodium citrate, tocopherols, silicon dioxide (to prevent caking]), cinnamon, yogurt powder (milk, lactic acid, citric acid, bacterial culture), sea salt, baking soda (sodium bicarbonate), soy lecithin (emulsifier), ginger, leavening (ammonium bicarbonate), organic caramel color, nutmeg, color (annatto)","['dairy', 'soybeans']"
7784,calcium disodium edta (retains product freshness),[]
7785,"extra fancy durum flour (durum wheat flour, niacin, ferrous sulfate, thiamine mononitrate, riboflavin, folic acid)","['gluten', 'wheat']"
7786,white sugar,[]
7787,carrot extract for color,[]
7788,soybean and/or coconut oil,[]
7789,"pasta (enriched durum flour [wheat flour, niacin, reduced iron, thiamine mononitrate, riboflavin, folic acid], water, dried whole eggs, turmeric)","['gluten', 'wheat', 'eggs']"
7790,"beau monde seasoning (salt, dextrose, onion, celery seed, silicon dioxide)",['celery']
7791,sun-dried fig paste,[]
7792,dried egg,['eggs']
7793,"apricot preserves (apricots, sugar, corn syrup, pectin, citric acid)",[]
7794,aged red cayenne pepper,[]
7795,organic caffeine,[]
7796,green tea polyphenols (egcg),[]
7797,cultured celery powder,['celery']
7798,"cherries (cherries, sugar, crystalline fructose, water, corn starch, cherry puree concentrate, natural flavor, vegetable juice (for color), locust bean gum, malic acid, sodium citrate)",[]
7799,sodium benzoate and sodium metabisulfite (preservatives),"['sulphur dioxide', 'sulphites']"
7800,"reconstituted vegetable juice blend (water, concentrated juices of carrots, celery, beets, parsley, lettuce, watercress, and spinach)",['celery']
7801,"soy lecithin), shortening (palm oil with mono and digycerides",['soybeans']
7802,"dough conditioner (soy, wheat)","['soybeans', 'wheat']"
7803,100% hard amber durum whole wheat,"['wheat', 'gluten']"
7804,"croutons (enriched flour [wheat flour, malted barley flour, niacin, reduced iron, thiamin mononitrate, riboflavin, folic acid], canola oil, whey, yeast, salt, 2% or less of high fructose corn syrup, wheat gluten, dehydrated parsley, garlic powder, natural & artificial flavor, parmesan cheese & enzyme modified cheese [pasteurized milk, cheese cultures, salt, enzymes], cultured nonfat milk, calcium propionate [preservative], calcium peroxide, calcium sulfate, ascorbic acid, azodicarbonamide, sodium stearoyl lactylate, annatto [color], extractives of turmeric and paprika [color], tbhq [to preserve freshness])","['wheat', 'gluten', 'dairy']"
7805,reduced to 5%,[]
7806,water spices,[]
7807,apple puree concentrate (may contain ascorbic acid),[]
7808,contains 2% or less of: dehydrated red pepper,[]
7809,"topping: tomato paste (fresh vine-ripened california tomatoes, citric acid)",[]
7810,tbhq (to protect flavor),[]
7811,butter (unsalted),['dairy']
7812,"cheese blend (cheddar cheese [pasteurized milk, cheese cultures, salt, enzymes, annatto {color}], monterey jack cheese [pasteurized milk, cheese cultures, salt, enzymes], potato starch, corn starch, natamycin [mold inhibitor])",['dairy']
7813,"enriched bleached flour (wheat flour, niacin, reduced iron, thiamin mononitrate, riboflavin, folic acid, malted barley flour, enzymes, ascorbic acid)","['wheat', 'gluten']"
7814,"(pineapple, silicon dioxide)",[]
7815,egg whites (99%) contains 1% or less of the following: guar gum xanthan gum,['eggs']
7816,sea clams,['shellfish']
7817,"seasoning (spices, salt, sugar, natural flavor, dried garlic, maltodextrin, dried onion, corn syrup solids, disodium phosphate, sodium caseinate)",[]
7818,contains 2% or less of annatto (color),[]
7819,"enriched unbleached flour (wheat flour, niacin, reduced iron, thiamin mononitrate, riboflavin, folic acid)","['wheat', 'gluten']"
7820,"whipped topping (whipped topping base [water, hydrogenated palm kernel oil, high fructose corn syrup, contains less than 2% of the following: carbohydrate gum, polysorbate 60, sugar, polyglycerol esters of fatty acids, salt, soy lecithin, sodium citrate, natural and artificial flavor, disodium phosphate, xanthan gum, natural flavor, beta-carotene {color}], water, high fructose corn syrup, pineapple juice concentrate [water, pineapple concentrate, ascorbic acid], sugar, whipped topping base [palm kernel oil, corn syrup solids, propylene glycol monostearate, sugar, sodium caseinate {milk}, acetylated monoglycerides, mono and diglycerides, microcrystalline cellulose and sodium carboxymethyl cellulose], gelatin, vanilla flavor [propylene glycol, natural and artificial flavors, ethyl alcohol], modified corn starch, potassium sorbate [preservative])","['soybeans', 'dairy']"
7821,organic spices and tricalcium phosphate (less than 2% to prevent caking)],[]
7822,"caramel flavoring (sweetened condensed milk [milk, sugar], corn syrup, water, cream, natural flavors, potassium sorbate [preservative], caramel color)",['dairy']
7823,"whole grain blend (oats, brown rice, oat flour, millet, amaranth, buckwheat, quinoa)",[]
7824,tree chili,[]
7825,organic white grape juice concentrate,[]
7826,"dry roasted pumpkin seed kernels (pumpkin seed kernels, sea salt)",['**tree nuts']
7827,tbhq and bht added to help protect flavor,[]
7828,pure almond extract,['tree nuts']
7829,cranberries (20%),[]
7830,"romano cheese (pasteurized sheep's milk, cheese culture, salt, enzymes, modified food starch, powdered cellulose (anti-caking agent), water, whole egg, flour blend (yellow corn flour, wheat flour, soybean oil, extractives of turmeric and paprika), salt, half & half (milk, cream), parsley, rice flour, wheat fiber, black pepper","['dairy', 'eggs', 'wheat', 'soybeans']"
7831,"smoke flavor (vegetable oil, natural smoke flavor)",[]
7832,"bittersweet chocolate (unsweetened chocolate, sugar, soy lecithin, vanilla)",['soybeans']
7833,"spices (including black pepper, paprika, red pepper)",[]
7834,foenugreek,[]
7835,"green mustard (water, horseradish, mustard. corn flour, spirulina)",['mustard']
7836,"egg patty (whole eggs, whey, soybean oil, nonfat milk, contains 2% or less of the following: modified food starch, salt, xanthan gum, citric acid, natural butter flavor)","['eggs', 'dairy', 'soybeans']"
7837,"part-skim mozzarella cheese (pasteurized milk, cheese cultures, salt, enzymes; potato starch, canola oil and cellulose powder (anti- caking agents), natamycin (a natural mold inhibitor))","['dairy', 'wheat', 'gluten']"
7838,"natural flavour (cheddar, parmesan)",['dairy']
7839,"milk chocolate (sugar, cocoa butter, whole milk powder, chocolate liquor, soy lecithin (an emulsifier), and vanillin (an artificial flavor))","['dairy', 'soybeans']"
7840,"zego seed blend (sunflower seeds, sacha inchi seed protein, chia seeds)",[]
7841,"cooked seasoned chicken (chicken meat, water, sea salt, corn starch, spices, chicken stock, torula yeast, evaporated cane syrup, dried garlic and onion)",[]
7842,organic soy sauce powder,['soybeans']
7843,rebaudioside-a (stevia leaf extract),[]
7844,"french onion seasoning (salt, dehydrated onion, modified cornstarch, sugar, monosodium glutamate, parsley, natural flavor)",[]
7845,sodium propionate and citric acid and potassium sorbate (preservatives),[]
7846,"semi-sweet chocolate (sugar, chocolate processed with alkali, cocoa butter, soy lecithin-an emulsifier, vanillin-an artificial flavor)",['soybeans']
7847,"dough conditioner (whey, l-cysteine hcl)",['dairy']
7848,potassium lactate,[]
7849,ground bourbon vanilla beans,[]
7850,polyglycerol esters of fatty acids (emulsifier),[]
7851,"preservatives (potassium sorbate, sulfiting agents, sorbic acid, calcium propionate, sodium propionate)","['sulphur dioxide', 'sulphites']"
7852,"bread cubes (enriched wheat flour [flour, niacin, reduced iron, thiamin mononitrate, riboflavin, folic acid], sugar, salt, contains 2% or less of each of the following: vegetable shortening [palm oil], yeast, grain vinegar, soy lecithin)","['wheat', 'soybeans']"
7853,dragon fruit powder sea salt,[]
7854,sea salt (3%),[]
7855,"cheeses (low moisture part skim mozzarella, asiago and parmesan cheeses cultured pasteurized part skim milk, salt, enzymes] provolone and fontina cheeses [cultured pasteurized milk, salt, enzymes])",['dairy']
7856,milk,['dairy']
7857,barley malt extract (gluten),['gluten']
7858,red 3,[]
7859,leavening (sodium bicarbonate)],[]
7860,ginger juice1,[]
7861,natamycin (a mold inhibitor),[]
7862,"soy sauce (water, wheat, soybeans, sea salt, alcohol [to retain freshness])","['wheat', 'soybeans']"
7863,apple cider vinegar (pure apple cider vinegar and filtered water),[]
7864,"coloring (includes blue 1 lake, yellow 6, red 40, yellow 5, blue 1, yellow 6 lake, red 40 lake, yellow 5 lake, blue 2 lake, blue 2)",[]
7865,organic brown flaxseeds,[]
7866,less than 2% of dipotassium phosphate,[]
7867,white salt flakes,[]
7868,"cream cheese (cream, skim milk, food starch, salt, sodium stearoyl, lactylate, locust bean gum, citric acid, xanthan gum, lactic acid, natural flavor, phosphoric acid, and potassium sorbate)",['dairy']
7869,contains less than 2% of: refined lard (bht added to protect flavor),[]
7870,"marinated artichokes (artichokes, water, salt, vinegar, oil (vegetable oil), citric acid, spices)",[]
7871,apricot puree from concentrate,[]
7872,"coated with seasoning (bleached enriched wheat flour (wheat flour, niaicin, reduced iron, thiamine mononitrate, riboflavin, folic acid), modified corn starch, rice flour, salt, leavening (sodium aluminum phosphate, sodium bicarbonate, monocalcium phosphate), yellow corn flour, soy flour, dried egg whites, modified rice starch, pregelantinized yellow corn flour, soybean oil, guar gum, dried garlic, dried onion, spice extractives)","['wheat', 'eggs', 'soybeans']"
7873,"mozzarella cheese (pasteurized milk, cheese culture, salt, vinegar, enzymes); salame (pork, sea salt, less than 2% of: dextrose, lactic acid starter culture, spices, natural flavoring, garlic, sodium erythorbate, sodium nitrate, sodium nitrite, white wine.)",['dairy']
7874,"enzymes), powdered cellulose [anti-caking agent]), romano cheese ([pasteurized part skim cow's milk, cheese culture, salt, enzymes], powdered cellulose [anti-caking agent]), dehydrated garlic, dried parsley, dried oregano",['dairy']
7875,"fudge (high fructose corn syrup, corn syrup, water, cocoa, sugar, modified corn starch, corn starch, cocoa processed with alkali, salt, carrageenan, natural flavor, guar gum)",[]
7876,"organic mozzarella (cultured pasteurized organic milk, sea salt, vegetable enzymes)",['dairy']
7877,sweetened only with fruit juice concentrates (grape and apple),[]
7878,"yogurt coated raisins (sugar, raisins [raisins, vegetable oil], hydrogenated palm kernel oil, yogurt powder [whole milk powder, lactic acid, citric acid, bacterial culture], whey powder, powdered whey protein concentrate, soyalecithin, titanium dioxide, glucose, tapioca dextrin, confectionery glaze)","['dairy', 'soybeans']"
7879,"cheddar cheese (pasteurized milk, cheese cultures, enzymes, salt, annatto [color])",['dairy']
7880,sodium benzoate and potassium sorbate (to preserve freshness),[]
7881,shiitake powder,[]
7882,"flavored fruit pieces (dehydrated apples [treated with sodium sulfite to promote color retention], artificial strawberry flavor, citric acid, red 40)",['sulphur dioxide']
7883,"vegetable oil (contains one or more of the following: canola, corn, cottonseed, safflower and/or soybean oil)",['soybeans']
7884,"enzyme modified romano cheese (pasteurized cow's milk, cultures, salt, enzymes)",['dairy']
7885,seared in vegetable oil,[]
7886,"marshmallow creme sauce (water, marshmallow creme mix [sugar, dextrose, modified corn starch, corn syrup solids, titanium dioxide {color}, salt, vanilla extract, natural flavor, cellulose gum, xanthan gum, not more than 2% silicon dioxide added to prevent caking])",[]
7887,grape,[]
7888,"citric acid [preservative]), mono- and diglycerides, polysorbate 60, soy flour",['soybeans']
7889,"tomatoes (tomatoes, tomato puree, salt, citric acid, chicken (white chicken meat, water, potato starch, salt), corn, onions, carrots, tomato paste, tortilla chips (stone-ground corn, sunflower oil, safflower oil, salt), contains 2% or less of: monterey jack cheese (pasteurized milk, cheese culture, salt, enzymes, modified cellulose [to prevent caking]), jalapenos, garlic, corn starch, cilantro, salt, chili base (chili peppers, dried onion, salt, spices, paprika, dried garlic), lime juice, chives and spices","['dairy', 'wheat']"
7890,"natamycin (a natural mold inhibitor)]), muenster cheese (pasteurized milk",['dairy']
7891,pasteurized organic cream,['dairy']
7892,"icing: icing sugar (sugar, corn - starch)",[]
7893,roasted estate arabica coffee beans,[]
7894,natural cocoa,[]
7895,"chocolate crumb (wheat flour, cane sugar, palm oil, cocoa [processed with alkali], caramel color, sodium bicarbonate, whey [milk], salt)","['wheat', 'dairy']"
7896,soy sauce powder,['soybeans']
7897,miso [water,[]
7898,if product contains sprinkles: sugar,[]
7899,chicken broth and natural flavor,[]
7900,colored with fruit and vegetable juice powder,[]
7901,organic raw walnuts,['tree nuts']
7902,contains less than 2%: corn starch,[]
7903,contains 2% or less of each of the following: molasses,[]
7904,additionally: original: gum base,[]
7905,"organic orange juice (water, organic orange juice concentrate)",[]
7906,potassium sorbate (to help protect flavor),[]
7907,hemp flour,[]
7908,powdered milk,['dairy']
7909,turmeric powder (color),[]
7910,"ricotta (pasteurized whey, pasteurized grade a part skim milk, vinegar, salt)",['dairy']
7911,"chicken salad (roasted pulled chicken breast [chicken breast with rib meat, water, sea salt, vinegar], mayo blend [mayonnaise (soybean oil, water, corn syrup, egg yolk, contains less than 2% distilled vinegar. salt. mustard flour). salt, black pepper], white pepper)","['soybeans', 'eggs', 'mustard']"
7912,soybean oil used as processing agent,['soybeans']
7913,pineapple jam,[]
7914,organic coconut (shredded and dehydrated),['tree nuts']
7915,"preservatives (propionic acid, benzoic acid, sodium hydroxide)",[]
7916,"coffee (water, coffee)",[]
7917,dark chocolatey coating: sugar,[]
7918,"vegetable oil shortening (palm oil, soybean oil and/or canola oil)",['soybeans']
7919,inulin (vegetable fiber),[]
7920,"sprinkles (erythritol, soluble corn fiber palm oil, natural colors)",[]
7921,"coffee (water, coffee extract)",[]
7922,"strawberries (strawberries, corn starch-modified, citric acid, red #40)",[]
7923,1% of potassium sorbate and sodium benzoate as preservatives,[]
7924,"baking powder (sodium acid pyrophosphate, sodium bicarbonate, corn starch, monocalcium phosphatej, glycerine, powdered sugar sugar, corn starch, natural flavor, salt)",[]
7925,garlic puree1,[]
7926,whole kernel corn,[]
7927,kombucha culture (yeast and bacteria cultures),[]
7928,coating ingredients: coconut oil,[]
7929,"vanilla icing (sugar, vegetable shortening (partially hydrogenated palm kernel oil and/or soybean oil), water, corn syrup, dextrose, sodium caseinate, potassium sorbate (preservative), modified cellulose, polysorbate 60, artificial flavors, salt, sodium citrate, soy protein concentrate, mono & diglycerides, sodium benzoate (preservative), polyglycerol esters of fatty acids, soy lecithin, xanthan gum)","['soybeans', 'eggs', 'dairy']"
7930,"organic whole grain toasted oats (organic whole grain rolled oats, organic cane sugar, ascorbic acid [vitamin c], mixed tocopherols [vitamin ej added to maintain freshness)",[]
7931,contains 2% or less of cornstarch - modified,[]
7932,ginger powder paste soup: water,[]
7933,"enriched flour (wheat flour, malted barley flour, niacin, reduced iron, thiamine mononitrate riboflavin, folic acid)","['wheat', 'gluten']"
7934,milk+,['dairy']
7935,"coloring (includes blue 1 lake, red 40, yellow 6, yellow 5, blue 1, red 40 lake, yellow 6 lake, yellow 5 lake, blue 2 lake, blue 2)",[]
7936,sea salt sunflower oil,[]
7937,"cheddar cheese [cheddar cheese (milk, salt, cultures, enzymes)",['dairy']
7938,"baking powder (sodium acid pyrophosphate, sodium bicarbonate, corn starch, mono- calcium phosphate)",[]
7939,contains less than 2% of papaya puree,[]
7940,contains 2% or less: apple juice concentrate,[]
7941,organic mediumchain triglycerides oil (from organic coconut oil),[]
7942,ashwagandha1,[]
7943,"stabilizer (carob bean gum, guar gum)",[]
7944,organic coconut flavor,[]
7945,"organic cheddar cheese (organic pasteurized milk, cultures, sea salt, enzymes)",['dairy']
7946,and disodium phosphate with citric acid,[]
7947,"contains 2% or less of: spices (including celery seed, black pepper, red and white pepper)",['celery']
7948,contains 2% or less of the following: rice starch,[]
7949,onion salt,[]
7950,vitamin d (cholecalciferol),[]
7951,organic moringa powder,[]
7952,"feta cheese (cultured pasteurized milk, salt, enzymes, guar gum, locust bean gum)",['dairy']
7953,"sprinkles (icing sugar, palm kernel oil, modified corn starch, corn starch, shellac, sunflower lecithin, fd&c artificial color red 40, mica pearlescent)",['shellfish']
7954,organic soy beans,['soybeans']
7955,contains 2% or less of the following: natural and artificial flavor,[]
7956,"organic whole wheat (organic whole wheat flour, organic cracked whole wheat, water, organic dried cane syrup (sugar), 21 whole grains and seeds mix (organic whole flax seeds, organic sunflower seeds, organic ground whole flax seeds, organic un-hulled brown sesame seeds, organic rolled oats, organic triticale, organic pumpkin seeds, organic un-hulled black sesame seeds, organic rolled spelt, organic millet, organic rolled barley, organic rolled rye, organic blue cornmeal organic brown rice flour, organic yellow cornmeal organic quinoa, organic rolled kamut khorasan wheat, organic amaranth flour, organic rolled whole wheat, organic buckwheat flour, organic sorghum flour, organic poppy seeds), organic wheat gluten, organic oat fiber, organic molasses, sea salt, yeast, organic cultured whole wheat","['wheat', 'gluten']"
7957,figs preserved with sulphur dioxide,"['sulphur dioxide', 'sulphites']"
7958,"black olives (ripe olives, salt, water and stabilizer: ferrous gluconate)",[]
7959,natural flavors (contains anchovy),['fish']
7960,"fruits (peach, pear, pineapple, cherry [red#3 color])",[]
7961,palmitate,[]
7962,sun dried sea salt,[]
7963,"enzyme modified cheese (cheddar cheese [milk, cheese culture, salt, enzymes], disodium phosphate, enzymes, xanthan gum)",['dairy']
7964,extractive of turmeric],[]
7965,"grilled white chicken (grilled chicken breast with rib meat, water, canola oil and extra virgin olive oil blend, lemon juice, sodium tripolyphosphate, salt)",[]
7966,paprika (for colour),[]
7967,"chocolate (chocolate liquor, sugar, cocoa butter, nonfat milk powder, whole milk powder, cocoa powder, soy lecithin [emulsifier], natural vanilla flavor)","['dairy', 'soybeans']"
7968,fd&c blue #1 lake,[]
7969,"cooked seasoned pork (pork, water, orange juice concentrate, potato starch, sea salt, natural flavoring, paprika)",[]
7970,"cellulose gum), sugar, liquid eggs, butter (cream","['dairy', 'eggs']"
7971,enriched flour unbleached wheat flour,"['wheat', 'gluten']"
7972,"yogurt (milk, lactic acid culture)",['dairy']
7973,sodium bicarbonate (leavener),[]
7974,"stabilizer (whey, corn starch, sorbic acid, guar gum, citric acid locust bean gum, carrageenan, soy lecithin, sodium phosphate, potassium phosphate)",['soybeans']
7975,corn starch cocoa (alkalized),[]
7976,"chicken crust (chicken, parmesan cheese [pasteurized part skim cow's milk, cheese cultures, salt, enzymes], salt, grapeseed oil)",['dairy']
7977,"bread crumbs (enriched flour bleached [wheat flour, niacin, iron, thiamin mononitrate, riboflavin, folic acid], vinegar, sugar, salt, baking soda, caramel color, yeast, spice extract, ascorbic acid [dough conditioner])","['wheat', 'gluten']"
7978,organic vermont maple syrup,[]
7979,black beans,[]
7980,shells: whole grain yellow corn,[]
7981,"pizza sauce (water, crushed tomato, canola oil, sugar, salt, citric acid, xanthan gum, spices, garlic powder)",[]
7982,rebaudioside a,[]
7983,"natural anise flavor (flavoring, water, propylene glycol, acacia gum, xanthan gum)",[]
7984,"vegetable oil (soybean, coconut, canola, rice bran)",['soybeans']
7985,"vegetable margarine (palm and canola oil, mono & diglycerides of fatty acids, citric acid)",[]
7986,contains 2% or less of each of the following: sodium acid pyrophosphate,[]
7987,sodium caseinate (emulsifiers),['dairy']
7988,"spice extract), enriched spaghetti (semolina wheat flour","['wheat', 'gluten']"
7989,100% mechanically (expeller) pressed refined sesame oil,['sesame']
7990,"pasteurized processed cheddar cheese (cheddar cheese [cultured pasteurized milk, salt, enzymes], water, milkfat, sodium phosphates, salt, potassium sorbate (to preserve freshness), annatto [color], potato starch, powdered cellulose [to prevent caking])",['dairy']
7991,"spice mix (mushroom powder [mushroom powder, maltodextrin], salt, soy sauce powder, onion powder, vegetable stock [salt, glucose syrup, vegetable powder {onion, carrot, tomato}, sugar, sunflower oil, spices])",['soybeans']
7992,spices (including paprika),[]
7993,"bread crumbs (wheat flour, sugar, canola oil, salt, yeast) salt","['wheat', 'gluten']"
7994,contains two percent or less of sugar,[]
7995,"pasta ingredients: enriched durum flour (niacin, ferrous sulfate, thiamine mononitrate, ribo-flavin, folic acid)","['wheat', 'gluten']"
7996,dry whey & paprika,['dairy']
7997,tapioca dextrin,[]
7998,"fruit blend (blueberries, sugar, water, modified corn starch, malic acid, vitamin a acetate, vitamin d3)",[]
7999,a b vitamin (folic acid),[]
8000,yellow and green bell peppers,[]
8001,"enriched egg noodles (durum flour, niacin, iron [ferrous sulfate], thiamine mononitrate, riboflavin, folic acid, whole egg)","['eggs', 'gluten', 'wheat']"
8002,organic black pepper,[]
8003,"honey)bulgur wheat, tack blend (maltodextrin","['**gluten', '**wheat']"
8004,organic lavender,[]
8005,"soy sauce (soy, water, wheat flour, salt)","['soybeans', 'gluten', 'wheat']"
8006,carob bean & xanthan gum,[]
8007,"beef broth flavor (beef broth, natural flavor, beef flavor, salt)",[]
8008,"baking powder (monocalcium phosphate, sodium bicarbonate, corn starch)",[]
8009,extractives of annatto,[]
8010,cabbage,[]
8011,kalamata olives ingredients: kalamata olives (pitted),[]
8012,lemon juice and 100% pure love!!!,[]
8013,"organic parmesan cheese (pasteurized organic milk, cheese cultures, salt, vegetable enzymes)",['dairy']
8014,atlantic salmon with color added,['fish']
8015,vegetables: iceberg lettuce,[]
8016,contains less than 2% of baking soda (for leavening),[]
8017,l-carnitine tartrate,[]
8018,"chocolate gems (milk chocolate flavored compound [sugar, hydrogenated palm kernel oil, cocoa processed with alkali, whey, nonfat milk, soy lecithin, sorbitan monostearate {stabilizer}, salt, polysorbate 60 {emulsifier}, artificial flavor], sugar, cornstarch, corn syrup, coloring [yellow 5, yellow 5 lake, red 40 lake, blue 1 lake, added color], gum acacia, confectioner's glaze)","['dairy', 'soybeans']"
8019,soy fiber,['soybeans']
8020,sodium benzoate to protect flavor,[]
8021,"raspberry flavored vinaigrette (water, sugar, raspberry flavored juice concentrate blend [apple, pear, raspberry and elderberry juice concentrates, natural flavor, citric acid], red wine vinegar, apple juice concentrate, distilled vinegar, salt, xanthan gum, natural flavor)",[]
8022,dried wakame seaweed,[]
8023,"organic filling (organic tomato paste (organic tomatoes, citric acid), organic tomatoes, organic ricotta cheese (organic milk, organic non-fat dry milk, organic vinegar, salt), organic low-moisture mozzarella cheese (organic pasteurized cultured milk, sea salt, enzymes), water, organic bread crumbs (organic wheat flour, sea salt, organic cane sugar, yeast), organic sweet whey, organic potato starch, organic dehydrated potatoes, organic unsalted butter (organic sweet cream), organic non-fat dry milk, 2% or less organic cane sugar, salt, organic garlic, organic oregano, natural flavors.) organic pasta (organic durum wheat flour, organic eggs, water)","['dairy', 'gluten', 'wheat', 'eggs']"
8024,"nut blend (sunflower oil, roasted cashews, roasted almonds, palm oil)",['tree nuts']
8025,polydextrosea,[]
8026,"pasta (wheat flour, eggs, water, dried spinach)","['eggs', 'gluten', 'wheat']"
8027,maltitol syrupa,[]
8028,whole tomatoes,[]
8029,"sausage-style crumbles: (filtered water, soy protein concentrate, structured vegetable protein [isolated soy protein, wheat gluten, wheat starch], seasoning [cane sugar, yeast extract, salt, spices, torula yeast, garlic powder, onion powder, citric acid, natural flavors], soybean oil, soy sauce [water, soybeans, salt, alcohol, wheat], methylcellulose, wheat gluten, malt extract, cellulose fiber, beet juice [color])","['soybeans', 'gluten', 'wheat']"
8030,"dough conditioner (wheat flour, diacetyl tartaric acid esters of mono-diglycerides [datem], contains 2% or less of soybean oil, l-cysteine, enzyme, ascorbic acid, azodicarbonamide [ada])","['soybeans', 'gluten', 'wheat']"
8031,spices (includes paprika),[]
8032,peach juice,[]
8033,"liquid smoke (water, natural hickory smoke flavor)",[]
8034,potassium sorbate and sodium benzoate (preservative),[]
8035,dehydrated onions,[]
8036,"blue cheese (pasteurized milk, cheese cultures, salt, enzymes)",['dairy']
8037,iodized salt: salt,[]
8038,paprika (for color),[]
8039,"contains less than 2% of: dehydrated chicken broth (dehydrated chicken broth, rosemary extract)",[]
8040,"color (paprika, beet powder)",[]
8041,organic wheatgrass juice,[]
8042,sorghum molasses and spices,[]
8043,"butter (cream, milk)",['dairy']
8044,"soy sauce(skimmed soybean, wheat salt)","['soybeans', 'gluten', 'wheat']"
8045,"organic mountain berry spinach puree (organic apples, organic spinach, organic strawberries, organic raspberries, organic blueberries, organic sweet potatoes.)",[]
8046,"colby jack cheese (pasteurized milk, salt, cheese culture, annato, enzyme)",['dairy']
8047,prepared black beans,[]
8048,"soy sauce (water, salt, soybean)","['soybeans', 'gluten', 'wheat']"
8049,"artificial colors (fd&c blue no. 1, fd&c red no. 40, fd&c yellow no. 5)",[]
8050,"less than 2% of bacon (cured with water, salt, sugar, sodium tripolyphosphate, sodium ascorbate, sodium nitrite, hickory smoke flavor)",[]
8051,and sodium citrate (flavoring agents),[]
8052,(cotton seed oil or sunflower oil),[]
8053,"enriched durum flour (durum flour, niacin, iron, thiamine mononitrate, riboflavin, folic acid)",['wheat']
8054,"cultures (bifidobacterium, l. acidophilus, l. paracasei)",[]
8055,"organic cashews (organic cashews, organic expeller pressed canola oil, sea salt)",['tree nuts']
8056,ascorbic acid (to maintain color),[]
8057,natural & artificial flavors (contains lipolyzed butter oil),['dairy']
8058,"sunflower oil blend (sunflower oil, mixed tocopherols, rosemary extract)",[]
8059,"chocolate chips (sugar, chocolate liquor, anhydrous dextrose, cocoa butter, soy lecithin)",['soybeans']
8060,"vegetable oil (palm oil, partially hydrogenated soybean and cottonseed oil, canola oil)",['soybeans']
8061,less than 2% of chicken stock,[]
8062,"dehydrated vegetables (garlic, onion, bell peppers)",[]
8063,calcium stearoyl-2-lactylate,[]
8064,beef broth [water,[]
8065,dried papaya [papaya (product of thailand),[]
8066,"vegetable oil blend (palm fruit, soybean, canola, olive oils)",['soybeans']
8067,"organic dried apricots (organic apricots, organic rice flour)",[]
8068,cold pressed meyer lemon oil,[]
8069,"crunchy corn kernel (corn, corn oil, contains less than 2% of salt, spices, monosodium glutamate, tomato powder, brown sugar, garlic powder, sodium diacetate, dried molasses, yeast extract, malic acid, acetic acid, sucralose, natural flavor, paprika extract [for color])",[]
8070,organic lucuma,[]
8071,contains 2% or less: glycerine,[]
8072,"caramel (whole milk, cane sugar, vanilla bean, sea salt)",['dairy']
8073,palm oil contains 2% or less of dextrose,[]
8074,"vegetable oil (palm oil, soybean oil)",['soybeans']
8075,copper sulfate,[]
8076,and natural flavoring,[]
8077,wheat and soy protein,"['soybeans', 'wheat']"
8078,dry mango ground,[]
8079,"spaetzle dumplings (water, enriched durum wheat flour [durum wheat flour, niacin, ferrous sulfate, thiamine mononitrate, riboflavin, folic acid], eggs, monoglycerides, wheat gluten, salt, oleoresin turmeric)","['eggs', 'wheat', 'gluten']"
8080,young fennels,[]
8081,grated cheese (contains preservative lysozym from egg),"['eggs', 'dairy']"
8082,celery power,['celery']
8083,"soy sauce (wheat, soybeans, maltodextrin)","['soybeans', 'wheat']"
8084,"chocolate chips(sugar, chocolate liquor, cocoa butter, soy lecithin, vanilla)",['soybeans']
8085,"ascorbic acid (vitamin (), natural and artificial flavors, alpha tocopherol acetate (vitamin e), vitamin a palmitate, sodium citrate, coconut oil, carnauba wax, annatto (color) turmeric (color), red 40 and blue 1",[]
8086,"queso quesadilla and asadero cheeses (pasteurized milk, cheese culture, salt, enzymes, annatto color [in cheddar cheese])",['dairy']
8087,beef collagen casing,[]
8088,canola and/or soybean and/or palm oil,['soybeans']
8089,"baking powder (sodium acid pyrophosphate, sodium bicarbonate, monocalcium phosphate, wheat starch)",['wheat']
8090,"russet potato (potatoes, canola oil, salt, black pepper)",[]
8091,contains less than 2% of whey powder,['dairy']
8092,"margarine (palm oil, water, soybean oil, salt, contains less than 2% of mono-and diglycerides, soy lecithin, sodium benzoate [preservative], citric acid, natural and artificial flavor beta-carotene [color], vitamin a palmitate, vitamin d3)","['soybeans', 'dairy']"
8093,organic poppyseeds,[]
8094,"crystallized lemon (citric acid, lemon oil, lemon juice, ascorbic acid)",[]
8095,natural butter type flavor,['dairy']
8096,"chocolate flavored chips (sugar, vegetable oils [palm kernel, palm], milk, skim milk, cocoa [processed with alkali], whey, sunflower lecithin, natural vanilla flavor)",['dairy']
8097,contains less than 1% of: sugar,[]
8098,"pretzel dough: enriched unbleached wheat flour (wheat flour, niacin, iron, thiamine mononitrate, riboflavin, folic acid)","['wheat', 'gluten']"
8099,pumpkin seed protein,[]
8100,"cooked seasoned pizza topping (pork, mechanically separated chicken, water, textured soy protein concentrate, spice, salt, soy protein concentrate, sodium phosphates, paprika, modified cornstarch, natural flavor, autolyzed yeast extract, bha, bht, citric acid, yeast extract, disodium inosinate, soy lecithin)",['soybeans']
8101,phosphoric acid (acidulant),[]
8102,tapioca starch- modified,[]
8103,"curry paste (garlic, onions, salt, spices)",[]
8104,"artificial color (including yellow 5, yellow 6, extractives of annatto)",[]
8105,"chicken breast meat (chicken breast with rib meat, water, cultured sugar, and vinegar, potato starch, sea salt, natural flavors)",[]
8106,"pectin (pectin, dextrose, sodium citrate)}",[]
8107,5% of the following ingredients: natural and artificial flavor,[]
8108,"low-moisture mozzarella cheese (pasteurized whole milk, cheese cultures, salt and enzymes)",['dairy']
8109,fresh yellow onion,[]
8110,pork stomachs,[]
8111,"diced tomato in juice (tomatoes, calcium chloride, citric acid)",[]
8112,"organic 85% dark chocolate (organic cacao beans, organic cocoa butter, organic raw cane sugar, organic vanilla beans)",[]
8113,"sodium mtrate), unsalted butter (cream",['dairy']
8114,"dark chocolate (sugar, chocolate liquor, cocoa butter, soy lecithin)",['soybeans']
8115,"artificial flavors (fd&c red 40, yellow 5 & blue 1)",[]
8116,sulfur dioxide (as a preservative),['sulphur dioxide']
8117,"colors (carmine [color], blue 1, blue 1 lake, blue 2, blue 2 lake, red 3, red 40, red 40 lake, yellow 5, yellow 5 lake, yellow 6, yellow 6 lake)",[]
8118,"cream cheese (milk, cream, cheese culture sait carob bean gum)",['dairy']
8119,vegetable mono & diglycerides,[]
8120,"organic rice pasta (organic rice flour, filtered water)",[]
8121,reese's peanut butter cup pieces {milk chocolate [sugar,"['dairy', 'peanuts']"
8122,dehydrated green onion,[]
8123,dextrose and calcium sulfate (added to prevent caking),[]
8124,fruit juices from concentrates; apple (14%),[]
8125,"cold press coffee (purified water, coffee)",[]
8126,food grade antifoaming agent (dimethylpolysiloxane),[]
8127,xanthan gum and gum arabic,[]
8128,"sweet cream butter (pasteurized cream, salt)",['dairy']
8129,enzymes),[]
8130,"hard candy (sugar, corn syrup, artificial raspberry flavor, blue 1, canola oil, soy lecithin)",['soybeans']
8131,fire roasted jalapeno pepper,[]
8132,"(enriched flour (barley malt, niacin, thiamine mononitrate), water, high fructose corn syrup, yeast, salt, vegetable oil)","['gluten', 'wheat']"
8133,sodium phosphate tribasic,[]
8134,"light brown sugar (sugar, molasses)",[]
8135,albacore tuna (fish),['fish']
8136,cor syrup solids,[]
8137,"vegetable oil (soybean, palm)",['soybeans']
8138,naturally smoked herring fillets,['fish']
8139,"cream cheese blend (cream cheese (pasteurized cultured milk and cream, salt, gum blend (locust bean gum, guar gum, xanthan gum)], skim milk, whey, palm oil, salt, canola and soy lecithin, mono- and diglycerides, apocarotenal (color), cheese culture, enzymes), sugar, water, whole wheat flour, soybean oil, palm oil, wheat flour, glucose syrup, cocoa (alkalized), sour cream (cultured milk and cream, enzymes), chocolate chips (sugar, chocolate liquor, cocoa butter, soy lecithin, vanilla extract), brown sugar, caramel [low fat milk, sugar, soybean oil, vanilla extract and baking soda)","['dairy', 'soybeans', 'gluten', 'wheat']"
8140,"color (fd&c yellow #5, fd&c yellow #6, fd&c red #40, fd&c blue #1)",[]
8141,"shortening (palm oil, mono & diglycerides, polysorbate 60, citric acid) contains 2% or less of: salt",[]
8142,"vegan spicy mayo (expeller pressed canola oil, water, brown rice syrup, apple cider vinegar, soy protein, sea salt, mustard flour, lemon juice concentrate)","['soybeans', 'mustard']"
8143,cheddar {pasteurized milk,['dairy']
8144,"cure (salt sodium nitrite, propylene glycol & sodium bicarbonate [processing aids], red 3)",[]
8145,california natural seedless raisins,[]
8146,gochugaru (korean dried chili pepper),[]
8147,carnauba wax and titanium dioxide (color),[]
8148,sugar gum,[]
8149,"leavening (glucono delta- lactone, baking soda)",[]
8150,expeller pressed canola oil and extra virgin olive oil,[]
8151,modified whey (milk),['dairy']
8152,"unbleached and unbromated enriched wheat flour (niacin, reduced iron, thiamin mononitrate, riboflavin, folic acid, malted barley flour)","['wheat', 'gluten']"
8153,enzymes (dough conditioner),[]
8154,vegetable oil (soybean and/or palm),['soybeans']
8155,sour cream (cultured non fat milk),['dairy']
8156,xanthan gum and caramel color,[]
8157,"semi-sweet chocolate chips (sugar, chocolate liquor, cocoa butter, soy lecithin, vanillin)",['soybeans']
8158,"evaporated milk (milk, dipotassium phosphate, carrageenan, vitamin d-3)",['dairy']
8159,"roasted salted peanuts (peanuts, vegetable oil [peanut oil, cottonseed oil, soybean oil and/or sunflower oil], sea salt)",['peanuts']
8160,emulsifiers(sor8itan tristearate and soy lecithin),['soybeans']
8161,"brewed coffee (water, coffee)",[]
8162,roasted garlic and sunflower oil,[]
8163,"pretzels (enriched wheat flour [wheat flour, niacin, reduced iron, thiamin mononitrate, riboflavin, folic acid], malted barley flour, salt, soybean oil)","['wheat', 'gluten', 'soybeans']"
8164,sodium erythorabate,[]
8165,"chili crackers (glutinous rice, soy sauce [water, soybeans, wheat, salt], sugar, modified tapioca starch, chili powder extract, yellow 6, yellow 5)","['soybeans', 'wheat']"
8166,pumpkin kernels,[]
8167,"leavening (sodium aluminum phosphate, baking soda, monocalcium phosphate)",[]
8168,"dough conditioners (calcium sulfate, ascorbic acid, and/or enzymes)",[]
8169,"mayonnaise (soybean oil, corn syrup, distilled and cider vinegar, eggs, egg yolks)","['soybeans', 'eggs']"
8170,contains 2% or less of the following: spice,[]
8171,and rice concentrate added to prevent caking,[]
8172,"crab stock (water, natural crab flavoring, salt, and spices)",[]
8173,calcium carbonate (a source of calcium),[]
8174,clarified red raspberry juice concentrate,[]
8175,cornstarch2,[]
8176,"acid phosphate of calcium), corn syrup, natural and artificial colors and flavors",[]
8177,"enriched wheat flour (wheat flour, amylase, niacin, reduced iron, thiamine mononitrate, riboflavin, folic acid)","['wheat', 'gluten']"
8178,"jasmine rice (water, jasmine rice)",[]
8179,ingredients: vinegar,[]
8180,"confectionary coating (sugar, palm kernel oil, cocoa powder, sunflower lecithin, salt)",['soybeans']
8181,"creole seasoning (salt, cayenne pepper, paprika, onion, garlic, spices, pepper, celery)",['celery']
8182,"organic dried apples (organic apple flakes, organic apples)",[]
8183,italian dry salame ingredients: pork,[]
8184,1/10 of 1% benzoate of soda,[]
8185,"chocolate chips (evaporated cane sugar, natural chocolate liquor [non-alcoholic], cocoa butter, vanilla powder)",[]
8186,pepper flavor,[]
8187,"cooked pizza topping (sausage [pork, beef, water, spices, salt, sugar, garlic powder], water, textured vegetable protein [soy flour, salt])",['soybeans']
8188,"stabilizer (cellulose gum, carob bean gum, carrageenan, guar gum, dextrose, salt)",[]
8189,sodium phosphate (sodium tripolyphosphate),[]
8190,corn syrup and sugar,[]
8191,"organic coconut milk (coconut, water)",[]
8192,"choco chips (sugar, cocoa processed with alkali, soybean oil, fully hydrogenated coconut oil, chocolate liquor, salt, soy lecithin)",['soybeans']
8193,"(corn, canola, palm, soybean) coca (processed w/alkali)",['soybeans']
8194,"almonds (water, almonds)",['tree nuts']
8195,natural flavor and artificial flavors,[]
8196,2% or less of parmesan,['dairy']
8197,"garnish (parmesan cheese [pasteurized milk, cheese culture, salt, enzymes], sage)",['dairy']
8198,contains less than 2% of fruit pectin,[]
8199,pyridoxine hydrochloride (vitamin b6),[]
8200,"enriched orzo (semolina wheat flour, niacin, iron [ferrous sulfate], thiamine mononitrate, riboflavin, folic acid)","['wheat', 'gluten']"
8201,bread: unbleached enriched wheat flour [wheat flour,"['wheat', 'gluten']"
8202,vegetable protein,[]
8203,"apple filling (apples, sugar, water, corn starch, citric acid, cinnamon, salt, natural flavor, nutmeg)",[]
8204,"chocolate sprinkles (sugar, fractionated palm kernel oil, cornstarch, cocoa, glucose, soy lecithin, gum arabic, carnauba wax)",['soybeans']
8205,"cream cheese flavored chunk (powdered sugar [sugar, cornstarch], palm kernel oil, skim milk powder, cream cheese [{pasteurized cream, cheese cultures, salt, carob bean gum, guar gum}, sodium phosphate], natural flavor, sunflower lecithin, lactic acid)","['dairy', 'soybeans']"
8206,bread crumbs [bleached wheat flour,"['wheat', 'gluten']"
8207,spirulina color added,[]
8208,essential lime oil,[]
8209,canola/olive oil blend,[]
8210,thiamin mono- nitrate,[]
8211,vegetable broth (contains soy),['soybeans']
8212,vitamin a pamitate,[]
8213,"leavening (sodium acid pyrophosphate, baking soda, monocalcium phosphate, sodium aluminum phosphate, aluminum sulfate)",[]
8214,mushroom flavor {tapioca dextrin,[]
8215,fully cooked grilled chicken ingredients: chicken breast,[]
8216,assorted pretzel blend,[]
8217,tapioca,[]
8218,imported peppers,[]
8219,organic shelled hempseeds,[]
8220,natural mineral water,[]
8221,"unbleached enriched wheat flour (wheat flour, malted barley flour, niacin, iron, tami mononitrate, riboflavin, folic acid)","['wheat', 'gluten']"
8222,organic chopped garlic,[]
8223,color (includes beta-carotene),[]
8224,mono - and diglycerides of fatty acids(emulsifier),[]
8225,flounder,['fish']
8226,contains 2% or less of yeast,[]
8227,sugar and citric acid,[]
8228,grade a pasteurized skimmed milk,['dairy']
8229,organic amaranth seeds,[]
8230,natural and artificial flavors (contains milk and soy),"['dairy', 'soybeans']"
8231,"color (red 40, blue 1)",[]
8232,organic rice concentrate,[]
8233,natural flavors (including soy),['soybeans']
8234,greek peppers,[]
8235,"cultured skim milk (skim milk, b. lactis, l. bulgaricus, s. thermophilus, l. lactis, l. casei, l. ramnosus)",['dairy']
8236,"chipotle tortilla (enriched bleached wheat flour [flour, niacin, reduced iron, thiamine mononitrate, riboflavin, folic acid], water, soybean oil. contains less than 2% of each of the following: vegetable shortening [soybean oil, vegetable mono & diglycerides, tocopherols {vitamin e} and vitamin c palmitate {as antioxidants}], chipotle chili seasoning [salt, dextrose, turmeric, tomato powder, spices, jalapeno powder, natural flavors {with extractives of paprika}, green bell pepper, cilantro and caramel color], salt, leavening [sodium acid pyrophosphate, sodium bicarbonate, corn starch, monocalcium phosphate], monoglycerides, dried chipotle peppers, potassium sorbate, fumaric acid, calcium propionate, guar gum, xanthan gum, sodium metabisulfite, microcrystalline cellulose, dicalcium phosphate)","['wheat', 'gluten', 'soybeans', 'sulphur dioxide']"
8237,"unbleached enriched wheat flour (flour, barley malt, niacin (vitamin b3), iron, thiamin mononitrate (vitamin b1), riboflavin (vitamin b2), folic acid (vitamin b9)], water, corn syrup, yeast, soybean oil, contains 2% or less of the following: wheat gluten, salt, dough conditioners (mono- and diglycerides, sodium stearoyl lactylate, ethoxylated mono- and diglycerides, ascorbic acid), calcium propionate (to retain freshness), yeast nutrients (calcium carbonate, calcium sulfate, monocalcium phosphate, ammonium sulfate), sesame seeds, sorbic acid (to retain freshness), hydrogenated vegetable oil, soy lecithin","['wheat', 'gluten', 'sesame']"
8238,"cornmeal; corn flour; regrained supergrain+ (barley, wheat, rye); sunflower oil; salt; sugar; yeast extract; gum arabic; sun-dried tomato","['wheat', 'gluten']"
8239,canola amd/or olive oil,[]
8240,"cheddar cheese (pasteurized milk, cheese culture, salt, microbial enzymes)",['dairy']
8241,sliced and cooked in lard,[]
8242,"blend of vegetable oils (canola, corn)",[]
8243,"parmesan cheese (pasturized milk, salt, bacterial culture, enzymes, potato starch and powdered cellulose [to prevent caking], natamycin [a mold inhibitor])",['dairy']
8244,wheat flour potato starch,"['wheat', 'gluten']"
8245,cilantro],[]
8246,fresh diced tomatoes,[]
8247,vegetable shortening (contains partially hydrogenated soybean oil and/or cottonseed oil and/or canola oil),['soybeans']
8248,"organic sweet potato pie puree (organic apples, organic sweet potatoes, organic spices, citric acid)",[]
8249,coffee capsule (roast & ground coffee),[]
8250,natural blue cheese flavor,['dairy']
8251,organic coconut aminos (coconut sap and sea salt (less than 1%)),[]
8252,"vegetable oil (soybean oil, partially hydrogenated soybean oil, tbhq and citric acid added as preservative)",['soybeans']
8253,eggplant,[]
8254,poppy seeds (if present),[]
8255,reverse osmosis water,[]
8256,"cheddar cheese (cheddar cheese [milk, artificial color, cheese culture, salt, enzymes], water, salt, annatto color)",['dairy']
8257,"apple cider vinegar (apple cider vinegar, filtered water)",[]
8258,"roasted garlic puree (garlic, canola oil)",[]
8259,asian toasted sesame dip - water,['sesame']
8260,"vegetable oil (palm oil, rice bran oil, sesame oil)",['sesame']
8261,sodium acid pyrophosphate (to prevent struvite crystal formation),[]
8262,"parmesan crusted alaska pollock (alaska pollock, enriched flour blend [bleached flour, wheat flour, niacin, ferrous sulfate, reduced iron, thiamine mononitrate, riboflavin, folic acid], water, modified cornstarch, vegetable oil [canola, cottonseed, and/or soybean], 2% or less of yeast, yellow corn flour, onion powder, white corn flour, black pepper, potassium chloride, torula yeast, egg whites, garlic powder, salt, parmesan cheese [cultured cow's milk, salt, enzymes], spices, leavening [sodium bicarbonate], vinegar, dextrose, natural flavor, sugar)","['fish', 'wheat', 'gluten', 'dairy', 'eggs']"
8263,"enriched flour (wheat flour, niacin, reduced iron, vitamin b1 [thiamin mononitrate], vitamin b2 [riboflavin)","['wheat', 'gluten']"
8264,organic red & green bell pepper,[]
8265,"crushed pineapple (pineapple, pineapple juice, ascorbic acid)",[]
8266,"baking powder (disodium diphosphate, sodium bicarbonate, starch, calcium carbonate)",[]
8267,contains 2% or less of the following: cornstarch,[]
8268,5% of the following: maltodextrin,[]
8269,organic vanilla flavor,[]
8270,white beans,[]
8271,contains 1% or less of mono & diglycerides,[]
8272,vanilla extract with specks,[]
8273,dried parsley,[]
8274,"vanilla cookies (enriched flour [wheat flour, niacin, reduced iron, thiamine mononitrate, riboflavin, folic acid], soybean and/or palm oils, sugar, high fructose corn syrup, skim milk powder, natural and artificial flavor, salt, baking soda)","['wheat', 'gluten', 'dairy', 'eggs']"
8275,carnauba wax},[]
8276,"emulsifiers (propylene glycol mono and diesters of fatty acids, mono and diglycerides, sorbitan monostearate, sodium stearoyl lactylate, polysorbate 60)",[]
8277,roasted cashews [cashews,['tree nuts']
8278,"dehydrated vegetables (onion, green bell pepper, jalapeno, chili peppers, garlic) salt",[]
8279,organic freeze-dried strawberries,[]
8280,"seasoned salt (salt, sugar, paprika, turmeric, onion, non-gmo cornstarch, garlic) and pepper",[]
8281,and calcium silicate and calcium stearate added to prevent caking,[]
8282,contains 2% or less of coconut,[]
8283,cracked pepper,[]
8284,"white cheddar cheese (milk, salt, cultures, enzymes], disodium phosphate)",['dairy']
8285,spices (including sage),[]
8286,strawberry: water,[]
8287,"vegan marshmallows (tapioca syrup, cane sugar, water, tapioca starch, carrageenan, non-gmo soy protein, natural vanilla flavor)",['soybeans']
8288,"salt), natural asiago cheese flavor (maltodextrin",['**dairy']
8289,sprouted watermelon seeds,[]
8290,"parmesan cheese (pasteurized part skimmed milk, cheese cultures, sea salt, enzymes)",['dairy']
8291,potassium sorbate and sodium benzoate (used as preservatives),[]
8292,fruit juice concentrate (for color),[]
8293,green chili powder,[]
8294,"organic sour cream powder (organic cream, cultures, lactic acid, organic nonfat milk solids, citric acid)",['dairy']
8295,vegetable oil (canola oil and/or soybean oil),['soybeans']
8296,"margarine (soybean and modified palm oil, water, salt, whey [milk)","['dairy', 'soybeans']"
8297,malt vinegar powder,[]
8298,and yellow 5,[]
8299,"cheddar cheese (pasteurized milk, cheese cultures, salt, enzymes, annatto color, natamycin [a natural mold inhibitor])",['dairy']
8300,"dark chocolate (cocoa beans, sugar, cocoa buter, non-gmo soy lecithin and vanilla)","['**dairy', '**soybeans']"
8301,"peanut butter flavored coated soy clusters (peanut butter flavored coating [maltitol, palm and palm kernel oil, peanut flour, nonfat milk, whey, peanuts, salt, soy lecithin, milk fat], soy clusters [isolated soy protein, tapioca starch, malt extract, salt], confectioner's glaze, water, salt, gum acacia, natural and artificial flavors)","['peanuts', 'dairy', 'soybeans']"
8302,organic red grape juice concentrate,[]
8303,"enzymes), pepperoni (pork",[]
8304,sriracha hot chili sauce [chili,[]
8305,"hash browns (potatoes, vegetable oil (contains one or more of the following oils: canola, soybean, cottonseed, sunflower, corn), contains 2% or less of dextrose, natural flavor, salt, sodium acid pyrophosphate added to maintain natural color)",['**soybeans']
8306,soy lecithin (an emulsifier) and monocalcium phosphate,['**soybeans']
8307,contains less than 2% of modified corn starch,[]
8308,"organic brown rice vinegar (water, organic brown rice)",[]
8309,dried yellow boletes,[]
8310,"natural flavors), xanthan gum, yeast extract",[]
8311,shortening (palm and canola oils),[]
8312,"parmesan cheese (part-skim milk, cheese culture, salt, and enzymes)",['dairy']
8313,less than 2% of: of the following: corn syrup,[]
8314,"spices (basil, black pepper)",[]
8315,"garlic (water, garlic, phosphoric acid, sodium benzoate [to help protect flavor])",[]
8316,"ingredients: monterey jack cheese (pasteurized milk, cheese cultutre, salt, enzymes)",['dairy']
8317,apo-carotenal],[]
8318,"vinegar), sesame seed, seaweed",['sesame']
8319,organic hibiscus concentrated extract,[]
8320,recao,[]
8321,exhausted vanilla seeds,[]
8322,"wheat flour (wheat flour, malted barley flour, niacin, reduced iron, thiamin mononitrate, riboflavin, folic acid)","['gluten', 'wheat']"
8323,pectin (thickener),[]
8324,raw pistachios,['tree nuts']
8325,contains less than 2% of the following: vanilla,[]
8326,"contains less than 2% of each of the following: yeast (sorbitan monostearate, ascorbic acid)",[]
8327,bleached wheat flour (malted barley flour),"['gluten', 'wheat']"
8328,"cream topping (sugar, soybean oil, coconut oil, artificial color, corn starch, soy lecithin, mono- and diglycerides, artificial flavor, salt)",['**soybeans']
8329,"milk chocolate (cane sugar, whole milk powder, chocolate liquor [processed with alkali], cocoa butter, soy lecithin [emulsifier], vanilla bean extractives) peanut butter (dry roasted peanuts)","['peanuts', 'dairy', '**soybeans']"
8330,"bourbon whiskey (corn, rye, barley malt, water, yeast)]",[]
8331,ingredients: purified water,[]
8332,"chocolate hazelnut fudge (sugar, palm oil, hazelnuts, cocoa, skim milk, lecithin, artificial flavor)","['dairy', 'tree nuts']"
8333,non-gmo soy lecithin,['**soybeans']
8334,organic turkey meat,[]
8335,whey & reduced mineral whey powder (milk),['dairy']
8336,semi-sweet chocolate {sugar,[]
8337,"everroast oven roasted chicken breast (chicken breast, water, less than 1.5% of salt, maltodextrin, sugar, sodium phosphate, dextrose, flavor, chicken broth. coated with: brown sugar, carrot, onion, maltodextrin, sea salt, dextrose, spices, garlic, celery, parsley, 2% or less of carrot powder, canola oil, natural flavor, chicken broth, salt, flavoring)",['celery']
8338,"sweet chili seasoning (spices [chili pepper, black pepper], maltodextrin, sugar, salt, dehydrated onion, dehydrated garlic, dehydrated parsley, dehydrated tomato, citric acid, silicon dioxide, natural flavor)",[]
8339,"sugars (sugar, icing sugar, high fructose corn syrup, dextrose)",[]
8340,"lime juice powder (corn syrup solids, lime juice solids, lime oil)",[]
8341,"pasteurized process cheese spread (cheddar and colby cheese [pasteurized milk, cheese culture, salt, enzymes], water, whey, sodium phosphate, whey protein concentrate, skim milk, milk fat, salt, carrageenan, cellulose gum)",['dairy']
8342,"chocolate chips (semi sweet chocolate coating [sugar, chocolate liquor, cocoa butter, dextrose, soy lecithin, vanilla], sugar, confectioner's glaze)",['**soybeans']
8343,"color (titanium dioxide, beta carotene)",[]
8344,"dried sweetened cranberries (cranberries, sugar, expeller pressed sunflower oil)",[]
8345,"organic hard cheese (pasteurized organic milk, salt, microbial rennet)",['dairy']
8346,"breadstick: enriched wheat flour (wheat flour, niacin, reduced iron, thiamine mononitrate, riboflavin, folic acid)","['gluten', 'wheat']"
8347,"organic almondmilk (filtered water, organic almonds)",['tree nuts']
8348,citric acid (to protect flavor)],[]
8349,"spices (black pepper, sweet chili pepper, cayenne pepper, celery seed, oregano, cumin, basil, bay, marjoram, savory, thyme, coriander, mustard, rosemary)","['mustard', 'celery']"
8350,ingredients: organic grade a fat free milk,['dairy']
8351,"contains less than 2% of each of the following: organic cheddar cheese (organic pasteurized milk, salt, cheese culture, microbial enzymes, organic nonfat milk)",['dairy']
8352,modified food starch,[]
8353,beta carotene & annatto extract (for color),[]
8354,guajillo chili pepper powder,[]
8355,pizza seasoning [whey,['dairy']
8356,"stabilizer (gellan gum, calcium lactate, xanthan gum)",[]
8357,contains one or more of the following: gmo free hi-oleic expeller pressed canola and/or sunflower oil,[]
8358,"m&m's minis milk chocolate candies [milk chocolate (sugar, chocolate, skim milk, cocoa butter, lactose, milkfat, soy lecithin, salt, artificial and natural flavors)","['dairy', 'soybeans']"
8359,"enriched wheat flour (ferrous sulfate, niacin, thiamin mononitrate, riboflavin, folic acid) sugar",['wheat']
8360,"milk chocolate candies (milk chocolate [sugar, cocoa butter, chocolate liquor, whole milk powder, soy lecithin, and vanilla], sugar, artificial color [blue 1, blue 1 lake, blue 2 lake, yellow 5, yellow 5 lake, yellow 6, yellow 6 lake, red 40, red 40 lake, sorbitol, titanium dioxide, phosphoric acid, methyl and propyl parabens], corn syrup, wax and dextrin)","['dairy', 'soybeans']"
8361,"mayonnaise (soybean oil, water, whole eggs and egg yolks, vinegar, salt, sugar, lemon juice, calcium disodium edta [used to protect quality], natural flavors)","['soybeans', 'eggs']"
8362,"chocolaty caramel filled cows (sugar, coconut oil, corn syrup, sweetened condensed milk [condensed milk, sugar], skim milk, milk, cocoa processed with alkali, cream, butter [cream, salt], palm kernel oil, soy lecithin, natural and artificial flavors, salt)","['dairy', 'soybeans']"
8363,palm oila,[]
8364,"blue cheese (cow milk, cheese culture, rennet, salt, p. roquefortii)",['dairy']
8365,ascorbic acid and citric acid to prevent oxidation,[]
8366,"cookie: enriched wheat flour (bleached wheat flour, niacin, reduced iron, thiamin mononitrate, riboflavin, folate)",['wheat']
8367,organic oregano powder,[]
8368,chili powder (chili peppers & spices),[]
8369,ingredients: fresh squeezed grapefruit,[]
8370,"marinade (21%) [rice vinegar (water, alcohol, glutinous rice)",[]
8371,contains 2% or less of: soy protein isolate,['soybeans']
8372,milk},['dairy']
8373,greek yogurt coating [sugar,[]
8374,tocopherols (a natural antioxidant),[]
8375,high fructose corn syrup,[]
8376,2% or less of: corn syrup,[]
8377,"enriched flour bleached (wheat flour, niacin, reduced iron, thiamine mononitrate, riboflavin, enzymes, folic acid)",['wheat']
8378,"organic chili powder blend (organic smoked jalapeno peppers, organic cumin seed, organic garlic, organic coriander, organic cayenne, organic oregano, organic pepper, organic cloves, organic allspice)",[]
8379,citric acid and live and active probiotic cultures,[]
8380,salt and ferrous gluconate,[]
8381,"filling (butternut squash, ricotta (whey, milk, cream, vinegar), parmesan cheese (pasteurized cultured part-skimmed milk, salt, enzymes), bread crumbs (wheat flour, yeast, salt), heavy cream (cream, milk), apple mostarda (quince, sugar, mustard flavor), unsalted butter (cream), chicory root fiber, potato starch, vegetable fiber, amaretti cookies (sugar, apricot kernels, egg whites, lactose and milk proteins, leavining (sodium hydrogen carbonate), natural flavor), dehydrated potatoes, salt, natural flavors)","['dairy', 'wheat', 'eggs']"
8382,and annatto (food color),[]
8383,natural chocolate flavor with other natural flavors,[]
8384,bacon flavor,[]
8385,"vegetable oil (sunflower, corn or canola oil)",[]
8386,chickory root extract,[]
8387,"thickening agents(locust bean gum, modified starch)",[]
8388,ferrous sulfate,[]
8389,non-gmo whole grain oats,[]
8390,"sour cream powder [(cream, cultures, lactic acid) organic nonfat milk solids]",['dairy']
8391,organic mustard seeds,['mustard']
8392,"sweet onion dijon vinaigrette (water, canola oil, sugar, dijon mustard [distilled vinegar, water, mustard seed, salt, white wine, citric acid, turmeric {color}, tartaric acid, spices], onion, apple cider vinegar, sweet onion [sweet onion, vinegar, salt], white wine vinegar, salt, lemon juice concentrate, dried onion, spices, xanthan gum, natural flavor, caramel color, annatto extract [color])",['mustard']
8393,"tara), mono and diglycerides, natural flavor, vanilla beans, annatto (for color), vanilla extract",[]
8394,"soy sauce (water, soybeans, salt)",['soybeans']
8395,garlic paprika,[]
8396,"mustard (vinegar, water, mustard seed, salt, turmeric, paprika, spice, garlic powder)",['mustard']
8397,and filberts (hazelnuts),['tree nuts']
8398,onion flakes,[]
8399,organic raw virgin coconut oil,[]
8400,"sprouted whole grains (wheat berries, quinoa, millet, oat groats, barley, rye berries, amaranth)","['wheat', 'gluten']"
8401,peanut butter (roasted peanuts),['peanuts']
8402,natural vanilla flavour wonf,[]
8403,dried porcini mushrooms,[]
8404,sea vegetable,[]
8405,"vegetable gums (carob bean, guar)",[]
8406,and citric acid added to help protect flavor,[]
8407,coconuts,['tree nuts']
8408,sodium lactate,[]
8409,cookie: cassava flour,[]
8410,"contains less than 2% of reduced sodium baking powder (calcium acid pyrophosphate, corn starch, sodium bicarbonate, potassium bicarbonate, monocalcium phosphate)",[]
8411,"vindaloo sauce [caramelized onions (onions, expeller pressed canola oil)",[]
8412,organic alcohol (to retain freshness),[]
8413,"ammonium sulfate), wheat starch, soy lecithin, corn meal","['wheat', 'soybeans']"
8414,dried grapes,[]
8415,lowfat milk (1% milk fat),['dairy']
8416,"buffalo spread (cream cheese [pasteurized milk and cream, cheese culture, salt, carob bean gum], celery, blue cheese [blue cheese [pasteurized milk, cheese culture, salt, enzymes, penicillium roqueforti], powdered cellulose [to prevent caking])","['dairy', 'celery']"
8417,dual filtered water,[]
8418,"organic caramel (organic tapioca syrup, organic cane sugar, organic nonfat milk, organic heavy cream, organic butter(milk), salt, carrageenan, sodium citrate, organic vanilla extract 2-fold, organic soy lecithin, vitamin e [mixed tocopherols] added to preserve freshness)","['dairy', 'soybeans']"
8419,dehydrated blend of whey,['dairy']
8420,fillings: potatoes,[]
8421,caraway seeds,[]
8422,"spices (drill, ground white pepper, celery seed)",[]
8423,"filling: (chicken, cabbage, yellow carrots, cornstarch, red cabbage, green onion, red bell pepper, sugar, contains 2% or less of: functional soy protein concentrate, naturally brewed soy sauce (water, wheat, soybeans, salt, maltodextrin), vegetable oil, ginger, distilled white vinegar, salt, yeast extract, chicken soup base (roasted chicken, salt, sugar, onion powder, natural flavorings), garlic powder, onion powder, spices)","['soybeans', 'wheat']"
8424,fresh cream,['dairy']
8425,"cream cheese (milk and cream, cheese culture, salt, stabilizers (carob bean, xanthan, and/or guar gums)], breadcrumbs (wheat flour, salt, vinegar, baking soda, yeast, natural flavor), dehydrated onion, yellow corn meal, salt, sugar, tomato powder, onion powder, garlic powder, spices, natural flavor, parsley, citric acid, maltodextrin","['dairy', 'wheat']"
8426,"crust (enriched wheat flour [wheat flour, niacin, reduced iron, thiamine mononitrate, riboflavin, folic acid], water, soybean oil, sugar, yeast, contains 2% or less of the following: leavening [sodium aluminum phosphate, sodium bicarbonate], salt, enzyme, ascorbic acid [dough conditioner], wheat starch, degermed corn meal, soy lecithin)","['wheat', 'soybeans']"
8427,"maple flavored cereal squares (multigrain cereal, [whole grain wheat, rice, corn, sugar, sea salt, barley malt extract, tocopherols {to maintain freshness}], brown sugar, butter [cream, salt], corn syrup, sea salt, natural flavors)","['dairy', 'wheat']"
8428,"pastry cream powder (sugar, food starch-modified, maltodextrin, nonfat dry milk, whey powder, egg whites, palm oil, cultured nonfat dry milk, sodium alginate, xanthan gum, natural flavors, colors [beta-carotene, titanium dioxide])","['dairy', 'eggs']"
8429,"organic horchata blend (filtered water, organic chufa seed, organic lemon, sea salt)",[]
8430,"monterey jack cheese (monterey jack cheese [pasteurized milk, cheese culture, salt, enzymes], powdered cellulose [to prevent caking])",['dairy']
8431,"flavor base (water, sugar, salt, citric acid, chili powder, dextrose, food starch-modified, artificial flavor)",[]
8432,turkey breast containing up to 20% of a solution of water,[]
8433,organic millet flakes,[]
8434,"nuts (almonds, hazelnuts)",['tree nuts']
8435,"multigrain flour blend (wheat, rye, triticale, barley, corn, millet, soybean, sunflower seeds, rice, flax, durum wheat flour, oats)","['wheat', 'soybeans']"
8436,"leavening (baking soda, calcium acid pyrophosphate, monocalcium phosphate)",[]
8437,"cream cheese product (milk, cream, salt, bacterial culture, enzymes)",['dairy']
8438,protein concentrate,[]
8439,"chocolate chunks (sugar, unsweetened chocolate, cocoa butter, soy lecithin, natural vanilla extract)",['soybeans']
8440,organic raw acai berry powder,[]
8441,cooked octopus,['fish']
8442,chives,[]
8443,watermelon juice powder,[]
8444,"sugar sprinkles (sugar, fd&c red #40, fd&c red #3, fd&c yellow #5, fd&c blue #1)",[]
8445,"cooked enriched macaroni product (semolina, egg whites, niacin, reduced iron, thiamine mononitrate, riboflavin, folic acid)",['eggs']
8446,guararia seed extract,[]
8447,tilia flowers,[]
8448,dried strawberry juice concentrate,[]
8449,blue #1 & #2 lake,[]
8450,sauce and cooked chicken: white meat chicken,[]
8451,whole milk powder (rbst free),['dairy']
8452,"shortening (palm oil, citric acid)",[]
8453,chopped tomatoes (75.6%),[]
8454,organic blueberry flavor,[]
8455,tapioca dextrin & grill flavor (from sunflower oil),[]
8456,"contains less than 2% of: vegetable oil (corn, canola, and/or soybean)",['soybeans']
8457,"vegetable shortening (canola oil, palm oil, palm kernel oil)",[]
8458,citrio acid,[]
8459,ascorbic acid and calcium chloride,[]
8460,"hot sauce (aged cayenne red peppers, vinegar, salt, garlic)",[]
8461,),[]
8462,b-carotene,[]
8463,ascorbic acid (vit.c),[]
8464,confectioner's glaze (lac-resin) gum arabic,[]
8465,dehydrated vegetables,[]
8466,caramel fudge ribbon {corn syrup,[]
8467,natural & artificial butter flavor,['dairy']
8468,tocopherols added to protect flavor,[]
8469,organic steamed chickpeas,[]
8470,reduced-fat dried whole milk,['dairy']
8471,grape must,[]
8472,and onion extract,[]
8473,enzymes and annatto (vegetable color),[]
8474,cultures and annatto for color,[]
8475,"pepperoni (pork, beef, salt, contains 2% or less of: spices, dextrose, lactic acid starter culture, oleoresin of paprika, sodium nitrite, bha, bht, citric acid, may also contain dehydrated garlic, flavoring, sodium ascorbate)","['**dairy', '**soybeans']"
8476,"cheese cake pieces (cream cheese [milk cream cheese culture, salt, carob bean, and/or xanthan and/or guar gums], graham cracker crumbs [enriched wheat flour {wheat flour, barley, malt, niacin, iron, thiamine mononitrate, riboflavin, folic acid}, graham flour, sugar, partially hydrogenated soybean and/or cottonseed oils, sugar, eggs, margarine [liquid soybean oil, partially hydrogenated soybean oil, water, salt, whey, vegetable mono & diglycerides, soy lecithin, sodium benzoate, artificial flavor, beta carotene, vitamin a palmitate], confectioners sugar, cream, wheat flour, natural flavors, xanthan gum)","['dairy', 'eggs', 'wheat', 'soybeans']"
8477,cheese sauce mix [modified corn starch,[]
8478,"sour cream powder (cream, nonfat milk, cultures)",['dairy']
8479,maltodextrin (from tapioca and corn),[]
8480,sodium acid pyrophosphate (aid to retain natural color),[]
8481,panthothenic acid,[]
8482,sodium citrate and red 40,[]
8483,"sweet rolls (enriched flour [wheat flour, enzyme, niacin, reduced iron, thiamine mononitrate, riboflavin, folic acid], water, sugar, liquid sugar [sugar, water], butter [pasteurized cream, salt], eggs, contains less than 2% of each of the following: yeast, potato flour, whey, nonfat milk, salt, datem, soy flour, yellow corn flour, sodium stearoyl lactylate, inactive yeast, wheat gluten, sorbic acid preservative, monocalcium phosphate, wheat flour, calcium sulfate, sodium silicoaluminate, ammonium sulfate, ascorbic acid added as a dough conditioner, wheat starch, sorbitan monostearate, mono- & diglycerides, enzymes, calcium silicate, microcrystalline cellulose)","['dairy', 'eggs', 'wheat', 'soybeans', 'gluten']"
8484,"dried tart cherries (cherries, sugar, sunflower oil)",[]
8485,"rotisserie seasoning (salt, onion powder, yeast extract, sugar, garlic powder, spice extractive, silicon dioxide [to prevent caking])",[]
8486,"croutons: enriched unbleached wheat flour (wheat flour, malted barley flour, niacin, iron, thiamin mononitrate, riboflavin, folic acid)","['wheat', 'gluten']"
8487,"seasoning (corn maltodextrin, modified whey, salt, spices, dextrose, monosodium glutamate, nonfat dry milk, sugar, natural flavor, whey powder, onion powder, citric acid, garlic powder, artificial color [fd&c yellow no. 6 lake, extractives of paprika, fd&c yellow no. 5 lake], disodium inosinate and guanylate, lactic acid, cheddar cheese [milk, cheese cultures, salt, enzymes], buttermilk powder & not more than 2% each calcium silicate and silicon dioxide added as anticaking agents)",['dairy']
8488,"semisweet chocolate (unsweetened chocolate, cane sugar, cocoa butter, vanilla extract)",['**soybeans']
8489,"lime juice (filtered water, lime juice concentrate, lime oil, sodium benzoate [to help protect flavor])",[]
8490,citric acid and honey,[]
8491,artificial vanilla flavor,[]
8492,organic chicken meat,[]
8493,soybean and palm oil with tbhq for freshness,['soybeans']
8494,"prepared black beans (black beans, water, salt, calcium chloride, iron gluconate [color])",[]
8495,contains 2% or less of: potassium lactate,[]
8496,caffeine anhydrous,[]
8497,"part-skim mozzarella cheese and modified cornstarch (part-skim mozzarella cheese [cultured milk, salt, enzymes], modified cornstarch, skim milk, flavors)",['dairy']
8498,lemon juice with added lemon oil,[]
8499,"dark chocolate (sugar, unsweetened chocolate, cocoa butter, soy lecithin, vanilla)",['**soybeans']
8500,inulin,[]
8501,aspartame],[]
8502,"whole eggs (whole egg, modified corn starch, salt, citric acid, xanthan gum)",['eggs']
8503,enzyme modified stevia extract,[]
8504,natural & artificial blueberry flavor,[]
8505,[flour malted barley flour,"['gluten', 'wheat']"
8506,white tea and ascorbic acid (vitamin c),[]
8507,cream (78%) [vegetable oil,['dairy']
8508,carob powder,[]
8509,"mango base (sugar, mango, water, natural mango flavor, modified corn starch, lemon juice concentrate, citric acid, annatto extract added as color)",[]
8510,breaded cauliflower wings: cauliflower florets,[]
8511,"ricotta cheese (cultured milk whey, salt, acidity regulator [citric acid])",['dairy']
8512,"semisweet chocolate (sugar, chocolate liquor, cocoa butter, milkfat, soy lecithin, natural flavor, salt)","['dairy', 'soybeans']"
8513,orange juice solids,[]
8514,nisin (a natural preservative),[]
8515,"mashed potatoes 80% (water, dehydrated potatoes : potatoes, emulsifying: mono- and di-glycerides of fatty acids, antioxidant: sodium metabisulphite, natural flavouring)","['sulphur dioxide', 'sulphites']"
8516,modified maize starch,[]
8517,date syrup,[]
8518,"orzo and peppers (pasta [water, durum wheat semolina], dark and light chicken meat, red peppers, parmesan cheese [pasteurized milk, salt, lipase, microbial enzyme, bacterial culture, cellulose, natamycin], white vinegar, canola oil, salt)","['dairy', 'gluten', 'wheat']"
8519,seasoning {sugar,[]
8520,pea starch,[]
8521,freeze dried apple powder,[]
8522,and methylcellulose gum,[]
8523,"bacon: (water, salt, sodium erythorbate, sodium nitrate. may contain sugar, smoke flavor, and sodium phosphate, brown sugar)",[]
8524,smoked sea salt,[]
8525,"ham-water and smoke flavoring added (cured with water, dextrose, contains 2% or less of: salt, brown sugar, sodium phosphate, sodium erythorbate, smoke flavoring, sodium nitrite)",[]
8526,"marinade (organic high oleic sunflower oil, organic lemon juice, organic extra virgin olive oil, organic mustard [organic vinegar, water, organic mustard seeds, salt, organic spices], organic garlic, sea salt)",['mustard']
8527,"smoke powders (maltodextrin, hickory and mesquite flavors)",[]
8528,enzyme-active soy flour,['soybeans']
8529,"natural roasted peanut extract (natural flavor, peanut oil, soy lecithin)","['peanuts', 'soybeans']"
8530,dehydrated ginger,[]
8531,contains 2% or less of the following: sugar,[]
8532,"milk chocolate (sugar, cocoa butter, chocolate liquor, milk, soy lecithin (an emulsifier) and vanilla)","['dairy', 'soybeans']"
8533,tuna extract,['fish']
8534,"plum juice and grape juice (water, plum juice concentrate, grape juice concentrate)",[]
8535,"lemon juice (water, concentrated lemon juice, sodium bisulfite (preservative), sodium benzoate (preservative), lemon oil)","['sulphur dioxide', 'sulphites']"
8536,"rice (jasmine rice, rice oil)",[]
8537,"gingerbread (sugar, wheat flour, butter, whole egg, ginger, nutmeg, sodium carbonate, salt, cinnamon, clove, ginger powder, invert sugar)","['gluten', 'wheat', 'eggs', 'dairy']"
8538,raw cashews,['tree nuts']
8539,potassium metabisulfite (preservative),"['sulphur dioxide', 'sulphites']"
8540,"leavening (sodium bicarbonate, sodium aluminum sulfate, corn starch, monocalcium phosphate, and/or sodium acid pyrophosphate, calcium sulfate)",[]
8541,chickpeas (chickpeas & water),[]
8542,"enriched flour (wheat flour, niacin, reduced iron, vitamin b1 [thiamin mononitrate)","['gluten', 'wheat']"
8543,palm olein (responsibly sourced),[]
8544,"organic vanilla powder (organic vanilla extract, organic vanilla ground, organic vanilla absolute)",[]
8545,"vegetable oil (coconut (tree nut), palm kernel, palm)",['tree nuts']
8546,stuffed in a collagen casing,[]
8547,malic acid (provides tartness),[]
8548,"organic enriched wheat flour (organic wheat flour, niacin, iron, thiamine mononitrate, riboflavin, folic acid)","['gluten', 'wheat']"
8549,"lemon zen proprietary herb blend (lemon balm, lemon myrtle, lemon peel, lemon verbena, spearmint, cardamom, ginger, lavender)",[]
8550,"spices (chilli, coriander, cumin, fennel, cardamom, nutmeg, pepper, turmeric, mint leaves, mustard, cinnamon, star anise, fenugreek, clove)",['mustard']
8551,butter (lima) beans,[]
8552,"cheese flavored seasoning (whey, maltodextrin, reduced lactose whey, salt, natural cheddar cheese flavor, artificial flavor, cream, natural blue cheese flavor, artificial color [including yellow 6, extractives of turmeric, yellow 5], whey protein concentrate, lactic acid, citric acid)",['dairy']
8553,grade a nonfat dry milk,['dairy']
8554,"chocolate chips (sugar, coconut oil, cocoa processed with alkali, cocoa powder, milk fat, soy lecithin, natural vanilla extract, natural flavors)","['dairy', 'soybeans']"
8555,natural flavors (including mesquite smoke and grill flavor [from sunflower oil]) with other natural flavors,[]
8556,"contains 2% or less of tomatoes (water, tomato paste)",[]
8557,"romano and monterey jack cheeses (pasteurized milk, cheese cultures, salt, enzymes)",['dairy']
8558,chia powder,[]
8559,"vegetable shortening (palm oil, soybean oil, canola oil, tocopherols [antioxidant])",['soybeans']
8560,yeast onion powder,[]
8561,"cheese seasoning (corn maltodextrin, whey, sweet cream buttermilk, cheddar cheese [pasteurized milk, cheese culture, salt, enzymes], palm oil, salt, corn syrup, sugar, sunflower oil, sodium phosphate, garlic powder, citric acid, artificial color [titanium dioxide], lactic acid, blue cheese [pasteurized milk, cheese cultures, salt, enzymes], sodium caseinate, disodium inosinate and guanylate, natural and artificial flavor, paprika, turmeric, partially hydrogenated soybean and cottonseed oil, onions, seasoning (rice flour, corn starch, wheat starch, salt, partially hydrogenated vegetable oil [soybean and/or cottonseed], sodium alginate), shortening (palm oil, lecithin, natural flavors, beta carotene), whey, sugar, modified corn starch, dough conditioner (calcium sulfate, salt, l-cysteine hydrochloride, deodorized garlic powder, tricalcium phosphate, fungal enzymes, mono- and diglycerides, whey, ethoxylated mono- and diglycerides, wheat flour), salt, yeast, sodium hydroxide","['dairy', 'soybeans', 'wheat']"
8562,natamycin (a natural mold inhibitor)],[]
8563,lime extract,[]
8564,"organic diced tomatoes (tomatoes, calcium chloride, citric acid)",[]
8565,belgian milk chocolate with vegetable oil: sugar,['dairy']
8566,pasteurized cultured milk and cream,['dairy']
8567,boletes european flour and champignon powder,[]
8568,"butter sweetened dried cranberries (cranberries, sugar, sunflower oil)",[]
8569,"seasoning (salt, natural flavors, yeast extract1, citric acid, roasted onion powder, onion powder1, sugar1)",[]
8570,cage free fried egg white patty: egg whites,['eggs']
8571,"artificial color (yellow #5 & #6 lake, yellow #5 & #6)",[]
8572,organic sea salt caramel type flavor,[]
8573,"chocolatey chips (lactitol+, coconut oil, cocoa processed with alkali, bitter chocolate, cocoa, soybean oil, soy lecithin, natural flavor, sucralose)","['soybeans', 'lactose']"
8574,organic dehydrate cane juice,[]
8575,"worcestershire sauce (apple cider vinegar, filtered well water, molasses, wheat-free tamari [water, soybean, salt], dehydrated cane juice, salt, lemon juice concentrate, ginger puree, tamarind, cayenne puree, garlic powder, xanthan gum, shiitake mushroom, allspice, clove, orange extract, lemon extract, natural onion flavor [onion oil], natural smoke flavor)","['soybeans', 'wheat']"
8576,(vitamin c) to promote color retention,[]
8577,"chicken type flavoring (maltodextrin, gum arabic, natural flavor)",[]
8578,and other natural flavors,[]
8579,cocoa (dutch processed),[]
8580,"lemon juice ( water, lemon juice concentrate, sodium benzoate and sodium bisulfite [preservatives], lemon oil)",[]
8581,contains 2% or less of: vanilla extract,[]
8582,"hot sauce (peppers, distilled vinegar, salt, xanthan gum)",[]
8583,"alcohol: cognac (3,1%)",[]
8584,"peanut flavored chips (sugar, palm kernel and palm oil, partially defatted peanut flour, nonfat milk, dextrose, salt, soy lecithin)","['peanuts', 'dairy', 'soybeans']"
8585,"enriched high gluten flour (wheat flour, malted barley, niacin, reduced iron, thiamin mononitrate, riboflavin, and folic acid)","['wheat', 'gluten']"
8586,pizza crust {broccoli,[]
8587,"butter flavor (maltodextrin, butter flavor)",[]
8588,pasteurized cultured milk,['dairy']
8589,papaika,[]
8590,"yogurt (milk, cream, skim milk powder, bacterial culture)",['dairy']
8591,roasted sunflower seed kernels - sunflower seed kernels,[]
8592,turkey stock,[]
8593,coloring (natural: red beet juice e162)],[]
8594,"tomatoes (tomatoes, tomato juice, citric acid)",[]
8595,black carrot and red cabbage juice fro color,[]
8596,contains 2% or less of: natural and artificial flavor,[]
8597,hard-boiled egg,['eggs']
8598,#6,[]
8599,"semisweet chocolate chunks (sugar, chocolate dextrose, cocoa butter, milk, soy lecithin)","['dairy', 'soybeans']"
8600,organic fresh pressed apple juice,[]
8601,"marinara sauce (fresh vine-ripened california tomatoes, sea salt, red pepper, onion powder, garlic powder, spice extractive, naturally derived citric acid)",[]
8602,"dijon mustard (water, mustard seed, vinegar, salt, white wine, citric acid, tartaric acid, spices)",['mustard']
8603,"dehydrated vegetables (garlic, carrot, corn, green peas, onion)",[]
8604,contains 2% or less of each of the following: corn syrup solids,[]
8605,"feta cheese (milk, milk protein concentrate, salt, calcium chloride, enzyme, lactic acid, bacterial culture, cellulose)",['dairy']
8606,"meatballs (beef, pork, water, breadcrumbs (enriched wheat flour [wheat flour, niacin, ferrous sulfate, thiamine mononitrate, riboflavin, folic acid], dextrose, salt, yeast, soybean oil), textured soy protein (soy flour, caramel color), soy protein concentrate, salt, soy protein isolate, potassium chloride, natural flavor, spice extract, caramel color)","['wheat', 'soybeans']"
8607,"milk chocolate (sugar, cocoa butter, skim milk, chocolate, milkfat, lactose, soy lecithin, artificial flavors)","['dairy', 'soybeans', 'lactose']"
8608,less than 2% of: cocoa,[]
8609,"contains 2% or less cane sugar), natural flavorings (including celery powder), canadian bacon (pork",[]
8610,"soy sauce (hydrolyzed soy protein, water, salt, corn syrup, caramel coloring)",['soybeans']
8611,sesame extract,['sesame']
8612,onions (contains sulfites),['sulphites']
8613,"pumpkin spice (ground cinnamon, ground clove, ground ginger, ground nutmeg)",[]
8614,"organic miso (organic soybeans, organic cultured rice koji [organic rice, koji spores {aspergillus oryzae}], sea salt, water)",['soybeans']
8615,"ricotta cheese (whey, skim milk, vinegar, salt)",['dairy']
8616,"soy sauce solids (wheat, soybeans, salt)","['wheat', 'soybeans']"
8617,dried chile pepper,[]
8618,chocolate drizzle: sugar,[]
8619,natural flavors (includes peppermint),[]
8620,"dark chocolate (chocolate liquor, sugar, cocoa butter, milkfat, soy lecithin [emulsifier], vanilla)","['dairy', 'soybeans']"
8621,jalapeno chili pepper,[]
8622,"sodium aluminum phosphate), vital wheat gluten, emulsifier (mono and diglycerides",['wheat']
8623,"half & half (milk, cream)",['dairy']
8624,"contains 2% or less of each of the following: leavening (baking soda, sodium aluminum sulfate, cornstarch, calcium sulfate, monocalcium phosphate)",[]
8625,"natural flavor (water, propylene glycol, natural flavors, xanthan gum, citric acid, sodium benzoate, annatto)",[]
8626,silicon dioxide (anticaking agent)],[]
8627,water garlic poweder,[]
8628,folic acid (folate)],[]
8629,breaded with: whole wheat flour,['wheat']
8630,"vegetable oil (contains one or more of the following: canola cottonseed, palm) preserved by tbhq salt",[]
8631,"seasoning (whey, salt, nonfat dry milk, buttermilk solids, parmesan cheese [milk, salt, cultures, enzymes], garlic powder, maltodextrin, sugar, spice, basil, natural flavor, olive oil, lactic acid, annatto extract, turmeric extractives)","['dairy', 'wheat']"
8632,"chocolate coating (unsweetened chocolate, organic coconut sugar, organic cocoa butter, coconut oil)",[]
8633,lobster flavor,['fish']
8634,contains less than 2% of: rice flour,[]
8635,potassium sorbate and sodium benzoate (added to maintain freshness),[]
8636,"enriched wheat flour (contains: wheat flour, niacin, reduced iron, thiamine mononitrate, riboflavin, and folic acid)",['wheat']
8637,almond butter,['tree nuts']
8638,contains 2% or less of the following: dextrose,[]
8639,"seasoning (honey granules (refinery syrup, honey), sugar, brown sugar, salt, onion and garlic powder, smoke flavoring (maltodextrin, natural smoke flavor), molasses granules (refiners syrup, cane mill molasses, cane caramel color), monosodium glutamate, spices (with jalapeno), paprika, citric acid, spice extractives)",[]
8640,brown cane sugar,[]
8641,organic passionfruit juice concentrate,[]
8642,organic turmeric powder (color),[]
8643,"hot soppressata: (pork, salt, paprika, dextrose, spices, lactic acid starter culture, sodium erythorbate, garlic, sodium nitrite)",[]
8644,natamycin to protect flavor,[]
8645,"cheese sauce (water, cheddar cheese [pasteurized milk, cheese culture, salt, enzymes, annatto color], modified corn starch, cream cheese [pasteurized cultured milk and cream, salt, stabilizers (xanthan, locust bean and/or guar gums)], canola oil, contains less than 2% of nonfat dry milk, whey, sodium phosphate, salt, corn starch, lactic acid, cellulose gum, butter oil, sugar, yeast extract, paprika extract [color], natural flavors, annatto extract [color])",['dairy']
8646,ingredients: corn,[]
8647,"dry roasted pistachios (pistachios, sea salt)",['tree nuts']
8648,dicalcium phosphate dihydrate,[]
8649,vanillin (artificial flavoring)],[]
8650,ingredients: skinless boneless chicken breast fillets,[]
8651,organic black carrot juice concentrate (color),[]
8652,"flour (unbleached wheat flour, malted barley flour, niacin, iron, thiamine mononitrate, riboflavin, folic acid)","['wheat', 'gluten']"
8653,contains less than 2% pear powder,[]
8654,sat,[]
8655,enzyme-modified butter oil,['dairy']
8656,organic thyme extract,[]
8657,tilapia (carbon monoxide treated to retain natural color),['fish']
8658,ethoxylated mono- and diglycerides,[]
8659,calcium propionate and potassium sorbate (to preserve freshness),[]
8660,"pasta (wheat flour, eggs, water)","['wheat', 'eggs', 'gluten']"
8661,propyl gallate and citric acid added to protect flavor: pork,[]
8662,live active culture,[]
8663,sauce - water,[]
8664,guava puree from concentrate,[]
8665,"cake mix (sugar, enriched bleached wheat flour (wheat flour, niacin, reduced iron, thiamine mononitrate, riboflavin, folic acid), vegetable oil shortening (palm oil), cocoa powder processed with alkali, wheat starch, leavening (baking soda, dicalcium phosphate, monocalcium phosphate, sodium aluminum phosphate), dextrose, emulsifier (propylene esters, mono and diglycerides, sodium stearoyl lactylate), salt, color (yellow 6 lake, red 40 lake, blue 1 lake, soy lecithin, yellow 5 lake), xanthan gum, cellulose gum, natural and artificial flavor)","['wheat', 'gluten', 'soybeans', 'eggs', 'dairy']"
8666,"cooked cavatappi pasta (water, enriched semolina [durum wheat semolina, niacin, ferrous sulfate, thiamine mononitrate, riboflavin, folic acid])","['wheat', 'gluten']"
8667,spice(garlic powder),[]
8668,"enriched long grain rice (milled long grain rice., iron phosphate, niacin, thiamine mononitrate, folic acid)",[]
8669,"tortilla: flour (wheat flour, barley flour)","['wheat', 'gluten']"
8670,"trisource protein blend (whey protein isolate, calcium caseinate, soy protein isolate)","['dairy', 'soybeans']"
8671,"artificial colors (red 40, blue 1, red 3, yellow 5)",[]
8672,"spice mix (salt, tomato powder, onion powder, spices, garlic powder, smoked paprika)",[]
8673,"seasoning blend (maltodextrin, sea salt, white distilled vinegar)",[]
8674,"barbeque sauce: (corn syrup, vinegar, tomato paste, modified food starch, salt, natural flavors, natural smoke flavor, spices, caramel color, sodium benzoate, molasses, garlic dried, sugar, tamarin, red onion)",[]
8675,pure cane sugar,[]
8676,caramel: brown sugar,[]
8677,"birthday cake flavorette (sugar, corn syrup, corn cereal, corn starch, palm oil, natural flavor, coloring agents [fruit and vegetable extracts, beta carotene, turmeric, paprika])",[]
8678,flax+,[]
8679,"dough conditioner (monoglycerides. ethoxylated mono- and diglycerides, sodium stearoyl lactylate, ascorbic acid)",[]
8680,vegetable oil (palm and/or soybean and/or canola oil and/or rice bran oil),['soybeans']
8681,"dough conditioners (mono and diglycerides, sodium stearoyl lactylate, ascorbic acid, enzymes)",[]
8682,contains less than 2% of the following: food starch-modified,[]
8683,natural and artificial butter flavor,['dairy']
8684,water modified corn starch,[]
8685,lemon essential oil,[]
8686,sodium silicoaluminate,[]
8687,"organic garam masala (organic bay leaf, organic cloves, organic cardamom, organic cinnamon, organic nutmeg, organic coriander, organic black pepper, organic cumin)",[]
8688,"mayonnaise (soybean oil, distilled vinegar, water, egg yolk, whole egg, contains less than 2% of salt, sugar, lemon juice concentrate, natural flavor, oleoresin paprika [for color], calcium disodium edta [to protect flavor])","['soybeans', 'eggs']"
8689,"cheese blend (shredded low-moisture mozzarella cheese [cultured pasteurized milk, salt and enzymes], powdered cellulose [added to prevent caking], seasoning blend [oregano, basil, red pepper, parsley])",['dairy']
8690,organic cherries organic macadamia nuts,['tree nuts']
8691,"sharp cheddar cheese (pasteurized milk, cheese culture, salt, enzymes, annatto [vegetable color])",['dairy']
8692,"deluxe low sodium roast beef (coated with salt, pepper, garlic)",[]
8693,"mct oil powder (mct oil, acacia fiber)",[]
8694,"tomato ketchup (tomato concentrate, distilled vinegar, high fructose corn syrup, corn syrup, salt, spice, onion powder, natural flavoring)",[]
8695,"sweetener (honey, wheat starch)",['wheat']
8696,organic garbanzo bean sprout,[]
8697,vitamin e (mixed tocopherols) and ascorbic acid added to preserve freshness,[]
8698,fish protein [alaska pollock (gadus chalcogramma) and/or pacific whiting (merluccius productus)],['fish']
8699,organic distilled white vinegar,[]
8700,may contain occasional stem or shell fragment,[]
8701,"organic red wine vinegar with """"mother"""" diluted with water to 5% acid strength",[]
8702,"butter flavor (enzyme modified butter, flavor)",['dairy']
8703,paprika coloring,[]
8704,"semi-sweet chocolate (sugar, unsweetened chocolate, cocoa butter)",[]
8705,"caramel ripple (corn syrup, water, sweetened condensed skim milk [skim milk, sugar], sugar, butter, corn starch, modified, mono- and diglycerides, salt, natural and artificial flavor, sodium alginate, potassium sorbate [preservative])","['dairy', 'gluten', 'wheat']"
8706,contains 2% or less of the following: disodium phosphate,[]
8707,anhydrous dextrose (from wheat or corn),"['gluten', 'wheat']"
8708,black cherries modified corn starch,[]
8709,"leavening (sodium bicarbonate, sodium acid pyro-phosphate and monocalcium phosphate)",[]
8710,"(yellow 6, extractives of turmeric and caramel color)",[]
8711,"tamari soy sauce (water, soybeans, salt, sugar, alcohol, vinegar and lactic acid)",['soybeans']
8712,"pepper jack cheese (pasteurized milk, jalapeno peppers, cheese culture, salt, enzymes, natamycin as a natural mold inhibitor)",['dairy']
8713,speckled lima beans,[]
8714,sodium benzoate and calcium disodium edta as preservatives,[]
8715,"enriched flour (wheat flour, malted barley flour, niacin, reduced ron, thiamin mononitrate, riboflavin, folic acid)","['gluten', 'wheat']"
8716,"enriched wheat flour bleached (wheat flour, ferrous sulfate, niacin, thiamine mononitrate, riboflavin, folic acid)","['gluten', 'wheat']"
8717,"mixed berries (blackberries, blueberries, raspberries)",[]
8718,freeze-dried peaches,[]
8719,"whipped cream cheese (pasteurized milk and cream, skim milk, whey protein concentrate, whey, modified food starch, salt, carob bean gum, xanthan gum, guar gum, lactic acid, natamycin [a natural mold inhibitor], vitamin a palmitate, cheese culture)",['dairy']
8720,ingredients: organic coconut,[]
8721,"roasted & salted peanuts (peanuts, salt)",['peanuts']
8722,"raspberry puree pieces (raspberry, apple juice concentrate, apple powder, citrus pectin)",[]
8723,dehydrated chile peppers,[]
8724,artificial ham flavor flavor hydrolized vegetable protein,[]
8725,turkey stick: turkey,[]
8726,may contain potassium sorbate,[]
8727,"shredded parmesan cheese (parmesan cheese [made from cow's milk] rennet, salt, starch and powdered cellulose added to prevent caking)",['dairy']
8728,pumpkin flower,[]
8729,cilantro and spices,[]
8730,non gmo sunflower and/or safflower oil,['**soybeans']
8731,paprika and garlic,[]
8732,carrageenan (thickener),[]
8733,"apples (ascorbic acid, calcium carbonate [added to maintain freshness and color])",[]
8734,"less than 2%: garlic puree (garlic, water)",[]
8735,organic green crushed tomatoes,[]
8736,"vegetable oil (palm, soybean and/or cottonseed oils)",['soybeans']
8737,unbleached flour (wheat flour and ultragrain whole wheat flour),"['gluten', 'wheat']"
8738,ammonium bicarbonate as leavening agent,[]
8739,"matzo meal passover wheat flour and water), spices, garlic, paprika, annatto color","['gluten', 'wheat']"
8740,"artificial colors (yellow lake #5, red lake #40)",[]
8741,ingredients: organic crisp rice,[]
8742,"filling (ricotta (whey, whole milk, cream, vinegar), seasoning (water, sunflower oil, potato starch, casein, salt), parmesan cheese (pasteurized cultured milk, salt, enzymes), bread crumbs (wheat flour, yeast, salt), mozzarella cheese (pasteurized cultured milk, salt and enzymes), mascarpone cheese (pasteurized milk, cream, citric acid), pecorino romano cheese (pasteurized cultured sheep milk, rennet, salt), cornstarch, chicory root fiber, potato starch, dehydrated potatoes, vegetable fiber, natural flavors. 2% or less of salt. yeast extract)","['dairy', 'gluten', 'wheat']"
8743,gmo-free cane sugar,[]
8744,yellow lake 5,[]
8745,stabilizer (locust bean gum),[]
8746,"fruit puree (pear, papaya, mango, strawberry, passion fruit, kiwi)",[]
8747,refined sunflower oil,[]
8748,contains less than 2%: spices,[]
8749,pomegranate juice1,[]
8750,"organic coconut-milk (water, organic coconut creme)",[]
8751,cream [cream (milk),['dairy']
8752,"vitamin d3 and live active cultures (s. thermophilus, l. bulgaricus, l. acidophilus, bifido, lactis, l. rhamnosus, l.casel)",[]
8753,"methyl cellulose), salt, seasoning (chili pepper",[]
8754,diced pineapple,[]
8755,non gmo brown rice syrup,[]
8756,spriulina extract and vegetable juice (color),[]
8757,yellow 6 (color),[]
8758,"cooked lentils (water, lentils)",[]
8759,"protein grain blend (soy protein isolate, organic rolled oats, organic rice flour)",['soybeans']
8760,corn binder,[]
8761,contains 2% or less of cellulose gum,[]
8762,"butter (milk, cream)",['dairy']
8763,"emulsifying salts (polyphosphates, sodium phosphates)",[]
8764,"seed and dried fruit mix (almonds, red tart cherries, cranberries, raisins, flax seeds, pumpkin seeds) chicory root fiber",['tree nuts']
8765,jasmine long grain rice,[]
8766,pumpkin seed,[]
8767,artificial colors (includes red 40 lake),[]
8768,"marinara sauce with romano cheese (tomatoes and tomato paste, water, canola oil, mushrooms, romano cheese [sheep's milk, cheese culture, salt, rennet], modified food starch, salt, onion [dry], spices, citric acid)",['dairy']
8769,"dried mango (mango, sugar, mango juice, citric acid, natural mango flavor, sulfur dioxide (sulfites))","['sulphur dioxide', 'sulphites']"
8770,less than 2% of: garlic,[]
8771,mission figs,[]
8772,"vanilla wafers (enriched flour [wheat, niacin, reduced iron, thiamin mononitrate, riboflavin, folic acid])","['wheat', 'gluten']"
8773,baby green tango lettuce,[]
8774,"natural flavors (contain baker's yeast extract, salt)",[]
8775,"chocolate drops (sugar, chocolate liquor, cocoa butter, dextrose, soy lecithin, artificial flavor)",['soybeans']
8776,"fruit (peaches, pears, cherries [cherries, carmine])",['peanuts']
8777,red pepper},[]
8778,"chili powder (chili peppers, spices, garlic powder)",[]
8779,marshmallow: sugar,[]
8780,dextrin,[]
8781,partially hydrogenated cottonseed oil and/or partially hydrogenated canola oil,[]
8782,"chocolate (sugar, hydrogenated vegetable fat, cocoa powder processed with alkali, salt, vanillin) and soy lecithin",['soybeans']
8783,stabilizer disodium phosphate,[]
8784,organic lime juice concentrate,[]
8785,"tofu (water, sprouted soybeans, nigari (magnesium chloride), calcium sulfate)",['soybeans']
8786,vegetable oil (canola &/or sunflower)],[]
8787,"chicken filling (chipotle tinga sauce [water, onions, tomato paste {tomatoes}, green bell pepper and red bell pepper blend, chipotle peppers in adobo sauce {chipotle peppers, water, tomato paste, vinegar, onions, salt, sugar, vegetable oil and spices}, soybean oil, sugar, sea salt, minced garlic {garlic, water}, distilled vinegar {white distilled vinegar, water}, corn starch, cumin, oregano], chicken [fully cooked chicken white meat, water, rice starch and contains less than 2% of: salt, carrageenan, yeast extract, black pepper, paprika, garlic powder and natural flavor], reduced fat cheddar cheese [pasteurized part-skim milk, cheese cultures, salt, enzymes and annatto {color}], corn starch, plum puree [prune juice concentrate, dried plums {prunes}])","['soybeans', 'dairy']"
8788,"margarine (soybean oil, palm oil, palm kernel oil, water, salt, mono & diglycerides, soybean lecithin (soy), sodium benzoate added as a preservative, artificial butter flavor, colored with beta carotene, vitamin a palmitate added)",['soybeans']
8789,pasteurized cultured cream and milk,['dairy']
8790,"raspberry filling (high fructose corn syrup, raspberries, water, modified food starch, sugar, dried apple [apples, calcium stearate and sodium sulfite], dextrose, citric acid, cellulose gum, preservatives [sodium benzoate and potassium sorbate], salt, natural flavor)",[]
8791,serrano powder,[]
8792,"caramel crunch (sugar, lactose, skim milk, butter, salt, coconut oil, whey powder, soy lecithin (emulsifier))","['dairy', 'soybeans']"
8793,"less than 2% of: seasoning (spices (white pepper, nutmeg, coriander), onion powder, sage, ascorbic acid (antioxidant), sunflower oil)",[]
8794,gingerbread ingredients: enriched wheat flour,"['wheat', 'gluten']"
8795,"chocolaty cookie pieces (enriched flour [niacin, reduced iron, thiamine mononitrate, riboflavin, folic acid], soybean and palm oil with tbhq for freshness, cocoa processed with alkali, invert sugar, yellow corn flour, chocolate, cornstarch, salt, leavening (baking soda, monocalcium phosphate), artificial flavor, soy lecithin, whey)","['wheat', 'soybeans', 'dairy']"
8796,contains 2 percent or less of each of the following: salt,[]
8797,"organic miso paste (organic rice koji, organic soybeans, sea salt, water, koji spores)",['soybeans']
8798,organic roasted green chile,[]
8799,"cheese sauce (whole milk, cheddar cheese [milk, cheese cultures, salt, enzymes], heavy cream, butter [cream, salt], water, potato flour, onions, rice starch, parmesan cheese [part-skim milk, cheese cultures, salt, enzymes], sea salt, spices)",['dairy']
8800,"bacon (pork cured with water, salt, sugar, sodium phosphate, sodium ascorbate, sodium nitrite)",[]
8801,ancient sea salt,[]
8802,"seasoning (sugar, honey powder [refinery syrup, honey)",[]
8803,"fried plantains (ripe plantains, palm oil)",[]
8804,citric acid and malic acid to promote color,[]
8805,ingredients: heat peanuts - peanuts,['peanuts']
8806,the following less than 2% - sea salt,[]
8807,"almonds (almonds, canola and/or peanut and/or cottonseed oil, salt)",['tree nuts']
8808,natural elderberry extract and annatto (for color),[]
8809,"seasoning blend (salt, onion, sugar, hydrolyzed corn protein, chili pepper, spices, monosodium glutamate, garlic, citric acid, jalapeno, bell pepper, paprika extract, disodium guanylate and disodium inosinate, natural flavor, silicon dioxide and vegetable oil [sunflower] to prevent caking)",[]
8810,natural white chocolate flavor,[]
8811,calcium disodium edta (to maintain quality),[]
8812,"royal icing mix: powdered sugar (sugar, corn starch)",[]
8813,"blue cheese (milk, cheese culture salt, enzymes)",['dairy']
8814,dried scallions,[]
8815,"croutons (wheat flour, sunflower oil, wheat flakes, palm oil shortening , sea salt, whey powder, sugar, cheese powder [cheese, whey powder], maltodextrin, yeast, yeast extract, garlic powder, dehydrated parsley, natural flavor, citric acid, malted barley flour, spices, rosemary extract)","['wheat', 'gluten', 'dairy']"
8816,potassium sorbate (a preservative) spice,[]
8817,colby cheese: pasteurized milk,['dairy']
8818,concord grape concentrate,[]
8819,"miso (rice, soybeans, sea salt, water, koji spores)",['soybeans']
8820,natural orange bitters flavor,[]
8821,contains 2% or less of the following: gellan gum,[]
8822,"less than 1% of artificial coloring (includes red 40 lake, yellow 5 lake, blue 1 lake, blue 2 lake)",[]
8823,sodium benzoate,[]
8824,"vegetable oil (corn, canola, and/or soybean)",['soybeans']
8825,vanilla bean,[]
8826,"bechamel sauce (whole milk solids, modified food starch, cornstarch, salt, sugar, natural flavor, yeast extract, dehydrated onion)",['dairy']
8827,organic fenugreek,[]
8828,romano cheese solids from cow's milk,['dairy']
8829,yellow 5 (color),[]
8830,natural and artificial flavoring (including artificial smoke flavor),[]
8831,dried organic oregano,[]
8832,onions tomatillos,[]
8833,beta carotene,[]
8834,sweet peas,[]
8835,taco cheese blend [pasteurized milk,['dairy']
8836,"fudge (sugar, water, cocoa, corn starch, salt)",[]
8837,"unbleached enriched wheat flour (wheat flour, niacin, reduced iron, ascorbic acid [dough conditioner], thiamine mononitrate, riboflavin, alpha amylase, folic acid)","['wheat', 'gluten']"
8838,stabilizer [sugar,[]
8839,"vitamin a palmitate), raspberry filling [sugar, high fructose corn syrup, water, corn syrup, raspberry puree, modified corn starch, raspberry juice from concentrate, natural flavors, pectin, citric acid, malic acid, potassium sorbate (preservative), caramel color, sodium citrate, artificial colors (fd&c red #40 and fd&c blue #1)], sugar, water, high fructose corn syrup, eggs, palm oil, dextrose, contains 2% or less of the following: yeast, mono & diglycerides, whey, modified corn starch, salt, soy flour, corn starch, tapioca starch, corn syrup, calcium sulfate, ammonium sulfate, enzymes, calcium carbonate, agar, titanium dioxide, sorbitan monostearate, natural & artificial flavors, corn flour, oleoresin turmeric, soybean oil, soy lecithin, oleoresin paprika, glyceryl monooleate, polysorbate 60, leavening (sodium acid pyrophosphate","['eggs', 'soybeans', 'dairy']"
8840,"sugar), corn, soybean oil, 2% or less of dehydrated sour cream (sour cream (cultured cream, nonfat milk)",['dairy']
8841,"sweet relish (cucumbers, sugar, vinegar, salt, mustard seed, xanthan gum, celery seed, dried bell pepper, natural flavor, turmeric, dried onion)","['mustard', 'celery']"
8842,organic cream and organic skim milk,['dairy']
8843,contains 1% or less of natural and artificial flavors,[]
8844,raspberry puree (1.7%),[]
8845,"chocolatey coating (sugar, fractionated palm kernel oil, cocoa powder, whey, [milk], non-fat milk, soy lecithin, vanilla)","['dairy', 'soybeans']"
8846,"seasoning (hydrolyzed soy, corn and wheat gluten proteins, salt, onion powder, modified corn starch, autolyzed yeast, natural flavor, torula yeast, monosodium glutamate, garlic powder, disodium inosinate, disodium guanylate, soybean oil, dextrose, thiamine hydrochloride, tartaric acid, gum arabic)","['wheat', 'soybeans']"
8847,"red raspberry preserves (red raspberry puree, sugar, lemon juice (from concentrate), pectin, citric acid, sodium citrate)",[]
8848,non-gmo vegetable glycerin,[]
8849,vanilla sugar,[]
8850,palm kernel oil,[]
8851,"enriched flour (wheat flour, niacin, ferrous sulfate, thiamin mononitrate, riboflavin, folic acid)","['wheat', 'gluten']"
8852,gum acacia,[]
8853,contains 2% or less of organic flavors,[]
8854,"crust (enriched flour [enriched flour [wheat flour, niacin, reduced iron, thiamin mononitrate, riboflavin, folic acid], water, soybean oil, sugar, yeast, contains 2% or less of: leavening [sodium bicarbonate, sodium aluminum phosphate], salt, corn meal, soy lecithin [processing aid])","['soybeans', 'wheat', 'gluten']"
8855,tomato puree (8%),[]
8856,acetic acid salt and sodium bisulfite to preserve color,[]
8857,clams,['shellfish']
8858,edta calcium disodium (preservative),[]
8859,ceremonial grade matcha,[]
8860,"yeast food (sodium chloride, wheat flour, calcium sulfate, ammonium chloride)","['wheat', 'gluten']"
8861,stone-ground whole wheat flour,"['wheat', 'gluten']"
8862,vine ripened fresh tomatoes,[]
8863,"fudge swirl (corn syrup, sugar, water, high fructose corn syrup, cocoa processed with alkali, whey, pectin)",['dairy']
8864,"chicken and vegetable broth type flavor (hydrolized soy and corn protein, salt, autolyzed yeast extract, monosodium glutamate, maltodextrin, partially hydrogenated cotton seed and soybean oils, sugar, onion powder, thiamine hydrochloride [vitamin b 1], natural flavor [contains celery], spices including turmeric, disodium inosinate, disodium guanylate)","['soybeans', 'celery']"
8865,"emulsifier (propylene glycol, mono- and diesters of fats and fatty acids, mono- and diglycerides, soy lecithin, preservatives [bht, citric acid])",['soybeans']
8866,semi -skimmed cocoa powder,[]
8867,boneless skinless chicken breast tenderloins,[]
8868,"white chocolate (sugar, cocoa butter, skim milk, milkfat, soy lecithin, natural and artificial flavors, pgpr, salt, tocopherols to maintain freshness)","['dairy', 'soybeans']"
8869,bacterial culture],[]
8870,less than 1% of: pear and apple juices from concentrate,[]
8871,"sweetened dried cranberries (cranberries, sugar, sunflower oil)",[]
8872,"monterey jack cheese (pasteurized milk, cheese cultures, salt, enzymes [microbial])",['dairy']
8873,"cheddar cheese (pasteurized milk, cheese cultures, salt, enzyms)",['dairy']
8874,"enriched flour (wheat flour, niacin, reduced iron, thiamine mononitrate, riboflavin, folic acid)","['wheat', 'gluten']"
8875,monosodium glutmamate (flavor enhancer),[]
8876,less than 2% of: natural flavor (from plant sources),[]
8877,milled flax seeds,[]
8878,"cooked rice (water, long grain rice)",[]
8879,"enriched wheat flour (flour, niacin, reduced iron, thiamine mononitrate, riboflavin, folic acid)","['wheat', 'gluten']"
8880,ingredients: filtered purified water,[]
8881,citric acid (acidity regulator),[]
8882,organic beet (root),[]
8883,"tomatillos (green tomatillos, water, citric acid, salt, calcium chloride)",[]
8884,vitamins and minerals: ferric orthophosphate (iron),[]
8885,rice maltodextrin,[]
8886,"colby cheese (pasteurized milk, cheese culture, salt, enzyme, annatto [vegetable color])",['dairy']
8887,"cheddar and sour cream peanuts (peanuts, vegetable oil [peanut, cottonseed, soybean and/or sunflower seed], seasoning [whey, salt, dehydrated onion and garlic, cheddar cheese powder {cheddar cheese (milk, salt, cultures, enzymes), disodium phosphate, salt, enzymes, yellow 5, yellow 6}, buttermilk, natural and artificial flavors, citric acid, autolyzed yeast extract, sour cream powder {sour cream (cream, nonfat milk, cultures), cultured nonfat milk and citric acid}, disodium inosinate and guanylate, yellow 6 lake, lactic acid, yellow 5 lake])","['peanuts', 'dairy']"
8888,"fiber blend (lemon fiber, pea fiber, potato fiber, psylium fiber, sea weed fiber)",[]
8889,roasted tomato puree,[]
8890,"chili powder (spices, salt, garlic, and less than 2% silicon dioxide added as an anticaking agent)",[]
8891,natural flavors (from vegetable sources),[]
8892,coriander seed,[]
8893,"annatto extract color), vitamin a palmitate, vitamin d3), natural and artificial flavor, modified corn starch, salt, whey (milk), nonfat dry milk, mono- and diglycerides, fd&c red #40 aluminum lake, leavening blend (sodium acid pyrophosphate, sodium bicarbonate, corn starch, monocalcium phosphate, calcium sulfate), fd&c yellow #5, fd&c blue #1, soybean lecithin, molasses",['dairy']
8894,"lavash bread (enriched unbleached wheat flour (wheat flour, malted barley flour, niacin, iron thiamin monnitrate, riboflavin, folic acid), filtered water, canola oil, sea salt, cultured wheat, oat fiber, sugar, baking powder (sodium acid pyrophosphate, potato starch, sodium bicarbonate), yeast)","['wheat', 'gluten']"
8895,mono- and di-glycerides (emulsifier),[]
8896,"ice cream (cream, skim milk powder, whey powder, sucrose, corn syrup, stabilizer (mono & diglycerides, guar gum, locust bean gum, calcium sulfate, polysorbate 80, carrageenan), water)",['dairy']
8897,"xanthan gum), canola oil, rendered bacon fat (cured with water",[]
8898,"pretzel roll (unbleached enriched flour [wheat flour, malted barley flour, niacin, reduced iron, thiamine mononitrate, riboflavin, folic acid], water, sugar, canola oil, salt, whey, yeast, soy lecithin [an emulsifier], wheat gluten)","['dairy', 'wheat', 'gluten']"
8899,oried garlic,[]
8900,"shoyu broth seasoning (maltodextrin, salt, soy sauce powder [wheat, soybeans, salt], gelatin, chicken fat, natural flavors, chicken broth, soy lecithin, onion, yeast extract, cooked chicken, mushroom concentrate)","['soybeans', 'wheat']"
8901,"honey mustard seasoning (sugar, salad style mustard [vinegar, mustard seed, salt, turmeric], maltodextrin [made from corn], modified corn starch, salt, onion powder, molasses, spice, sodium diacetate, honey, monosodium glutamate, yeast extract, citric acid, turmeric extracts, horseradish, sunflower oil, natural flavor [including natural extractives of mustard seed], and paprika extracts)",['mustard']
8902,"mustard (distilled vinegar, water, mustard seed, salt, xanthan gum, turmeric, paprika, yellow 5)",['mustard']
8903,cyanocobalamin (vitamin b-12),[]
8904,sesame seeds paste,['sesame']
8905,ingredients: black-eye peas,[]
8906,filling: pecans,['tree nuts']
8907,carrageenan sea salt,[]
8908,clarified pineapple,[]
8909,red bell peppers,[]
8910,natural raspberry flavor,[]
8911,raw milk,['dairy']
8912,sodium alginate,[]
8913,tbhq preservative,[]
8914,vegetarian enzyme,[]
8915,"organic romano cheese (pasteurized organic cow's milk, cultures, salt, enzymes)",['dairy']
8916,spanish olives,[]
8917,potassium sorbate to protect flavors,[]
8918,"color (yellow 5 lake, yellow 6 lake, extractives of turmeric, titanium dioxide, blue 1, red 40)",[]
8919,palmitate (vitamin a),[]
8920,potassium sorbate (to retard spoilage),[]
8921,ingredients for lollipop: sugar,[]
8922,stabilizers (xanthan and/or carob bean and/or guar gums)],[]
8923,"enriched wheat flour (flour enriched with niacin, reduced iron, thiamine mononitrate, riboflavin and folic acid, malted barley flour, and potassium bromate)","['wheat', 'gluten']"
8924,"semisweet chocolate chips (sugar, chocolate liquor, cocoa butter, soy lecithin, natural flavor, salt)",['soybeans']
8925,dried blackberry fruit pieces,[]
8926,contains 2% or less of: glycerine,[]
8927,bourbon vanilla,[]
8928,"caramel (high fructose corn syrup, sweetened condensed skim mlk [condensed skim mlk, sugar], water, butter, modifed food starch [corn, salt, artiacial flavor, potassium sorbate [preservatne], disodium phosphate, carrageenan)",['dairy']
8929,bone-in pork chops,[]
8930,"parmesan cheese (part-skim milk, cultures, salt, enzymes)",['dairy']
8931,"live active cultures (l. acidophilus, bifidus, l. casei)",[]
8932,"soy wine sauce (water, soy sauce [water, wheat, soybeans, salt, lactic acid, sodium benzoate {preservative}], sugar, cooking sherry wine [wine, salt], modified corn starch, garlic, caramel color, ginger puree [ginger, water, phosphoric acid], sesame oil, onion powder, xanthan gum, spices, cayenne pepper)","['soybeans', 'wheat', 'sesame']"
8933,sodium hexametaphosphate (to protect flavor),[]
8934,rosemary extract (antioxidant),[]
8935,heart sprinkles: sugar,[]
8936,"whey protein crisp (whey protein isolate, whey protein concentrate, tapioca starch, calcium carbonate)",['dairy']
8937,organic butternut squash,[]
8938,less than 2% - salt,[]
8939,organic pasteurized whole egg,['eggs']
8940,95% g,[]
8941,"potato dumplings (vegetable oil: canola, sunflower, safflower, soybean or palm, corn flour, potato flakes, dehydrated onion, garlic, sea salt)",['soybeans']
8942,"artificial flavors (chocolate, vanillin, condensed milk, vanilla)",['dairy']
8943,rice powder,[]
8944,"vegetable powders (red bell pepper, tomato, onion, garlic) chili pepper",[]
8945,solid white tuna,['fish']
8946,prepared with sulfites for color retention,['sulphites']
8947,"cream (water, edible vegetable fat, liquid glucose, milk solids)",['dairy']
8948,expeller pressed safflower oil,[]
8949,fire roasted poblano peppers,[]
8950,"dark chocolate (chocolate liquor, sugar, cocoa butter, soy lecithin, vanilla flavor)",['soybeans']
8951,maquereau,[]
8952,sodium diacetate and natural hickory smoke flavor,[]
8953,rebiana (stevia extract),[]
8954,"red jalapeno pepper (salt, acetic acid, calcium chloride)",[]
8955,"french's original potato sticks (potatoes, palm oil and salt)",[]
8956,sodium bisulfite(to retain color),"['sulphur dioxide', 'sulphites']"
8957,and other colors added,[]
8958,"cotija cheese (pasteurized milk, cheese cultures, salt, rennet)",['dairy']
8959,guar gum (from the guar plant),[]
8960,"spices (including red pepper, paprika)",[]
8961,"chocolate chips (organic cane sugar, unsweetened chocolate, cocoa butter)",['soybeans']
8962,"vitamin and mineral blend (calcium carbonate, vitamin e acetate, vitamin a palmitate, vitamin d2)",[]
8963,natural & artificial strawberry flavor,[]
8964,di-magnesium phosphate,[]
8965,beetroot red,[]
8966,non-gmo whole wheat flour,"['gluten', 'wheat']"
8967,"crab town seasoned peanuts (super extra large virginia peanuts, peanut oil, seafood seasoning [salt, paprika, mustard seed, red pepper & spices])","['peanuts', 'mustard']"
8968,dietary tapioca fiber,[]
8969,"cheddar cheese (pasteurized milk, cultures, salt, enzymes)",['dairy']
8970,organic mango juice,[]
8971,green tea (camellia sinensis),[]
8972,fresh green bell peppers,[]
8973,"dijon mustard (distilled vinegar, water, mustard seed, salt, white wine, citric acid, tartaric acid and spices)",['mustard']
8974,"contains less than 2% of: margarine (palm oil, water, soybean oil, salt, contains less than 2% of: natural flavor, soy lecithin, beta carotene [color], vitamin a palmitate added)",['soybeans']
8975,founders breakfast stout beer,[]
8976,natural chipotle clementine flavor,[]
8977,captain,[]
8978,"contains less than 2% of sweetened condensed skim milk (condensed skim milk, sugar)",['dairy']
8979,"chocolate chips (dehydrated cane juice, unsweetened chocolate, cocoa butter, soy lecithin, vanilla)",['soybeans']
8980,red beet extract (color),[]
8981,"cheddar cheese (milk, cheese cultures, salt enzymes)",['dairy']
8982,palm oil soybean,['soybeans']
8983,"natural flavor), corn syrup, strawberry puree (strawberries",[]
8984,granulated green bell pepper,[]
8985,contains less than 2% of each of the following: anchovy extract,['fish']
8986,atlantic salmon,['fish']
8987,"organic turkey flavor (includes organic turkey flavor with organic turkey, organic turkey skins, organic evaporated cane sugar, organic roasted turkey flavor, organic onion powder, organic soy lecithin, yeast extract, organic turmeric, organic acacia gum)",['soybeans']
8988,and less than 2% of wheat bran,"['gluten', 'wheat']"
8989,100% tart montmorency cherry juice,[]
8990,"dough improver (enriched wheat flour [wheat flour, niacin, reduced iron, thiamin mononitrate, riboflavin, folic acid], enzymes [contains wheat], ascorbic acid)","['gluten', 'wheat']"
8991,may also contain 2% or less of spices,[]
8992,"contains less than 2% of the following: leavening (sodium acid pyrophosphate, baking soda, monocalcium phosphate)",[]
8993,unsulfured dried apples,[]
8994,"seasoning (cheddar, parmesan, and romano cheeses (pasteurized cow's milk, cheese cultures, salt, enzymes), ricotta cheese whey, milkfat, lactic acid, salt)",['dairy']
8995,lactic acid esters,[]
8996,colored with extractives of turmeric and annatto seed,[]
8997,less than 2% of the following: spices,[]
8998,roasted florina peppers,[]
8999,"cooked rice noodles1 (water, white rice noodles)",[]
9000,natural berry spice flavor,[]
9001,contains less than 2% of: tomato paste,[]
9002,"organic tea infusion (water, organic green tea extract)",[]
9003,"organic spices (organic black pepper, organic rosemary, organic sage)",[]
9004,"blueberries dried (blueberries, sugar, sunflower oil)",[]
9005,"filling ingredients: bread crumbs (wheat flour, water, natural yeast)","['wheat', 'gluten']"
9006,"leavening (baking soda, sodium aluminium phosphate, monocalcium phosphate)",[]
9007,"cookies: bleached enriched wheat flour (flour, ascorbic acid, enzyme, niacin, iron, thiamine, riboflavin, folic acid)","['wheat', 'gluten']"
9008,"seasonings (dehydrated vegetables [onion, tomato, green bell peppers, jalapeno peppers, garlic], salt, natural and artificial flavors, monosodium glutamate, hydrolyzed vegetable protein [corn], tricalcium phosphate, palm oil, colored with paprika and red #40)",[]
9009,organic green pea meal,[]
9010,"cream cheese (pasteurized milk and cream, cheese culture, salt, carobbean gum, guar gum)",['dairy']
9011,"romano cheese made from cow's milk (skim milk, cheese culture, salt, enzymes)",['dairy']
9012,blueberry flavored cranberries [sugar,[]
9013,organic almond butter (organic almonds),['tree nuts']
9014,"tortilla (enriched flour [bleached wheat flour, niacin, iron, thiamine mononitrate, riboflavin, folic acid], water, ground corn, soybean oil, salt, baking powder [corn starch, sodium acid pyrophosphate, sodium bicarbonate, monocalcium phosphate], sodium metabisulfite)","['wheat', 'gluten', 'soybeans', 'sulphites']"
9015,trehalose,[]
9016,organic isolated oat product,[]
9017,english muffin: water,[]
9018,"peanut butter (dry roasted peanuts, sucrose or dextrose, hydrogenated cottonseed and rapeseed oil and salt)",['peanuts']
9019,fumaric acid,[]
9020,tart cherry juice concentrate,[]
9021,"rennet]), sauce (water",[]
9022,less than 1% of: citric acid,[]
9023,"filling (vegetable fat [coconut, palm kernel, palm, shea], sugar, cocoa powder [processed with alkali, lactose {milk}, whey powder {milk}, soy lecithin {emulsifier}])","['dairy', 'soybeans']"
9024,anchovy paste [anchovies (fish),['fish']
9025,"enriched egg noodles (wheat flour, egg, niacin, ferrous sulfate, thiamin mononitrate, riboflavin, folic acid)","['eggs', 'wheat', 'gluten']"
9026,natural flavor (includes mustard),['mustard']
9027,artesian well water,[]
9028,"vegetable oil (sunflower, coconut, soybean)",['soybeans']
9029,partially hydrogenated vegetable oil (soybean/cottonseed) as processing aids,['soybeans']
9030,cherries (may contain pits),[]
9031,gluten-free batter: yellow corn flour,[]
9032,organic diced tomatoes in organic tomato juice,[]
9033,contains active yogurt cultured including l,['**dairy']
9034,less than 2%: modified corn starch distilled vinegar,[]
9035,"green chiles (green chile peppers, water, citric acid, salt, calcium chloride)",[]
9036,farro,[]
9037,contains 2% or less of rice flour,[]
9038,organic milled flaxseed,[]
9039,roasted dill seed,[]
9040,"non-dairy frozen dessert (bananas, dates, coconut milk (water, coconut milk), cocoa powder (processed with alkali), guar gum, carob gum, salt)",['**dairy']
9041,rice semolina,[]
9042,less than 2% sea salt,[]
9043,"leavening (sodium acid pyrophosphate, cornstarch, monocalcium phosphate, calcium sulfate)",[]
9044,dha algal oila,[]
9045,stone ground non gmo corn/corn flour masa,[]
9046,"enriched durum flour (wheat flour, niacin, iron, thiamin mononitrate, riboflavin, folic acid)","['wheat', 'gluten']"
9047,chinese red pepper,[]
9048,"pineapple juice powder (corn syrup solids, pineapple juice solids)",[]
9049,contains less than 2% of vitamin & mineral blend,[]
9050,turnips,[]
9051,"cinnamon sugar sauce (water, sugar, soybean oil, honey, corn starch, distilled vinegar, cinnamon, salt, sodium benzoate [preservative], potassium sorbate [preservative], carrageenan, calcium disodium edta [to protect flavor])",['soybeans']
9052,cofectioner's glaze,[]
9053,vanilla ice cream with blueberries: skim milk,['dairy']
9054,"uncured pepperoni no nitrites or nitrates added except for those naturally occurring in sea salt and celery juice powder (pork, beef, sea salt, cane sugar, spices (spice extractives, mustard powder), paprika, natural flavors, garlic powder, lactic acid starter culture)","['celery', 'mustard']"
9055,bakers yeast extract,[]
9056,"yellow coloring (sodium chloride (as excipient), colorants (yellow # 5, yellow # 6, blue # 1, blue # 2, red # 3, red # 5 and red # 6))",[]
9057,"cooked chorizo pork meatballs (cooked pork, potatoes, cotija cheese [pasteurized milk, cheese cultures, salt, enzymes, powdered cellulose], water, cilantro, ancho chili pepper, paprika, spices, salt, rosemary, coriander)",['dairy']
9058,roasted tomatillos,[]
9059,"acidified sour cream (milk, cream, modified food starch, maltodextrin, sodium phosphate, guar gum, mono and diglycerides, locust bean gum, carrageenan, contains less than 2%: nonfat dry milk, lactic acid, water, citric acid, natural and artificial flavor, potassium sorbate as preservative)",['dairy']
9060,natural banana flavor,[]
9061,"tomato (with tomato juice, calcium chloride, citric acid)",[]
9062,"cheese blend (whey, cheddar cheese [cultured milk, salt, enzymes], reduced lactose whey, maltodextrin, canola oil, salt disodium phosphate, blue cheese [cultured milk, salt, enzymes] nonfat dry milk)",['dairy']
9063,tuna,['fish']
9064,"potato flakes and granules (potatoes, mono and diglycerides, sodium acid pyrophosphate, citric acid, freshness preserved with sodium bisulfite, bha and bht)",[]
9065,natural marshmallow flavor and other natural flavors,[]
9066,"color added (vegetable juice, fruit juice, turmeric, paprika)",[]
9067,"seasoning blend (modified cornstarch, salt, dehydrated onion, dehydrated garlic, sugar, spice, soybean oil, contains less than 2% guar gum, parmesan cheese [cultured milk, salt, enzymes], xanthan gum, paprika, citric acid, beet powder [color], soy flour)","['soybeans', 'dairy']"
9068,prepared pinto beans,[]
9069,dry yeast,[]
9070,organic tapioca syrup solids,[]
9071,"seasoning (cane sugar, celery juice powder)",['celery']
9072,fry in vegetable oil,[]
9073,organic oat bran,[]
9074,wheat flour and yeast,"['wheat', 'gluten']"
9075,caramom,[]
9076,"chocolate chip (cane sugar, unsweetened chocolate, cocoa butter)",['tree nuts']
9077,"cooked enriched gemelli pasta (water, enriched durum wheat semolina [semolina, niacin, ferrous sulfate, thiamine mononitrate, riboflavin, folic acid])","['wheat', 'gluten']"
9078,"seasoning blend (maltodextrin, whey powder, skim milk powder, modified corn starch, butter extractives, natural flavor)",['dairy']
9079,and a lot of love!,[]
9080,organic lollo rosa,[]
9081,less than 2% cultured cane sugar,[]
9082,less than 1% of: nonfat dry milk,['dairy']
9083,freeze-dried strawberry powder,[]
9084,wheat gluten soy protein,"['wheat', 'soybeans']"
9085,light coconut milk,[]
9086,pepper: black pepper,[]
9087,dried sweet basil,[]
9088,mint juice,[]
9089,5% of the following: potassium sorbate (a preservative),[]
9090,organic flavor blend: organic vanilla flavors,[]
9091,glucose syrup (from wheat or corn),['wheat']
9092,"to maintain freshness (sorbic acid,calcium propionate)",[]
9093,"marshmallow (sugar, water, corn syrup, corn starch, natural flavors, titanium dioxide, xanthan gum)",[]
9094,ground coffee beans+,[]
9095,mango flavor (artificial flavor),[]
9096,maple syrup+,[]
9097,"dough conditioners (sodium stearoyl lactylate, monoglycerides and diglycerides)",[]
9098,"organic mild cheddar cheese sauce organic cheddar cheese (pasteurized organic milk, cheese culture, salt, enzymes)",['dairy']
9099,milk chocolate [sugar; cocoa butter; chocolate; skim milk; milk fat; lactose; salt; lecithin (soy); natural flavor]; sugar; vegetable oil [palm oil; sunflower oil]; dairy butter (milk); almonds; contains 2% or less of: salt; lecithin (soy); chocolate,"['dairy', 'soybeans', 'tree nuts']"
9100,anti,[]
9101,"dough conditioners (mono & diglycerides, ascorbic acid, calcium peroxide, enzymes)",[]
9102,welsh onion flake,[]
9103,"chicken flavor (onion powder, autolyzed yeast extract, salt, chicken broth, modified corn starch, natural flavor)",[]
9104,yellow 6],[]
9105,"bacon (cured with water, salt, sodium phosphates, sodium erythorbate, sodium nitrite (may contain sugar, brown sugar, and/or smoke flavorings))",[]
9106,"sriracha powder (sriracha sauce, sodium alginate, carrageenan, cellulose gum, silicon dioxide, sunflower lecithin)",['soybeans']
9107,contains two percent or less of: spices,[]
9108,"caramel filling (corn syrup, sugar, cream, fructose, palm oil, salt, natural flavor)",['dairy']
9109,praline pecan pieces [sugar,['tree nuts']
9110,cohnii oil,[]
9111,ingredients: tapioca fiber,[]
9112,"semisweet chocolate (sugar, unsweetened chocolate, cocoa butter, dextrose, soy lecithin, vanilla extract)",['soybeans']
9113,hydrolyzed vegetable protein,[]
9114,contains less than 2% of: sugar,[]
9115,cherry ingredients: dextrose,[]
9116,powdered sugar (sugar corn starch),[]
9117,organic cocoa (non-alkaline),[]
9118,"chicken (chicken breast with rib meat, water, potato starch, salt, natural flavor, paprika, spice)",[]
9119,sugar and salt,[]
9120,"black beans (black beans, water, salt, ferrous gluconate, calcium chloride [to maintain firmness])",[]
9121,garlic & herb toasted rounds ingredients: wheat flour,"['wheat', 'gluten']"
9122,high fructose corn sweetener,[]
9123,parmesan cheese [pasteurized cow's milk,['dairy']
9124,organic wheat grass juice raw probiotic & enzyme blend lipase,[]
9125,"pea protein crisps (pea protein, rice starch)",[]
9126,mono and diglycerides (plant based),[]
9127,strawberry fruit preparation: strawberries,[]
9128,pectin (stabilizer),[]
9129,cinnamon ground,[]
9130,"bourbon vanilla extract (water, alcohol, sugar, vanilla extract)",[]
9131,orange marmalade,[]
9132,organic cultured wheat flour,"['wheat', 'gluten']"
9133,"dehydrated vegetables (tomato, spinach, silicon dioxide (as an anti-caking agent))",[]
9134,"parmesan cheese (pasteurized part-skim cow's milk, cheese cultures, salt, enzymes, powdered cellulose added to prevent caking)",['dairy']
9135,"parmesan cheese (pasteurized part-skim milk, cheese culture salt, enzymes)",['dairy']
9136,"enriched precooked long grain rice (rice, niacinamide [niacin], ferric orthophosphate [iron], thiamine hydrochloride [thiamine], folic acid)",[]
9137,organic jalapeno pepper powder,[]
9138,"potato flakes (potatoes, mono and diglycerides of fatty acids, diphosphate, citric acid, ascorbyl palmitate and ascorbic acid)",[]
9139,garbanzo bean,[]
9140,cilatro,[]
9141,casein (a dried skim milk protein),['dairy']
9142,"soy sauce (water wheat soybean, salt, alcohol [to retain freshness])","['wheat', 'soybeans', 'gluten']"
9143,sanding sugar,[]
9144,"desiccated macaroon coconut (white coconut meat, sodium metabisulfite)",['**sulphites']
9145,"caramel filled turtles (sugar, coconut oil, corn syrup, sweetened condensed milk [milk, sugar], nonfat milk, milk, cocoa processed with alkali, heavy cream, butter [cream, salt], palm kernel oil, soy lecithin, natural and artificial flavor, salt)","['dairy', 'soybeans', 'tree nuts']"
9146,"chik'n: (filtered water, soy protein concentrate, structured vegetable protein [isolated soy protein, wheat gluten, wheat starch], seasoning [tapioca maltodextrin, yeast extract, maltodextrin, gum arabic, natural flavors, salt, grill flavor {sunflower oil, citric acid}], soybean oil, soy sauce [water, soybeans, salt, alcohol, wheat], methylcellulose, wheat gluten, cellulose fiber)","['soybeans', 'wheat', 'gluten']"
9147,sodium metabisulfite,['**sulphites']
9148,"seasoning (maltodextrin, hydrolyzed soy protein, greek yogurt powder, disodium inosinate and disodium guanylate)",['**dairy']
9149,"organic raspberry jam (organic cane sugar, organic seedless raspberry puree, apple pectin, ascorbic acid (vitamin c), citric acid)",[]
9150,"enriched wheat flour (wheat flour, niacin, reduced iron, thiamin hydrochloride, riboflavin, folic acid)","['wheat', 'gluten']"
9151,parboiled brown basmati rice,[]
9152,palm oil and soybean+ oil,['soybeans']
9153,organic banana,[]
9154,5% of: natural flavors,[]
9155,"(sodium benzoate, calcium disodium edta) used to protect quality",[]
9156,"fruit extracts (grape skin, blueberry, pomegranate, cranberry, red grape & apple)",[]
9157,vegetable oil (soy and palmolein),['soybeans']
9158,"corn sweetener (corn syrup, high fructose corn syrup)",[]
9159,cream cheese [milk,['dairy']
9160,"topping: vanilla wafer cookie (unenriched wheat flour, sugar, liquid polydextrose, canola oil, water, natural flavor, salt, non fat dry milk, baking soda, soy lecithin)","['wheat', 'soybeans', 'dairy']"
9161,food starch- modified (corn),[]
9162,de-oiled sunflower lecithin,[]
9163,hydrogenated soybean and/or palm and/or cottonseed oil,['soybeans']
9164,fully cooked chicken breast filet fritters with rib meat: boneless skinless chicken breast fillets with rib meat,[]
9165,garlic powder and spices,[]
9166,raw cashews-steam pasteurized,['tree nuts']
9167,"mixed fruit juice concentrate (pineapple syrup, pear concentrate, pineapple concentrate, peach concentrate, pectin)",[]
9168,live yogurt cultures: s,['dairy']
9169,"uncured bacon (pork, sea salt, cane sugar)",[]
9170,propionic acid,[]
9171,"sauce mix ingredients: enriched wheat flour (flour, niacin, iron, thiamine mononitrate, riboflavin, and folic acid)","['wheat', 'gluten']"
9172,"olives (green olives, water, extra virgin olive oil, sea salt, kosher vinegar, potassium sorbate, sodium benzoate)",[]
9173,contains 16 of the following varieties: large lima beans,[]
9174,flavorings (containing maize),[]
9175,"vegetable oil (canola, safflower and or sunflower oils)",[]
9176,worcestershire rye chips and oriental rice crackers,[]
9177,monkfish,['fish']
9178,"mushroom broth base (water, mushrooms, salt, cane sugar, maltodextrin, onion powder, soybean oil, yeast extract, garlic powder, cornstarch2, natural flavor)",['soybeans']
9179,"colors (spirulina extract, fruit juice)",[]
9180,"teriyaki glaze (soy sauce [water, wheat, soybeans, salt], sugar, water, modified corn starch, onion juice, vinegar, natural flavor, garlic powder, malic acid, spice, disodium inosinate, disodium guanylate, sodium benzoate: less than 1/10 of 1% as a preservative)","['soybeans', 'wheat', 'gluten']"
9181,"artificial color (fd&c yellow #6 lake, fd&c yellow #5, fd&c blue #2 lake)",[]
9182,"pecorino romano cheese (pasteurized sheep's milk, rennet, salt)",['dairy']
9183,citric acid},[]
9184,"tomatoes (extra heavy tomato puree, salt)",[]
9185,"m&m's milk chocolate candies (milk chocolate [sugar, chocolate, skim milk, cocoa butter, lactose, milkfat, soy lecithin, salt, artificial flavors], sugar, cornstarch, less than 1% - corn syrup, dextrin, coloring [includes blue 1 lake, yellow 6, red 40, yellow 5, blue 1, red 40 lake, blue 2 lake, yellow 6 lake, yellow 5 lake, blue 2], gum acacia)","['dairy', 'soybeans']"
9186,6 color,[]
9187,organic golden berries,[]
9188,black pepper and red #40,[]
9189,"hydrolyzed vegetable protein (hydrolyzed soy protein, with partially hydrogenated vegetable oil (cottonseed, soybean) added)",['soybeans']
9190,"prepared black beans (water, black beans)",[]
9191,natural flavorings (including celery powder),['celery']
9192,"sugar (sucre/glucose-fructose, dextrose, icing sugar)",[]
9193,neotame,[]
9194,lime oil and other natural flavors,[]
9195,contains less than 2%: cheddar cheese,['dairy']
9196,"vegetable oil (contains one or more of the following: soybean, canola, palm, hydrogenated cottonseed, sunflower)",['soybeans']
9197,"spinach flavoring (maltodextrin, spinach powder, garlic powder, onion powder, spices, salt, modified food starch, dehydrated spinach, natural flavors, yeast extract, citric acid sugar, yellow 5, yellow 6, blue 1, red 40)",[]
9198,"whole grain flour and flaxseed blend (hard red wheat, oat groats, triticale berries, rye berries, dehulled barley, soft white wheat, spelt berries, hard white wheat, flax)","['wheat', 'gluten']"
9199,tamarind concentrate and contains 2% or less of: expeller pressed canola oil,[]
9200,contains one or more of the following pure vegetable oils: corn,[]
9201,baking powder (leavening),[]
9202,stabilizers (carob bean and/or xanthan and/or guar gums),[]
9203,boneless,[]
9204,"artificial coloring (water propylene glycol, fd&c yellow #5)",[]
9205,contains less than 2% of: palm kernel and palm oil,[]
9206,soy flour and soy oil,['soybeans']
9207,<1% of: agar agar,[]
9208,"beef type flavor (water, yeast extract, natural flavor, salt)",[]
9209,"roasted peanuts (peanuts, expeller pressed canola oil, sea salt)",['peanuts']
9210,ingredients: milk chocolate [sugar,['dairy']
9211,"bleached flour (wheat flour, malted barley flour)","['wheat', 'gluten']"
9212,ginger puree,[]
9213,"moose tracks fudge: powdered sugar (sugar, cornstarch)",[]
9214,guar flour,[]
9215,ammonium bicarbonate - glucose syrup - artificial flavors - salt,[]
9216,potassium aspartate,[]
9217,biotin (vitamin b7),[]
9218,premium brewed black tea,[]
9219,"plain lowfat yogurt (cultured pasteurized lowfat milk, nonfat milk solids)",['dairy']
9220,condiments and spices,[]
9221,"natural flavor), almonds, vegetable oil (contains one or more of the following: canola oil",['tree nuts']
9222,bean paste (kidney beans) maltose,[]
9223,lakes [blue 1,[]
9224,"papaya (papaya, cane sugar, sodium metabisulphite [as s02], yellow #6)","['sulphur dioxide', 'sulphites']"
9225,sherry wine,[]
9226,"texas pete hot sauce (vinegar, aged peppers (peppers, salt, vinegar), water, xanthan gum and benzoate of soda [to preserve freshness and flavor])",[]
9227,"leavening (sodium bicarbonate, sodium aluminum phosphate, dicalcium phosphate, monocalcium phosphate)",[]
9228,"enriched bleached flour (wheat flour, malted barley flour, niacin, reduced iron, thiamin mononitrate [vitamin b1], riboflavin [vitamin b2], folic acid)","['wheat', 'gluten']"
9229,organic freeze dried mango,[]
9230,"roasted cashews (cashews, com oil, salt)",['tree nuts']
9231,whiting,[]
9232,"dough conditioners (contains one or more of the following: sodium stearoyl lactylate, calcium stearoyl lactylate, monoglycerides, mono- and diglycerides,distilled monoglycerides, calcium peroxide, calcium iodate, datem, ethoxylated mono and diglycerides, enzymes, ascorbic acid)",[]
9233,organic clarified butter (milk),['dairy']
9234,"balsamic vinegar (cooked grape must, wine vinegar, sulfites)","['sulphur dioxide', 'sulphites']"
9235,"leavening (sodium bicarbonate, sodium acid pyrophosphate, sodium aluminum phosphate, monocalcium phosphate)",[]
9236,whole grain corn masa flour,[]
9237,coloring: sulphite-ammonia caramel,"['sulphur dioxide', 'sulphites']"
9238,broccoli juice,[]
9239,organic mozzarella: organic cultured pasteurized part-skim milk,['dairy']
9240,"harissa seasoning (spices [contains paprika], salt, garlic powder)",[]
9241,"roasted pepitas (pumpkin seeds, canola oil)",[]
9242,"colby cheese (pasteurized milk, cheese cultures, salt, enzymes)",['dairy']
9243,"coconut milk (coconut milk powder, tapioca maltodextrin, sodium caseinate)","['tree nuts', 'dairy']"
9244,organic expeller pressed vegetable oil (organic sunflower and/or organic safflower oil),[]
9245,cultured wheat starch and wheat flour,"['wheat', 'gluten']"
9246,espresso powder,[]
9247,"cinnamon flakes (sugar, wheat flour, soybean oil, cinnamon)","['wheat', 'soybeans']"
9248,turmeric extract and paprika extract (colors),[]
9249,"preservative (tbhq, bht)",[]
9250,chicken base,[]
9251,caramel swirl [sugar,[]
9252,"maltodextrin), fruit and vegetable juice for color (pumpkin concentrate",[]
9253,natural sugar,[]
9254,contains 2% or less of each of the following: soybean oil,['soybeans']
9255,organic dark sweet cherries,[]
9256,prunes,[]
9257,less than 2% of light cream,['dairy']
9258,cayenne chilis,[]
9259,100% pineapple juice,[]
9260,phosphate,[]
9261,"hummus dip (garbanzo beans [prepared garbanzo beans, water, sea salt], canola oil blend [canola oil, extra virgin olive oil], lemon juice, tahini [sesame seed] minced garlic in water [garlic, water, citric acid], salt)",['sesame']
9262,"low moisture whole milk mozzarella cheese (pasteurized milk, cheese cultures, salt, enzymes)",['dairy']
9263,vegetable shortening (palm (non-hydrogenated)),[]
9264,"and citric acid added to help protect flavor (beef water, salt, hydrolyzed soy protein, spices, dextrose, sodium phosphate, dried onion, dried garlic, dried worcestershire sauce (distilled vinegar, molasses, corn syrup, salt, caramel color, garlic powder, sugar, spices, tamarind, natural flavor], bha, bht, citric acid), not smoked provolone cheese [cultured pasteurized milk, salt, enzymes], fully cooked beef patty crumbles (beef, water, textured vegetable protein (soy flour, caramel color], salt, spice, granulated onion, and granulated garlic), contains 2% or less of: fully cooked bacon bits (cured with water, salt, smoke flavoring, sodium phosphate, sodium erythorbate, sodium nitrite may contain sugar, brown sugar), grated parmesan cheese (parmesan cheese (pasteurized part-skim milk, cheese cultures, salt, enzymes), powdered cellulose tanti-caking agent]), grated romano cheese (romano cheese made from cow's milk (pasteurized cow's milk, cheese cultures, salt, enzymes), powdered cellulose tanti-caking agent]), dehydrated garlic, dried oregano, dried parsley","['soybeans', 'dairy']"
9265,heavy cream,['dairy']
9266,"salted mirin (sake [water, cultured rice], cane sugar, water, salt, yeast extract)",[]
9267,fd & c yellow no se fd & c yellow no,[]
9268,frozen dairy dessert {buttermilk,['dairy']
9269,"folic acid), skim milk, water, tomato puree (water",['dairy']
9270,contains 2% or less of jalapeno peppers,[]
9271,"organic low-moisture part-skim mozzarella cheese (pasteurized organic part-skim milk, salt, cheese cultures, enzymes)",['dairy']
9272,"sauce (sugar, soy sauce, water, sriracha sauce (red jalapeno pepper, aged cayenne red peppers, garlic, vinegar, citric acid), pepper sauce, garlic, rice vinegar, sesame oil, salted sake (rice), ginger puree, modified cornstarch, pineapple juice concentrate, garlic, apple juice concentrate, spices, garlic powder, salt, chiles, green onion, sesame seeds, xanthan gum, umami medley (fermented rice extract (rice, rice malt), shiitake extract, kombu extract), yeast extract, onion powder, sodium acid sulfate, malic acid, natural flavor)","['soybeans', 'sesame']"
9273,natural & artificial butter flavors,[]
9274,high fructose corn,[]
9275,meyer lemon juice,[]
9276,dried red chile peppers,[]
9277,dehydrated pork broth,[]
9278,serrano pepper puree,[]
9279,silicon dioxide (anti- caking agent),[]
9280,dark sweet cherry juice concentrate,[]
9281,"and leavening (contains one or more of the following: yeast, sodium bicarbonate)",[]
9282,"preservatives (calcium propionate, sorbic acid and/or citric acid)",[]
9283,extra virgin organic olive oil,[]
9284,"fudge icing (sugar, vegetable oil [palm oil], canola oil], water, high fructose corn syrup, corn syrup, cocoa [processed with alkali], monoand diglycerides, polysorbate 60, salt, soy lecithin, potassium sorbate [preservative], citric acid, natural and artificial flavor)",['soybeans']
9285,live and active cultures: s thermophilus,[]
9286,masa flour (ground white corn with a trace of lime),['**gluten']
9287,flaxseed powder,[]
9288,"tomato sauce (tomato pulp, sugar, butter, sunflower oil, dehydrated tomato, white wine [contains sulfites], powdered cream, onion, garlic, bay leaf, paprika extract, basil, garlic extract)","['dairy', 'sulphur dioxide']"
9289,"vanilla and crumbs (non-gmo unenriched flour, brown sugar, non-gmo vegan butter [natural oil blend (palm fruit, canola and olive oil), water, annatto extract, lactic acid (non-dairy derived from sugar beets), natural flavor (derived from corn, no msg, no alcohol, no gluten, gmo free), salt, sunflower lecithin-an emulsifier], vanilla, cinnamon)","['**dairy', '**gluten']"
9290,enriched wheat flour (unbleached flour),"['gluten', 'wheat']"
9291,diced dill pickle,[]
9292,egg patty: egg whites,['eggs']
9293,tamarind paste,[]
9294,artificial colors yellow fd&c no,[]
9295,fruit and vegetable extracts for color,[]
9296,"icing: powdered sugar (granulated sugar, corn starch)",[]
9297,"seasoning blend (sea salt, corn starch, cane sugar, organic whey, maltodextrin, onion, yeast extract, garlic, spices [celery seed, thyme, white pepper], turmeric, parsley)","['celery', 'dairy']"
9298,carbonated water pure cane sugar,[]
9299,"sake (rice, water, salt)",[]
9300,"onion seasoning (dehydrated onion, salt, brown sugar, parsley)",[]
9301,less than 2% of the following: spices including paprika,[]
9302,natural and artificial flavors). cocoa soy crisps (soy protein isolate,['soybeans']
9303,"shortening (palm oil with mono and diglycerides, and polysorbate 60 added)",[]
9304,"seasoned peanuts (peanuts [peanuts, canola and/or peanut and/or cottonseed oil], seasoning [salt, yellow corn flour, dried torula yeast, spices, onion powder, monosodium glutamate, garlic powder, green bell pepper powder, paprika oleoresin {color}])",['peanuts']
9305,"soy sauce (water, wheat, soybeans, salt, sodium benzoate (to preserve freshness))","['wheat', 'soybeans']"
9306,cooked chicken (includes natural flavor),[]
9307,"pepperoni (pork, beef, salt, dextrose, contains 2% or less of the following: spices, oleoresin of paprika, flavoring, lactic acid starter culture, sodium nitrite, bha, bht, citric acid, may contain: garlic powder, sodium ascorbate)",[]
9308,chocolate flavored coating: coconut oil,[]
9309,dl-alpha-tocopheryl acetate [vitamin e],[]
9310,(including garlic powder),[]
9311,"caramel sauce (corn syrup, sugar, brown sugar, skim milk, palm oil, butter, cornstarch, salt, mono-and diglycerides, potassium sorbate {to preserve freshness}, soy lecithin, caramel color, xanthan gum, locust bean gum, artificial flavor, natural flavor)",['dairy']
9312,"stuffed with cream cheese (pasteurized cream and milk, modified food starch, natural acids, salt, locust bean gum, and guar gum)",['dairy']
9313,crystallized lemon [citric acid,[]
9314,prepared small pinquito beans,[]
9315,"tomato puree (tomatoes, water)",[]
9316,"vitamins and minerals (niacin, zinc, iron, vitamin b6, vitamin b2, vitamin b1, vitamin b12)",[]
9317,fresh basil,[]
9318,vitamin b6 (pyridoxine hydrichloride),[]
9319,lemon and monosodium glutamate,[]
9320,"fry spice blend (paprika, garlic powder, onion powder)",[]
9321,sugar & caramel color,[]
9322,calcium chloride and magnesium chloride and potassium bicarbonate (electrolyte sources),[]
9323,ingredients (allergens in bold) - cashews pea protein dates hazelnuts cocoa butter coconut coconut oil himalayan pink salt matcha powder lemon powder lemon oil vanilla bean powder,['tree nuts']
9324,gherkins,[]
9325,contains 2% or less of: roasted corn,[]
9326,"enriched whole wheat flour (high gluten wheat flour, niacin, iron, thiamine mononitrate, riboflavin, folic acid)","['gluten', 'wheat']"
9327,"cooked organic pasta (water, organic lentil flour, organic semolina wheat flour)","['gluten', 'wheat']"
9328,organic carrots,[]
9329,"vegetable oil (may contain one or more of the following: corn, canola, cottonseed, or soybean oil)",['**soybeans']
9330,cocoa solids min,[]
9331,less than 2% of: calcium chloride,[]
9332,vitamins/minerals: vitamin b3 (niacin),[]
9333,"margarine (vegetable oils [palm and soybean oils], water, salt, contains less than 2% of: mono-and diglycerides, soy lecithin, sodium benzoate [a preservative], citric acid, natural and artificial flavor, vitamin a palmitate, [beta]-carotene [color], vitamin d3, whey)","['soybeans', 'dairy']"
9334,and less than 2% silicon dioxide to prevent caking,[]
9335,natural and artificial flavor whey salt,['dairy']
9336,"filling (mushrooms, ricotta (whey, milk, cream, vinegar), whey, seasoning (water, sunflower oil, potato starch, casein, salt), bread crumbs (wheat flour, yeast, salt), chicory root fiber, cornstarch and potato fiber, natural flavors, parmesan cheese (pasteurized cultured part-skimmed milk, salt, enzymes), 2% or less of salt, sunflower oil, potato starch, onions, autolyzed yeast extract, dehydrated onions, non-fat dry milk, black pepper)","['dairy', 'wheat']"
9337,"biscuit (wheat flour, vegetable oil blend [palm oil and soy oil], sugar, high fructose corn syrup, invert sugar syrup, nonfat dry milk, whey powder, glucose syrup, salt, leavening [ammonium bicarbonate, sodium bicarbonate], soy lecithin, natural vanilla flavor, natural butter flavor, natural milk flavor, sodium metabisulphite [flour treatment agent])","['gluten', 'wheat', 'dairy', 'soybeans']"
9338,milk chocolate [sugar; milk; chocolate; cocoa butter; milk fat; lecithin (soy); natural flavor],"['dairy', 'soybeans']"
9339,1% sodium benzoate as a preservative,[]
9340,"vegetable shortening (palm and/or fractionated palm oil, palm kernel and/or fractionated palm kernel oil, soy lecithin)",['soybeans']
9341,coconut nectara,[]
9342,high oleic sunflower seed oil,[]
9343,sorghum flour,[]
9344,"preservative (calcium propionate, sodium propionate, sorbic acid, potassium sorbate, natamycin)",[]
9345,"monosodium glutamate and antioxidant (butylated hydroxyanisole, butylated hydroxytoluene, tertiary butylhydroquinone, propyl gallate)",[]
9346,natural vanilla flavoriing,[]
9347,organic wheat gluten organic oat fiber,['gluten']
9348,"and/or (water, certified yellow #5, #6 colors, citric acid, sodium benzoate as preservatives)",[]
9349,"mayonnaise (soybean oil, egg yolks with salt, water, vinegar, sugar, corn syrup, salt, spice, onion powder, garlic powder, calcium disodium edta [preservative])","['eggs', 'soybeans']"
9350,dry malt powder,[]
9351,salt cheese cultures,['dairy']
9352,organic butter (organic sweet cream),['dairy']
9353,"butter (cream {milk}, water)",['dairy']
9354,sorbic acid(a preservative),[]
9355,organic fennel seed powder,[]
9356,organic corn grits,[]
9357,"miso paste (water, soybeans, rice, sea salt, alcohol)",['soybeans']
9358,"teriyaki sauce (water, soy sauce [water, wheat, soybeans, salt, alcohol, vinegar, lactic acid], sugar, brown sugar, pineapple juice concentrate, ginger puree [ginger, water, phosphoric acid], garlic [citric acid], soybean oil, modified corn starch, dried soy sauce [soy sauce {wheat, soybeans, salt}, maltodextrin, salt], xanthan gum, spices)","['wheat', 'soybeans']"
9359,"gravy (water, organic soybean oil, organic corn starch, organic wheat flour, organic chicken flavor concentrate [organic chicken flavor {contains: organic chicken}, sea salt, organic cane sugar, organic onion powder, yeast extract, organic vegetable concentrates {organic carrot, organic onion, organic celery}, organic turmeric], salt, organic turmeric)","['soybeans', 'wheat', 'celery']"
9360,"parmesan cheese (part skimmed cow's milk, cheese cultures, salt, enzymes)",['dairy']
9361,citric acid and ascorbic acid (to preserve color),[]
9362,paprika oleoesin,[]
9363,"cantaloupea (with sugar, citric acid, sulfur dioxide)",['sulphur dioxide']
9364,"pretzel(unbleached wheat flour, water, malt, canola oil, salt, yeast, soda)","['wheat', 'gluten']"
9365,citric acid and tbhq - preservatives,[]
9366,"cream of mushroom soup seasoning (spray dried shortening, modified corn starch, wheat flour, maltodextrin, salt, dehydrated mushroom, sugar, natural butter flavor [milk], onion powder, mushroom flavor, xanthan gum, spice)","['wheat', 'dairy']"
9367,"roasted red peppers (red sweet pepper, water, sea salt, and citric acid [preservative])",[]
9368,"ricotta cheese (pasteurized whey, pasteurized milk, vinegar, carrageenan [stabilizer])",['dairy']
9369,carmel color,[]
9370,"pickle relish (pickles, high fructose corn syrup, sugar, distilled vinegar, salt, xanthan gum, mustard seed, alum, sodium benzoate and potassium sorbate [preservatives], red bell pepper, turmeric, natural spice flavors, polysorbate 80, fd&c yellow #5, fd&c blue #1)",['mustard']
9371,"relish (cucumbers, high fructose corn syrup, distilled vinegar, corn syrup, salt, xanthan gum, aluminum sulfate, sodium benzoate and potassium sorbate as preservatives, natural flavor, calcium chloride)",[]
9372,polysorbate 80 and vitamin a palmitate,[]
9373,"less than 2% of margarine (liquid and hydrogenated soybean oil, water, salt, less than 2% vegetable mono and diglycerides, soy lecithin, natural and artificial flavor, bha & bht added to protect flavor, vitamin a palmitate and vitamin d3 added)",['soybeans']
9374,"organic salted caramel sauce (organic cane sugar, organic nonfat milk, organic tapioca syrup, water, organic caramel brulee syrup, organic caramel flavor, natural caramel flavor [sea salt type], salt)",['dairy']
9375,contains 2% or less of hazelnuts,['tree nuts']
9376,"invert sugar (sugar, water)",[]
9377,spice extractive and less than 2% silicon dioxide to prevent caking,[]
9378,rennet casein,['**dairy']
9379,whole wheat durum semolina from organic farming,"['wheat', 'gluten']"
9380,"vegetable flakes (carrot, onion, celery, tomato, red pepper and green pepper)",[]
9381,"(palm, soybean, palm kernel, canola)",['soybeans']
9382,toasted soybean pieces,['soybeans']
9383,"organic bread crumbs (organic wheat flour, sea salt, organic yeast, organic cane sugar)","['wheat', 'gluten']"
9384,"leavening (sodium acid pyrophoshate, sodium bicarbonate)",[]
9385,organic beet and organic lemon juice concentrates,[]
9386,fudge swirl [milk,['dairy']
9387,coating 15% [sugar,[]
9388,organic (sunflower and/or safflower and/or canola) oil,[]
9389,organic cranberries,[]
9390,expeller pressed (canola and/or sunflower) oil,[]
9391,folic acid] water,[]
9392,"tomato filets (tomatoes, salt, calcium chloride, citric acid)",[]
9393,dairy butter,['dairy']
9394,"flour (enriched wheat flour [niacin, reduced iron,thiamine mononitrate, riboflavin, folic acid], malted barley flour)","['wheat', 'gluten']"
9395,prophylene glycol monostearate,[]
9396,contains 2% or less of: egg,['eggs']
9397,potassium sorbate preservative,[]
9398,soy lecithin},['soybeans']
9399,yellow 6 and preservative (tbhc),[]
9400,"kosher red wine (red wine, salt)",[]
9401,ingredients: green peas,[]
9402,"granola clusters (whole grain rolled oats, brown sugar, crisp rice [rice, salt, malt], whole grain rolled wheat, oat flour, canola oil, molasses, honey natural and artificial flavors, salt, preservative [bht])",['wheat']
9403,"smoked gouda (cultured pasteurized milk, salt, enzymes, annatto)",['dairy']
9404,"margarine (hydrogenated vegetable oil (palm and/or sunflower), water; salt, soy lecithin (emulsifier), beta-carotene, natural and artificial flavors, lactic acid)",['soybeans']
9405,organic san marzano whole peeled tomatoes,[]
9406,"chicken and vegetables: cooked grill marked seasoned white meat chicken strips (white meat chicken, water, modified tapioca starch, chicken flavor [dried chicken broth, chicken powder, natural flavor], carrageenan, whey protein concentrate, soybean oil, corn syrup solids, sodium phosphate, salt)","['soybeans', 'dairy']"
9407,mini beads and stars: dextrose,[]
9408,lactobacillus plantarum 299v,[]
9409,contains 2% or less of milk,['dairy']
9410,"filling (sweet potatoes, sweet potato puree, unsalted butter [sweet cream, natural flavoring], qimiq [skim milk, cream, gelatin], whole milk, modified cornstarch, sea salt, potato flakes [dehydrated potatoes, less than 2% of the following ingredients: monoglycerides, sodium acid pyrophosphate, citric acid], preservative [maltodextrin, cultured dextrose, sodium diacetate, nisin, egg white lysozyme], ground cinnamon) topping: breadcrumbs (wheat flour, sugar, yeast, salt)","['dairy', 'wheat', 'eggs']"
9411,microbial rennet,[]
9412,non fat dry milk,['dairy']
9413,"dough mixture: enriched durum flour (durum flour, niacin, ferrous sulfate, thiamine mononitrate, riboflavin, folic acid) water",['gluten']
9414,choline bitartrate,[]
9415,unbleached untreated wheat flour,['gluten']
9416,vitamin d3,[]
9417,spices mustard,['mustard']
9418,fresh jalepeno,[]
9419,sodium benzoate (preservative in strawberries),[]
9420,contains 2% or less of: evaporated cane juice,[]
9421,"cookie crumbles (wheat flour, sugar, vegetable oils [palm and canola], diphosphates, sodium carbonates, salt, cinnamon)",['gluten']
9422,"(wheat flour, malted barley flour, niacin, reduced iron, thiamine mononitrate, riboflavin, folic acid)",['gluten']
9423,"sour cream (milk, cream, nonfat milk, cultures)",['dairy']
9424,sodium silico-aluminate,[]
9425,"neufchatel cheese (pasteurized cultured milk and cream, salt guar gum, carob bean gum)",['dairy']
9426,contains 2% or less of each: natural vanilla flavor,[]
9427,"semisweet chocolate (sugar, chocolate liquor, cocoa butter, milkfat [milk], soy lecithin, natural vanilla flavor)","['dairy', 'soybeans']"
9428,non-gmo soybean oil,['soybeans']
9429,canola and/or safflower oil,[]
9430,greek yogurt granola [whole grain rolled oats,[]
9431,organic mangos,[]
9432,"cornflakes (cornmeal, fruit juice)",[]
9433,"blue cheese and garlic seasoning (organic whey powder, salt, organic nonfat dry milk, organic powdered cream [organic cream, organic nonfat dry milk, mixed tocopherols {added to maintain freshness}], garlic powder, natural flavors, lactic acid, expeller pressed safflower seed oil, citric acid, parsley flakes, blue cheese powder [cultured pasteurized milk, salt, microbial enzymes])",['dairy']
9434,"natural apple juice powder with other natural flavors (maltodextrin, natural flavors)",[]
9435,"parboiled white rice (water, rice)",[]
9436,organic chia,[]
9437,"crackers (enriched flour (wheat flour, niacin, reduced iron, thiamin mononitrate [vitamin b1], riboflavin [vitamin b2], folic acid), vegetable oil (canola, corn, palm and/or soybean oil), sugar, corn syrup, salt, leavening (baking soda, monocalcium phosphate), soy lecithin)","['gluten', 'soybeans']"
9438,contains 2% orless of: corn starch,[]
9439,"lemon drop (sugar, vegetable oils [palm kernel oil, palm oil)",[]
9440,stuffed in a natural pork casing,[]
9441,pyridoxine hydrochloride,[]
9442,"feta cheese (pasteurized milk, cultures, salt, enzymes)",['dairy']
9443,"applesauce (apples, water)",[]
9444,contains 2 percent or less of the following: natural and artificial flavor,[]
9445,calcum carbonate,[]
9446,"caramel popcorn (corn, sugar, brown sugar, molasses, canola oil, salt, artificial flavour, soy lecithin, beta-carotene)",['soybeans']
9447,"vegetable base (mirepoix (carrot, celery, onion,), maltodextrin, salt, cane sugar, soybean oil, yeast extract, natural flavors, celeriac juice concentrate, food starch, turmeric, canola oil, spices, natural extractives of onion, natural extractives of garlic)","['celery', 'soybeans']"
9448,"cotija cheese (pasteurized milk, salt, enzymes, cheese cultures)",['dairy']
9449,caramelized onion,[]
9450,chicory root fiber (inulin),[]
9451,organic cane sugar & organic cocoa powder,[]
9452,organic parboiled brown rice,[]
9453,predusted with: corn starch,[]
9454,natural flavor (coconut),[]
9455,"and natural flavors (including bourbon, oak and barley)",[]
9456,"dark chocolate (sugar, chocolate processed with alkali cocoa butter, milk fat, soy lecithin (emulsifier), vanillin (artificial flavor))","['dairy', 'soybeans']"
9457,sodium metabisulfite preservative,"['sulphur dioxide', 'sulphites']"
9458,"enriched flour (wheat flour bleached, niacin, iron, thiamin mononitrate, riboflavin, folic acid)","['wheat', 'gluten']"
9459,"enriched wheat flour (niacin, reduced iron, enzyme, ascorbic acid, thiamine mononitrate, riboflavin, folic acid)","['wheat', 'gluten']"
9460,"raisins(coated with sunflower oil, evaporated cane juice, flax, buckwheat flour, (quinoa, amaranth, sea salt, tocopherols(natural vitamin e). organic",[]
9461,humectant: sorbitols; acids: citric acid; modified corn starch,[]
9462,organic san marzano puree,[]
9463,oleoresin turmeric],[]
9464,"sauteed onion (onions, soybean oil)",['soybeans']
9465,"leavening (baking soda, monocalcium phosphate, sodium acid pyrophosphate)",[]
9466,"organic caramel (organic cane sugar, organic glucose syrup)",[]
9467,iron [ferrous sulfate],[]
9468,"enriched bleached flour (wheat flour, malted barley flour, niacin, reduced iron, thiamine, mononitrate, riboflavin and folic acid)","['wheat', 'gluten']"
9469,filling: pinto beans,[]
9470,organic oregano,[]
9471,"chili powder (spices, paprika, salt, garlic, silicon dioxide)",[]
9472,onion powder},[]
9473,"filling (high fructose corn syrup, corn syrup, water, sugar, glycerin, blueberry puree concentrate, raspberry puree concentrate, strawberry puree concentrate, maltodextrin, sodium alginate, apple puree concentrate, modified corn starch, citric acid, methylcellulose, monocalcium phosphate, xanthan gum, natural and artificial flavor, malic acid, red 40, blue 1)",[]
9474,organic strained tomatoes,[]
9475,"cherries (cherries, water, corn syrup, sugar, citric acid, carob bean gum, carrageenan, natural flavors, red 40, blue 1, blue 2)",[]
9476,flaxseed meal,[]
9477,less than 2% of: organic spices,[]
9478,"butter (cream (milk), salt)",['dairy']
9479,salt 1,[]
9480,"mustard (mustard flour, vinegar, salt)",['mustard']
9481,"100% apple juice (water, apple juice concentrate)",[]
9482,"vegetable oil (contains one or more of the following: cottonseed oil, corn oil, canola oil or sunflower oil)",[]
9483,organic barley malt syrup,[]
9484,split peas-yellow & green,[]
9485,organic vanilla with other natural flavors,[]
9486,"dough conditioners (sodium stearoyl lactylate, monodiglycerides, ascorbic acid, enzymes)",[]
9487,lentil rice: water,[]
9488,"onion base (onion granules, salt, corn oil, maltodextrin [from corn], sugar, potato flour, natural flavoring)",[]
9489,contains 1% or less of cocoa,[]
9490,chocolate coating,[]
9491,"crispy coated peanut cruncher (peanuts, potato starch, rice flour, sugar, peanut oil, tapioca flour, salt, cornstarch, horseradish, modified cornstarch, onion powder, citric acid, soy sauce solids [soybeans, wheat, salt], maltodextrin, yeast extract, artificial colors [yellow 5 lake, blue 1 lake], ginger, natural flavor [including extractives of mustard], wasabi)","['peanuts', 'soybeans', 'mustard', 'wheat']"
9492,"sour cream (pasteurized cultured cream, enzymes)",['dairy']
9493,"dehydrated sour cream [sour cream (cream, nonfat milk, cultures)",['dairy']
9494,"margarine (palm oil, water, salt. contains 2% or less of the following: soy lecithin, color [e160a beta-carotene])",['soybeans']
9495,spices (including cumin and cilantro),[]
9496,natural flavors including vanilla,[]
9497,vanillin [artificial flavor],[]
9498,"granola (whole rolled oats, sugar, canola oil [canola oil, ascorbic acid (preservative), rosemary extract], molasses, sodium bicarbonate, soy lecithin)","['soybeans', 'wheat', 'gluten']"
9499,"chocolate creme filled cookies (sugar, enriched flour [wheat flour, niacin, reduced iron, thiamine mononitrate, riboflavin, folic acid], palm and palm kernel oil, cocoa processed with alkali, corn flour, salt, sodium bicarbonate, dextrose, soy lecithin, natural flavor)","['wheat', 'gluten', 'soybeans', 'dairy']"
9500,less than 2% of modified cornstarch,[]
9501,(malted barley flour added as a natural enzyme additive),[]
9502,"low moisture part skim mozzarella cheese (cheese [cultured pasteurized part skim milk, salt, enzymes], modified food starch)",['dairy']
9503,"chili powder (red chili pepper, salt, cumin, oregano, garlic)",[]
9504,"raisins (raisins, canola oil)",[]
9505,"parmesan cheese (cultured milk, salt, microbial enzymes)",['dairy']
9506,"canadian style bacon water added made with pork sirloin hips (cured with water, contains 2% or less of: salt, sodium lactate, sugar, sodium phosphates, sodium diacetate, sodium ascorbate, sodium nitrite)",[]
9507,contains less than 2% of yellow 5,[]
9508,"semi-sweet chocolate chips (sugar, unsweetened chocolate, cocoa butter, dextrose, leicithin, milkfat)","['dairy', 'soybeans']"
9509,pretzel: organic wheat flour,"['gluten', 'wheat']"
9510,"whole milk (whole milk, vitamin d3)",['dairy']
9511,natural mango flavor,[]
9512,farm raised salmon (color added),['fish']
9513,"artificial colors (fd&c yellow no. 5, fd&c yellow no. 6, fd&c blue no. 1, fd&c red no. 40, fd&c red no. 3)",[]
9514,vitamin d,[]
9515,crushed tomatoes in puree,[]
9516,coloring: betanin,[]
9517,guar gum locust bean,[]
9518,"natural diced uncured pepperoni no nitrates or nitrites added except that what is naturally occurring in sea salt and celery juice concentrate (pork, beef, sea salt, natural spice, sugar, lactic acid starter culture, natural flavoring [including celery juice concentrate], oleoresin of paprika)",['celery']
9519,dried organic missions figs,[]
9520,for sauce diced tomatoes,[]
9521,natural liquid smoke flavor,[]
9522,citric acid and tbhq- as preservatives,[]
9523,soy lecithin (an emulsifier) natural vanilla extract,['soybeans']
9524,"natural citrus flavor (maltodextrin, lime and lemon juice concentrates, lime and lemon oils)",[]
9525,sunflowers seeds,['tree nuts']
9526,"scrambled eggs (cage free whole eggs, whole milk, non-gmo corn starch, sea salt, ground white pepper)","['dairy', 'eggs']"
9527,virgin olive oil,[]
9528,paprika ground,[]
9529,lactobacillus bulgaricus] (3 billion cfu),[]
9530,baker's yeast beta glucan (wellmune),[]
9531,"sushi vinegar (sugar, rice vinegar, water, salt, citric acid, kelp extract (kelp extract, sorbitol, maltitol, hydrogenated starch hydrolysates, alcohol, salt, xanthan gum))), raw tuna, avocado, pickled ginger (ginger",['fish']
9532,yeast,[]
9533,spices and sodium benzoate (as a preservative),[]
9534,natural flavor (contains torula yeast),[]
9535,"sauce (water, tomato paste, seasoning [sugar, salt, garlic, spice, maltodextrin, soybean oil, citric acid, xanthan gum, tomato powder, tricalcium phosphate, yeast extract, garlic extract, natural flavor], parmesan cheese [cultured pasteurized part-skim milk, salt, enzymes])","['dairy', 'soybeans', 'gluten', 'wheat']"
9536,"protein blend (milk protein concentrate, soy protein isolate)","['dairy', 'soybeans']"
9537,"bread crumbs [enriched wheat flour (flour, barley malt, niacin, iron, thiamine mononitrate (b1), riboflavin (b2), folic acid)","['gluten', 'wheat']"
9538,"seasoning (salt, onion powder, dehydrated garlic, black pepper, parsley, guar gum, spice)",[]
9539,colouring agent: caramel,[]
9540,lemon juice concentrate horseradish,[]
9541,corn starch (non gmo),[]
9542,"pineapple (pineapple, cane sugar, citric acid, sulfur dioxide)",['sulphur dioxide']
9543,high oleic sunflower and/or canola oil with rosemary extract and ascorbic acid for freshness,[]
9544,pure maple sugar,[]
9545,"beet juice powder (maltodextrin, beet juice extract, citric acid)",[]
9546,"coffee extract (water, alcohol, coffee extract)",[]
9547,natural cane sugar,[]
9548,"pasteurized process cheddar cheese (cheddar cheese [cultured pasteurized milk, salt, enzymes, annatto color, calcium chloride] water, whey, cream, sodium phosphates, salt, enzyme modified cheese, lactic acid, sorbic acid (to protect flavor), guar gum, acetic acid, paprika and turmeric extract [color])",['dairy']
9549,"milk chocolate (sugar, whole milk, cocoa butter, chocolate liquor, soy lecithin, vanilla)","['dairy', 'soybeans']"
9550,"vegetable oil (contains one or more of the following: corn, cottonseed, palm, soybean, sunflower)",['soybeans']
9551,black salt,[]
9552,natural long grain brown rice,[]
9553,"cheese powder (whey, maltodextrin, cheddar cheese [pasteurized milk, cheese cultures, salt, enzymes], butter [cream, salt], buttermilk, natural flavors, salt, yeast extract, sunflower oil, paprika extract [color])",['dairy']
9554,"organic ricotta cheese (organic pasteurized whole milk, organic vinegar and sea salt)",['dairy']
9555,cultured pasteurized milk and cream,['dairy']
9556,seasoning [sugar,[]
9557,coconut (sodium metabisulfite),['**sulphites']
9558,"organic cheddar cheese (organic cultured pasteurized milk, salt, vegetarian enzyme)",['dairy']
9559,contains 2% or less of: canola and extra virgin olive oils,[]
9560,cookies [sugar,[]
9561,"milk chocolate (sugar, whole milk powder, cocoa butter, unsweetened chocolate, soy lecithin- an emulsifier, vanilla)","['dairy', 'soybeans']"
9562,natural flavors (includes coconut),[]
9563,and lemon juice concentrate,[]
9564,grade a reduced fat milk,['dairy']
9565,"bbq seasoning (salt, spices, paprika, onion powder, garlic powder, red bell pepper, tomato powder) and sodium phosphates",[]
9566,black pepper citric acid,[]
9567,shallot silicon dioxide,[]
9568,"raisins (raisins, vegetable glycerin, vegetable oil [canola and/or sunflower oil])",[]
9569,hydrolyzed vegetable protein (soy),['soybeans']
9570,"dough conditioners (distilled monoglycerides, calcium sulfate, ascorbic acid, enzymes)",[]
9571,calcium propionate (to retain freshness),[]
9572,2% or less of soybean oil,['soybeans']
9573,"hummus crisp (pea flour, pea and/or potato starch, gram flour, pea and/or potato fiber, salt) sunflower oil",[]
9574,"hearts of palm pasta (hearts of palm, water, salt)",[]
9575,"kalamata olives (kalamata olives, water, sea salt)",[]
9576,food colors annatto,[]
9577,"prepared mustard (mustard seed, turmeric, paprika, natural flavor)",['mustard']
9578,wheat grains,"['wheat', 'gluten']"
9579,"natural and artificial flavors (lemon, blue raspberry)",[]
9580,contains two percent or less of canola oil,[]
9581,"oil packet (rice bran oil, paprika extract)",[]
9582,potassium sorbate (preservative) and natural flavor,[]
9583,salt & microbial enzymes,[]
9584,"artificial colors (yellow #5, yellow #6)]",[]
9585,concentrated pineapple juice,[]
9586,100% pure grapeseed oil,[]
9587,organic black chia seed,[]
9588,organic vegetable oil (organic soybean oil and/or organic canola oil),['soybeans']
9589,benzoic acid preservative,[]
9590,cracker meal (wheat flour),"['wheat', 'gluten']"
9591,gelatin and potassium sorbate (to maintain freshness),[]
9592,with not more than 2% silicon dioxide to prevent caking,[]
9593,dried cream extract,['dairy']
9594,"sauce (water, tomatoes, seasoning [sugar, salt, spices, onion powder, xanthan gum, garlic powder])",[]
9595,"sharp cheddar cheese (pasteurized milk, cheese cultures, salt, enzymes)",['dairy']
9596,cracker: wheat flour,"['wheat', 'gluten']"
9597,"spices (coriander, cumin, oregano)",[]
9598,"chipotle peppers in adobo sauce (chipotle peppers, water, tomato paste, vinegar, onions, salt, sugar, vegetable oil and spices)",[]
9599,dried red pepper,[]
9600,"semi-sweet chocolate gems (dark chocolate [sugar, chocolate liquor, cocoa butter, soy lecithin [an emulsifier], vanilla)",['soybeans']
9601,"jarlsberg cheese (pasteurized part skim milk, rennet, salt, culture, powdered cellulose, starch blend added to prevent caking)",['dairy']
9602,organic kale puree,[]
9603,dehydratedonion,[]
9604,"cilantro), chipotle vinaigrette (water",[]
9605,white wine vinegar (white wine vinegar diluted with water to 5% acidity and potassium bisulfite as preservative),[]
9606,salt sugar,[]
9607,sulfur dioxide (added for color retention and as a preservative),['sulphur dioxide']
9608,"tortilla strips (corn masa flour, sunflower, canola and/or corn oil, salt, red 40, blue 1, blue 2)",[]
9609,"nisini]), hydrolyzed corn protein, monosodium glutamate, modified cornstarch, salt, disodium phosphate, annatto color, onion powder, potassium sorbate (preservative)",[]
9610,organic dried parsley,[]
9611,fresh organic lemongrass,[]
9612,dextrose anhydrous,[]
9613,buffalo style chicken breast strips with rib meat: boneless chicken breast with rib meat,[]
9614,cinnamon bark wholistic extract[tilde],[]
9615,contains less than 2% of the following: yeast,[]
9616,contains 2% or less of: raw cane sugar,[]
9617,vitamin a palmitate and vitamin d3,[]
9618,relish [ cucumbers,[]
9619,fractionated vegetable oil,[]
9620,madagascar vanilla extract,[]
9621,paprika],[]
9622,"organic caesar dressing (organic soybean oil, water, organic distilled vinegar, organic parmesan cheese [organic milk, culture, salt, enzymes], organic egg yolk, organic dijon mustard [organic apple cider vinegar, water, organic mustard seed, salt, organic spices], organic dried garlic, organic cane sugar, salt, organic lemon juice concentrate, organic black pepper, natural anchovy flavor, xanthan gum, organic mustard flour)","['soybeans', 'dairy', 'eggs', 'mustard']"
9623,manganese,[]
9624,biodynamic raisins,[]
9625,ingredients: iowhey protein isolate,['dairy']
9626,cinnamon & other spices,[]
9627,annatto color],[]
9628,blueberry lemon ingredients: water,[]
9629,beef patty: beef,[]
9630,roasted,[]
9631,"sea salt caramel base (condensed milk, corn syrup, water, caramelized sugar, sea salt, natural flavor)","['dairy', 'lactose']"
9632,and organic yeast,[]
9633,cocoa butter unsweetened chocolate,[]
9634,"candy pieces {milk chocolate (sugar, cocoa butter, chocolate, skim milk, milk fat, lactose, salt, soy lecithin, natural flavor)","['dairy', 'lactose', 'soybeans']"
9635,"cherries (cherries, water, sugar, citric acid, locust bean gum, carrageenan, natural flavors, red 40, blue 1)",[]
9636,turmeric (color)],[]
9637,chablis wine (with salt),[]
9638,freshness preserved by vitamin e (mixed tocopherols) and bht,[]
9639,"sausage-style crumbles: (filtered water, soy protein concentrate, structured vegetable protein [isolated soy protein, wheat gluten, wheat starch], seasoning [cane sugar, yeast extract, salt, spices, torula yeast, garlic powder, onion powder, citric acid, natural flavors], soybean oil, soy sauce (water, soybeans, salt, alcohol, wheat), methylcellulose, wheat gluten, malt extract, cellulose fiber, beet juice [color])","['soybeans', 'wheat']"
9640,wheat flour bleached,"['wheat', 'gluten']"
9641,"organic celery salt (salt, dehydrated celery)",['celery']
9642,"cooked italian sausage (pork, water, salt, spices, flavorings, caramel color, sodium phosphates, yeast extract)",[]
9643,and ginseng extract,[]
9644,"salt), soy lecithin), yogurt covered cranberries (sugar, palm kernel oil, dried cranberries, nonfat yogurt powder [cultured whey, nonfat milk], cranberry powder, soy lecithin, lactic acid, natural flavor, salt, gum acacia, confectioner's glaze (shellac), corn syrup), roasted almonds (almonds, vegetable oil [canola, safflower and/or sunflower oil], salt)","['dairy', 'soybeans', 'tree nuts']"
9645,char-broiled patties: water,[]
9646,"seasoning (salt, maltodextrin, autolyzed yeast extract, sugar, soy sauce [water, soy, wheat, salt], flavoring, calcium lactate, citric acid, dried chicken, lactic acid, pectin)","['soybeans', 'wheat']"
9647,"tamari saucea (water, soybeansa , salt, vinegara )","['soybeans', 'wheat']"
9648,organic ground chipotle,[]
9649,speckled butter beans,[]
9650,nonfat dried milk,['dairy']
9651,"bread (whole wheat flour, water, cracked wheat, rolled oats, honey, wheat gluten, soybean oil, sea salt, cracked barley, cracked corn, cracked rye, cracked brown rice, cracked triticale, yeast, white distilled vinegar, soy lecithin, cracked hulled millet, cracked oats, cracked soy, cracked flax seeds, wheat flour, cultured wheat starch, enzymes, ascorbic acid [added as a dough conditioner], citric acid)","['wheat', 'soybeans', 'gluten']"
9652,black truffle,[]
9653,"hydrolyzed vegetable protein (hydrolyzed soy protein, hydrolyed corn gluten, yeast extract, ammonium chloride, tartaric acid)",['soybeans']
9654,"enzyme modified cheddar cheese (cheddar cheese [pasteurized milk, cheese cultures, salt, enzymes], water, disodium phosphate, sodium citrate)",['dairy']
9655,certified organic cacao (theobroma cacao),[]
9656,potassium sorbate and citric acid (added as preservatives),[]
9657,japonica rice,[]
9658,contains 2% or less of: dehydrated tomato,[]
9659,"soy sauce (water, hydrolyzed soy protein, corn syrup, salt, caramel color)",['soybeans']
9660,organic fair trade certified cocoa powder processed with alkali,[]
9661,"cheddar cheese sauce (cheddar cheese [milk, cheese culture, salt, enzymes], water, whey, canola oil, sodium phosphate, whey protein concentrate, nonfat milk, contains 2% or less of the following ingredients: salt, sodium alginate, lactic acid, preservative [sorbic acid], color [oleoresin paprika, apocarotenal])",['dairy']
9662,"asiago cheese: (pasteurized milk, cheese cultures, salt and enzymes)",['dairy']
9663,probiotic culture (bacillus coagulans gbi-30 6086),[]
9664,"cheddar cheese flavor (milk, whey, corn syrup, sugar, salt, cheese culture, sodium phosphate, enzymes)",['dairy']
9665,organic orange sweet peppers,[]
9666,"soybean paste (wheat, salt, soybean)","['wheat', 'soybeans']"
9667,citric acid to promote color retention,[]
9668,contains less than 2% of: molasses,[]
9669,"fudge swirl (sugar, water, cocoa, cornstarch, carrageenan, vanilla & natural flavor) natural vanilla flavor",[]
9670,lactic acid (acidity regulator),[]
9671,"roasted peanuts (peanuts, salt)",['peanuts']
9672,and calcium stearate (free flow agent),[]
9673,"dark chocolate (chocolate liquor, sugar)",[]
9674,red color powder: dextrose,[]
9675,no other ingredients,[]
9676,5% or less of each of the following: spices,[]
9677,eggs wheat flour,"['eggs', 'wheat']"
9678,and sodium propionate (preservatives),[]
9679,sweet potato powder,[]
9680,"feta cheese (part skim milk, cheese cultures, salt, enzymes)",['dairy']
9681,"vitamin a (vitamin a palmitate, fish gelatin {emulsifier derived from cod, pollock, haddock, hake, cusk, flatfish and redfish})",['fish']
9682,spice [includes mustard],['mustard']
9683,fair trade organic black tea concentrate,[]
9684,"dill pickle seasoning (salt, dextrose, maltodextrin, autolyzed yeast extract, garlic powder, vinegar, spice, soybean oil (as a processing aid), citric acid, natural flavors, not more than 2% silicon dioxide added to prevent caking) and dextrose",['soybeans']
9685,salt packet: salt,[]
9686,"organic chocolate (organic unsweetened chocolate, organic coconut sugar, organic cocoa butter)), guar gum, acacia gum, salt",[]
9687,kaffir lime,[]
9688,xantham gum,[]
9689,"marshmallows (sugar, modified corn starch, corn syrup, dextrose, gelatin, artificial flavor, yellow 5 & 6, blue 1, red 40)",[]
9690,natural flavor (contains milk),['dairy']
9691,toasted onion flakes,[]
9692,"enzymes), canadian bacon water added made with pork sirloin hips (cured with water",[]
9693,"chocolate powder (natural cocoa powder, sugar, chocolate liquor, cocoa butter, soy lecithin, vanilla)","['soybeans', 'dairy']"
9694,garlic and black pepper,[]
9695,"polydextrose; erythritol; maltitol; skimmed milk powder; cocoa butter; chocolate liquor; vegetable fat (palm oil, sunflower lecithin); full cream milk powder; hazelnut paste; hazelnut pieces; cocoa powder; milk fat; macadamia pieces; soy lecithin; pgpr; carrageenan; natural and artificial flavors; stevia extract","['dairy', 'tree nuts', 'soybeans']"
9696,citric a id,[]
9697,butterfat (from concentrated butter),['dairy']
9698,paprika oleoresin (color}),[]
9699,flaxseed protein,[]
9700,tellicherry pepper,[]
9701,"vegetable oil (corn, canola, sunflower and/or soybean)",['soybeans']
9702,"butter-flavored shortening flake (palm oil, natural butter flavor and soy lecithin)",['soybeans']
9703,vegetable oils (canola soy),['soybeans']
9704,"tapioca syrup (tapioca starch, water)",[]
9705,"dough (whole wheat flour, filtered water, sugar, expeller pressed canola oil, salt)","['wheat', 'gluten']"
9706,thiamine hcl (vit. b1),[]
9707,dried onion and carrot,[]
9708,and less than 2% of high oleic sunflower oil,[]
9709,"flavor), natural flavor, seasoning (hydrolyzed corn gluten",['**gluten']
9710,ice cream: milkfat and nonfat milk,['dairy']
9711,"sweetened dairy solids (sugar, milk solids, milk fat)",['dairy']
9712,"cream cheese (pasteurized milk and cream, salt, carob bean gum, cheese culture)",['dairy']
9713,"parmesan cheese (pasteurized cow's milk, cheese cultures, enzymes, salt)}",['dairy']
9714,topping: organic pepitas (pumpkin seeds),[]
9715,"seasoning: (maltodextrin, flavor, enzyme modified butterfat)]",['dairy']
9716,"brown sugar (sugar, molasses)",[]
9717,"cooked beans (pinto, kidney and black beans)",[]
9718,"dijon mustard (grain vinegar, water, mustard seed, salt, spices, turmeric [color])",['mustard']
9719,red sweety pepp,[]
9720,"modified food stach (tapioca, corn)",[]
9721,"chicken (boneless skinless chicken breast meat with rib meat, water, isolated soy protein product [isolated soy protein, modified food starch, unmodified cornstarch, carrageenan with less than 2% soy lecithin], seasoning [potassium citrate, citric acid, sodium diacetate, vegetable oil], salt, sodium phosphates, carrageenan)",['soybeans']
9722,vegetable oil(partially hydrogenated soybean oil),['soybeans']
9723,white hibiscus,[]
9724,"confectionery coating (sugar, hydrogenated palm kernel oil, nonfat milk powder, soy lecithin, monoglycerides, titanium dioxide [color], artificial flavor)","['dairy', 'soybeans']"
9725,"margerine (palm oil, fractioned palm oil, water, salt, mono and diglycerides, citric acid, sodium benzoate, tbhq, bht, bha as antioxidants, butter flavor, and beta-caroten as a coloring agent) and salt",['dairy']
9726,mono & deglycerides,[]
9727,"2% or less of beef stock (concentrated beef stock, water, salt, natural flavors, canola oil, yeast extract, yeast flavor (wheat), sugar, vegetable stock (carrot juice, celery juice, onion juice), cocoa powder, spices)","['wheat', 'gluten', 'celery']"
9728,"teriyaki sauce (sugar, water, soy sauce [water, soybeans, salt, sugar], modified food starch, prune concentrate juice, salted sake [salted rice wine], salt, lemon concentrate juice, onion powder, natural flavor, xanthan gum)",['soybeans']
9729,potassium diacetate,[]
9730,organic sunflower seed kernels,['**tree nuts']
9731,activated charcoal,[]
9732,"vanilla bean pudding (whole milk, cream, sugar, whole eggs, modified corn starch, vanilla bean paste [sugar, water, vanilla bean extract, vanilla bean specks, gum tragacanth], natural & artificial flavors, salt)","['dairy', 'eggs']"
9733,"organic color (organic black carrot, organic blackcurrant extracts)",[]
9734,"anti-caking agents (cellulose, starch, dextrose, enzyme)",[]
9735,anticaking agent (silicon dioxide),[]
9736,di-sodium phosphates,[]
9737,thiamine mono- nitrate,[]
9738,chicken dark meat,[]
9739,"mayonnaise (soybean oil, whole eggs and egg yolks, vinegar, water, salt, sugar, lemon juice (from concentrate) and natural flavors)","['eggs', 'soybeans']"
9740,dried beet,[]
9741,"(sugar, coconut oil, soybean oil, cocoa powder [processed with alkali], natural flavor, soy lecithin)",['soybeans']
9742,"dark chocolate (organic sugar, chocolate liquor, cocoa butter, cocoa powder [dutch alkalized], sunflower lecithin)",['**dairy']
9743,"(onion powder, autolyzed yeast extract, salt, chicken broth, modified corn starch, natural flavor)",[]
9744,"hydrolyzed vegetable protein (corn, wheat)","['wheat', '**gluten']"
9745,organic ground ginger,[]
9746,roasted red bell pepper,[]
9747,"artificial flavor (natural smoke flavor, caramel color, spices extractives)",[]
9748,contains 2% or less of cocoa (processed with alkali),[]
9749,"grain blend (whole triticale flour, whole spelt flour, whole rice flour, whole oat flour, whole rye flour, whole kamut flour, whole barley flour, whole millet flour, milled golden flax seed, quinoa flour)",['**gluten']
9750,stone ground 100% whole wheat,"['wheat', 'gluten']"
9751,may_contain black pepper,[]
9752,"hydrogenated vegetable oil (palm kernel, soybean)",['soybeans']
9753,contains less than 1% of whey protein concentrate,['dairy']
9754,"organic queso blanco cheese (cultured pasteurized organic milk, salt, animal enzymes)",['dairy']
9755,"to preserve freshness (sodium benzoate, potassium sorbate)",[]
9756,strawberry & carrot juice concentrate sugar - citric acid (for tartness) and aroma,[]
9757,"dark chocolate-flavored maltitol coating (maltitol, chocolate liquor, cocoa butter, milk fat, soy lecithin, vanilla)","['dairy', 'soybeans']"
9758,"contains 2% or less nacho cheese seasoning (salt, cheddar and romano cheese (cow's milk, cheese cultures, salt, enzymes), maltodextrin, buttermilk, whey, monosodium glutamate, dextrose, flavor, spice, sugar, sour cream (cream, cultures, lactic acid), yellow 6 lake, jalapeno pepper, citric acid, cultured nonfat milk, extractives of paprika, yellow 5 lake, lactic acid, red 40 lake)",['dairy']
9759,fresh green beans,[]
9760,natural flavors {crab,['**fish']
9761,gelatin dextrose,[]
9762,"rotisserie seasoning (salt, onion powder, yeast extract, sugar, garlic powder, spice extractive, natural flavoring (celery powder, sea salt), natural flavors (rosemary extract)",['celery']
9763,organic chicken fat,[]
9764,"mango pickles (mango, sushi vinegar (sugar, rice vinegar, water, salt, citric acid, kelp extract (kelp extract, sugar alcohol, hydrogenated starch hydrolysates, alcohol, salt, xanthan gum)), clover honey, chili pepper)",[]
9765,fat free milk,['dairy']
9766,daikon radish seeds,[]
9767,contains 2% or less of the following: silicon dioxide,[]
9768,salt and dextrose,[]
9769,dehydrated sweet potatoes,[]
9770,red wheat berries,['**gluten']
9771,icing: powdered sugar [sugar,[]
9772,carrageenan and natural flavors,[]
9773,"contains 2% or less of each: leavening (baking soda, sodium aluminum phosphate)",[]
9774,whole wheat pastry flour,"['wheat', 'gluten']"
9775,tilapia fillets,['**fish']
9776,clementine juice concentrate,[]
9777,"dijon mustard (water, vinegar, mustard seed, salt, white wine, fruit pectin, citric acid, tartaric acid, sugar, spice)",['mustard']
9778,"sunflower seeds (sunflower seeds, canola oil, salt)",['tree nuts']
9779,sesame seed oil,['sesame']
9780,"enriched bleached wheat flour (bleached wheat flour, niacin, reduced iron, thiamine mononitrate, riboflavin, folic acid)","['wheat', 'gluten']"
9781,pasteurized grade a skim milk,['dairy']
9782,"confetti sequins (sugar, cornstarch, rice flour, palm oil, gum arabic, xanthan gum, natural and artificial flavor, preservative [potassium sorbate], mono- and diglycerides, polysorbate 60, blue 1, red 40, yellow 5, yellow 6)",[]
9783,in shell pistachios and sea salt,['tree nuts']
9784,unsalted tomato paste,[]
9785,"color (titanium dioxide, fd&c yellow #5, fd&c yellow #6, fd&c red #40, fd&c blue #1, fd&c blue #2)",[]
9786,2% or less of corn oil,[]
9787,"organic black cherry puree (organic black cherries, water, organic sugar, organic cherry flavor, pectin, organic lemon juice concentrate)",[]
9788,"gluten free flour (tapioca starch, brown rice flour)",[]
9789,"contains 24 or less of: soy sauce (water, soybeans, salt, sugar)",['soybeans']
9790,tamari,['soybeans']
9791,wholemeal freekeh flour,[]
9792,sodium benzoate and potassium sorbate as a preservative,[]
9793,sodium metabisulfite (preserves whiteness),"['sulphur dioxide', 'sulphites']"
9794,-spices,[]
9795,riboflavin (vitamin b12),[]
9796,mustard seeds and asafoetida,['mustard']
9797,and allspice,[]
9798,"seasoning (salt, maltodextrin, onion and garlic powders, sugar, yeast extract, corn starch, natural flavors, oleoresin turmeric [color], turmeric [color], spice)",[]
9799,pyridoxine (vitamin b6),[]
9800,"mustard (distilled vinegar mustard seed, water, salt, spices, turmeric, natural flavor)",['mustard']
9801,organic pearled couscous (organic durum wheat semolina),"['wheat', 'gluten']"
9802,"parmesan & romano cheese: (pasteurized part-skim cow's milk, cheese cultures, salt, enzymes)",['dairy']
9803,"filling (butternut squash (squash, citric acid), ricotta (whey, whole milk, cream, vinegar), parmesan cheese (pasteurized cultured milk, salt, enzymes), bread crumbs (wheat flour, yeast, salt), heavy cream (cream), apple mostarda (quince, sugar, mustard flavor, citric acid, ascorbic acid), unsalted butter (cream), chicory root fiber, potato starch, vegetable fiber, 2% or less of amaretti cookies (sugar, apricot kernels, egg whites, corn flour, wheat flour, rice, wholemeal, leavening (sodium carbonate, ammonium carbonate), natural flavor), dehydrated potatoes, salt, natural flavors)","['dairy', 'wheat', 'eggs', 'gluten']"
9804,chocolaty peanut butter bunnies {sugar,['peanuts']
9805,italian seasoning,[]
9806,"monster cookie pieces (chocolate flavored sugar coated candies [sugar, cocoa, hydrogenated palm kernel oil, whey, colors added {blue 1, blue 1 lake, blue 2 lake, yellow 5, yellow 5 lake, yellow 6, yellow 6 lake, red 40, red 40 lake, titanium dioxide, caramel color}, nonfat milk, corn syrup, soy lecithin, wax, dextrin, artificial flavor], sugar, rolled oats, wheat flour, butter [cream, salt], coconut oil, cocoa processed with alkali, brown sugar, palm kernel oil, pasteurized eggs, water, butter oil, baking powder [sodium acid pyrophosphate, sodium bicarbonate, cornstarch, monocalcium phosphate], baking soda, salt, soy lecithin, natural flavor)","['dairy', 'soybeans', 'wheat', 'eggs']"
9807,soy and wheat gluten,"['soybeans', 'wheat', 'gluten']"
9808,contains 2% or less of guar gum,[]
9809,orgainc roasted garlic,[]
9810,"margarine (palm oil, salt, mono and diglycerides)",[]
9811,organic tomatillo puree,[]
9812,yeast extract and sodium phosphate,[]
9813,"tomato soup base (tomato powder, sugar, maltodextrin, potato flour, whey, salt, corn starch, corn syrup solids, sunflower oil, onion, spices, turmeric)",['dairy']
9814,"margarine (non-hydrogenated canola oil, water, modified palm and palm kernel oils, salt, whey powder, monoglycerides, soya lecithin, potassium sorbate, artificial flavor vitamin a palmitate, vitamin d3, tran (yellow))","['dairy', 'soybeans']"
9815,"lion's choice seasoning (salt, dextrose, paprika, yeast extract, sugar, dehydrated garlic, dehydrated onion, spice, contains 2% or less tricalcium phosphate [to prevent caking])",[]
9816,ingredients: beet,[]
9817,salt and artificial flavors,[]
9818,"mustard powder (distilled vinegar, mustard seed, salt, turmeric, maltodextrin, modified food starch and natural flavor)",['mustard']
9819,"monocalcium phosphate), partially hydrogenated vegetable shortening (contains soybean oil) with emulsifier (mono- and diglycerides), dextrose, salt, egg yolk, natural and artificial flavor, calcium carbonate, corn starch, egg white, xanthan gum","['eggs', 'soybeans']"
9820,"tomato puree(water, tomato paste)",[]
9821,tri-calcium phosphate+,[]
9822,"cheddar cheese sauce: (cheddar cheese [milk, cheese culture, salt, enzymes], water, whey, canola oil, sodium phosphate, salt, whey protein concentrate, contains less than 2% or less of each of the following: milk, skim milk, sodium alginate, lactic acid, sorbic acid [preservative], cheese culture, apocarotenal [color], enzymes)",['dairy']
9823,desiccated coconut (contains sulfites),['sulphites']
9824,creme fraiche (cultured pasteurized cream),['dairy']
9825,pineapple juice syrup,[]
9826,"partially hydrogenated vegetable oil (soybean, cottonseed)",['soybeans']
9827,rye flakes,[]
9828,palm and palm kernel oil with tbhq for freshness,[]
9829,organic amaranth],[]
9830,quinoa seeds,[]
9831,"filling (high fructose corn syrup, corn syrup, water, blueberry puree concentrate, sugar, glycerin, maltodextrin, sodium alginate, modified corn starch, citric acid, methylcellulose, monocalcium phosphate, xanthan gum, malic acid, natural and artificial flavors, red 40, blue 1)",[]
9832,crushed red peppers,[]
9833,"dark chocolate (sugar, chocolate [processed with alkali], cocoa butter, milkfat, soy lecithin [an emulsifier], vanilla)","['dairy', 'soybeans']"
9834,cultured wheat flour and/or vinegar,['gluten']
9835,"milk flavored confectionery topping (sugar, palm kernel oil, palm fat, whey, nonfat dry milk, lactose, cocoa [processed with alkali], soybean lecithin, natural vanilla flavor)","['dairy', 'lactose', 'soybeans']"
9836,contains 2% or less of each of the following: baby oat flakes,[]
9837,less than 2% of: cellulose gum,[]
9838,mono- and diglycerides with bht and citric acid (preservatives),[]
9839,red grapefruit,[]
9840,organic yellow onion,[]
9841,5% or less of each of the following: wheat gluten,"['wheat', 'gluten']"
9842,"natural toffee bits (granulated sugar, corn syrup and/or glucose syrup, butter [cream], water, palm oil, sea salt, vanilla paste [sugar, vanilla extract, vanilla bean specks, gum tragacanth (thickener)], soy lecithin)","['dairy', 'soybeans']"
9843,natural flavor (contains coconut),[]
9844,onion and garlic powder,[]
9845,acidic sodium aluminum phosphate,[]
9846,"seasoning mix (sugar, garlic powder, salt, mushrooms powder, autolyzed yeast extract, dried spring onion flakes, pepper)",[]
9847,"fully cooked pork sausage patty (pork, water, salt, spices, dextrose, sugar)",[]
9848,organic vanilla pods+,[]
9849,mono- & diglycerides,[]
9850,champagne,[]
9851,"whole milk mozzarella (pasteurized milk, cheese culture, salt, enzymes)",['dairy']
9852,"contains 2% or less: sour cream (cultured cream, enzyme)",['dairy']
9853,"pasta (wheat flour, pasteurized eggs, durum wheat semolina, water)","['wheat', 'eggs']"
9854,shredded mozzarella cheese - pasteurized part-skim milk,['dairy']
9855,confectionery coating [sugar,[]
9856,"semisweet chocolate (sugar, chocolate liquor, cocoa butter, chocolate liquor processed with alkali, whole milk powder, butteroil, soy lecithin, artificial flavor)","['dairy', 'soybeans']"
9857,"sesame sticks (unbleached wheat flour [contains malted barley flour as an enzyme additive], soybean oil, sesame seeds, bulgur wheat, salt, beet powder [color], turmeric [color], garlic sesame sticks (unbleached wheat flour [contains malted barley flour as an enzyme additive), soybean oil], sesame seeds bulgur wheat, salt, garlic powder beet powder [color], turmeric [color])","['wheat', 'soybeans', 'sesame']"
9858,"beef type flavor (beef flavor, maltodextrin, tricalcium phosphate)",[]
9859,"chicken base (roasted chicken meat, salt, chicken fat, dextrose, sugar, natural (flavoring, chicken broth, turmeric), salt, curry powder, spices, white pepper",[]
9860,organic decaffeinated freeze dried coffee,[]
9861,natural cranberry flavor,[]
9862,contains 2% or less than the following: sodium caseinate (a milk derivative),['dairy']
9863,lime juice],[]
9864,spirulina extract and turmeric oleoresin (colors),[]
9865,silicon,[]
9866,natural flavor enzymes,[]
9867,"water and binder product (beef, water, cooking wine [salt, potassium sorbate, rice flavor {ethyl alcohol, water, flavors} added], turbinado sugar, less than 2% of: soy sauce [water, wheat, soybeans, salt], modified tapioca starch, soybean oil, sodium phosphate, whey protein concentrate, carrageenan, sodium citrate)","['soybeans', 'wheat', 'dairy']"
9868,"salt), carob bean gum and guar gum",[]
9869,spirulina and turmeric (for color),[]
9870,natural cilantro type flavor,[]
9871,"seasoning (sugar, brown sugar, maltodextrin, fructose, molasses solids, spices, natural flavors, hydrogenated palm oil, citric acid, sunflower oil, palm oil, white distilled vinegar powder, extractives of paprika, yeast extract, salt, chili pepper, garlic powder, natural smoke flavor, maple syrup solids)",[]
9872,gluten-free vinegar,[]
9873,sponge berry ingredients: cultured pasteurized grade a low fat milk,['dairy']
9874,"cheddar cheese (pasteurized milk, cheese cultures, salt, enzymes, beta-carotene [color])",['dairy']
9875,freshness preserved by bht,[]
9876,less than 2% of distilled vinegar,[]
9877,"protein blend (pea crisps [pea protein, rice starch], pea protein isolate)",[]
9878,gum blend [maltodextrin,[]
9879,apple pectin & fiber xanthan gum,[]
9880,less than 2%: red pepper,[]
9881,organic yellow lentil flour,[]
9882,coated matzo: wheat flour,['wheat']
9883,"flour (unbleached wheat flour, malted barley flour, niacin, reduced iron, thiamin mononitrate, riboflavin, folic acid)",['wheat']
9884,"enzymes (wheat flour, enzymes)",['wheat']
9885,"bread crumbs (wheat flour, less than 2% of each of the following: dextrose, yeast, salt)",['wheat']
9886,and quinine,[]
9887,contains 2% or less of each of the following whey (milk),['dairy']
9888,edta (to protect flavor),[]
9889,"sweet pickles (cucumber, fructose and/or cane sugar, water, vinegar, salt, sodium benzoate and potassium sorbate added as preservatives, xanthan gum, polysorbate 80, natural flavorings, turmeric and alum)",[]
9890,wildflower honey,[]
9891,contains less than 2% of the following: sodium citrate,[]
9892,spices (including coriander),[]
9893,kadota figs,[]
9894,"vegetable gum (cellulose, psyllium)",[]
9895,"cheese manicotti (filling: ricotta cheese [milk, whey, cream, vinegar, xanthan gum, locust bean gum, guar gum], milk, light cream, low moisture part skim mozzarella cheese [cultured part skim milk, salt, enzymes], bread crumbs [wheat flour, dextrose, yeast, salt], parmesan cheese [cultured part skim milk, salt, enzymes], ricotta cheese [whey, milk, vinegar, salt, carrageenan, vitamin a palmitate], eggs, enriched wheat flour [wheat flour, niacin, reduced iron, thiamine mononitrate, riboflavin, folic acid, malted barley flour], romano cheese made from cow's milk [cultured milk, salt, enzymes], water, modified cornstarch, salt, butter [cream, salt], romano cheese with flavor [romano cheese {cultured cow's milk, salt, enzymes}, enzyme modified romano cheese {romano cheese <cultured cow's milk, water, salt, enzymes>, salt}], spices, carrageenan, sodium alginate, dried garlic. pasta: semolina, water, eggs)","['dairy', 'eggs', 'wheat']"
9896,"jalapeno peppers (jalapeno peppers, distilled vinegar, salt, garlic powder, calcium chloride, spices)",[]
9897,pork bellies,[]
9898,contains less than 2% of: yeast,[]
9899,"orange powder (orange juice, rice syrup solids)",[]
9900,"sauce (water, tamari soy sauce [water, soybeans, salt, sugar], chicken broth, apple juice concentrate, butter [cream, salt], cornstarch, rice wine vinegar, sugar, puree blend [carrot, celery, onion], red wine vinegar, salt, spices)","['soybeans', 'dairy', 'celery']"
9901,"tamari sauce (water, soybeans, salt, vinegar)",['soybeans']
9902,"almonds (almonds, cottonseed, peanut and/or canola oil, sea salt)","['tree nuts', 'peanuts']"
9903,"cornstarch), coconut oil, cocoa processed with alkali, milkfat, soy lecithin (emulsifier), natural flavor], high fructose corn syrup, sweetcream buttermilk, whey, contains less than 2% of brown sugar, butter (cream","['dairy', 'soybeans']"
9904,"m&m milk chocolate bits (milk chocolate {sugar, chocolate, skim milk, cocoa butter, lactose, milkfat, soy lecithin, salt, natural & artificial flavors}, sugar, coloring [blue 1 lake, red 40, yellow 6, yellow 5, blue 1, red 40 lake, yellow 6 lake, yellow 5 lake, blue 2 lake, blue 2], corn syrup, dextrin, cornstarch, carnauba wax)","['dairy', 'lactose', 'soybeans']"
9905,"probiotic cultures (bifidobacterium, l. acidophilus, l. paracasei)",[]
9906,tea extract,[]
9907,"mandarin oranges (oranges, water, sugar, citric acid)",[]
9908,apple cider,[]
9909,skim milk modified corn starch,['dairy']
9910,"milk chocolate confectionary coating (sugar, hydrogenated palm kernel oil whey powder, cocoa powder (processed with alkali), soy lecithin, vanillin (artificial flavor)","['dairy', 'soybeans']"
9911,and nisin (added to maintain freshness),[]
9912,less than 2% of the following: c,[]
9913,"vegetable gums (guar, carrageenan, carob bean)",[]
9914,"sour cream blend (cultured cream, nonfat dry milk)",['dairy']
9915,vegetable oil (may contain canola or soybean oil),['**soybeans']
9916,"contains 2% or less of: leavening (glucono delta lactone, baking soda)",[]
9917,artificial color including yellow #5 lake,[]
9918,"enriched wheat flour (flour, niacin, iron, thiamin mononitrate, riboflavin, folic acid)","['gluten', 'wheat']"
9919,contains 2% or less of onion,[]
9920,"pickled red peppers (red peppers, sea salt, citric acid)",[]
9921,red potato,[]
9922,natural flavors (non-dairy),[]
9923,"low-moisture part-skim mozzarella cheese (pasteurized part-skim milk, cheese cultures, salt, enzymes [microbial])",['dairy']
9924,"cooked white sorghum (water, white sorghum)",[]
9925,"seasoning (tomato paste, natural flavor, sunflower oil)",[]
9926,"frosting (sugar, shorteniing (palm oil, canola oil, mono- and diglycerides, polysorbate 60), water, contains 2% or less of: corn syrup, corn starch, modified food starch, natural flavor, salt, preservative (rosemary extract, potassium sorbate), citric acid)",[]
9927,beta-carotene for color,[]
9928,"seed blend (flax, sunflower, hemp, chia) tapioca starch cassava flour organic sunflower oil organic onion green pepper organic garlic sea salt citrus flour jalapeno pepper rosemary extract (for freshness)",[]
9929,"parmigiano reggiano cheese (cow's milk, rennet, salt)",['dairy']
9930,eden organic apple cider vinegar,[]
9931,salt yeast extract,[]
9932,"graham crumb (wheat flour, whole wheat/graham flour, sugar, palm and palm kernel oil, molasses, honey, salt, sodium bicarbonate)","['gluten', 'wheat']"
9933,peanut and/or cottonseed oil,['peanuts']
9934,"concentrated fruit juice (pineapple, mango peach)",[]
9935,contains 2% or less of each of the following: spice (cinnamon),[]
9936,dehydrated eggs,['eggs']
9937,"enriched bleached flour (bleached wheat flour, niacin, iron, thiamine mononitrate, riboflavin, folic acid)","['gluten', 'wheat']"
9938,organic tapioca flour,[]
9939,"buffalo style chicken breast caramel color added (chicken breast, water, less than 2% salt, sugar, vinegar, sodium phosphate, dextrose. browned in vegetable oil. coated with: spices, hot sauce [cayenne red pepper, vinegar, salt, garlic], salt, paprika, modified food starch, caramel color, maltodextrin)",[]
9940,"leavening (sodium bicarbonate, sodium aluminum phosphate, mono-calcium phosphate)",[]
9941,"(cayenne peppers, vinegar, garlic, salt) water",[]
9942,organic elderberry extract,[]
9943,cheese flavor,[]
9944,and sodium caseinate (milk),['dairy']
9945,"dark chocolate peanuts w/sea salt (dark chocolate [sugar, chocolate liquor, cocoa butter, milk fat, soy lecithin - an emulsifier,natural vanilla flavor)","['peanuts', 'dairy', 'soybeans']"
9946,"romano and parmesan cheese (part skim milk, cheese cultures, salt, enzymes)",['dairy']
9947,contains 2% or less of each of the following: salt,[]
9948,"chicken flavoring (yeast extract, natural flavor, chicken meat, salt, maltodextrin, gelatin, whey powder, egg yolk powder, milk powder)","['dairy', 'eggs']"
9949,natural sharp cheddar flavor,['**dairy']
9950,"egg noodles (durum semolina, durum flour, eggs,[enriched with iron (ferrous sulfate) and b vitamins (niacin, thiamin mononitrate, riboflavin, folic acid)], dehydrated vegetables (carrots, potato, celery, peas), corn starch, sea salt, maltodextrin, dextrose, hydrolyzed corn and soy protein, dehydrated onion, sugar, rendered chicken fat, natural flavors, autolyzed yeast extract, parsley & cilantro flakes, spices disodium guanylate and disodium inosinate","['eggs', 'celery', 'soybeans', 'wheat']"
9951,"artificial colours (tartrazine, sunset yellow, allura red)",[]
9952,"artificial colors (red 40, yellow 5, yellow 6, blue 1)",[]
9953,"oreo cookie pieces [unbleached enriched flour (wheat flour, niacin, reduced iron, thiamine mononitrate {vitamin b1}, riboflavin {vitamin b2}, folic acid)",['wheat']
9954,lactic acid bacteria],[]
9955,contains less than 2% of each: silicon dioxide,[]
9956,vegetable oil (palm and/or palm kernel and/or canola and/or coconut oil),[]
9957,"cheese powder (cheddar cheese [milk, cultures, salt, enzymes], whey, reduced lactose whey, maltodextrin, salt, disodium phosphate, blue cheese [milk, cultures, salt, enzymes], nonfat milk, citric acid)",['dairy']
9958,"vanilla caramel ribbon (sugar, water, cornstarch, natural flavors)",[]
9959,"cooked garbanzo beans (water, garbanzo beans, ascorbic acid [color retention])",[]
9960,"organic enriched wheat flour (organic wheat flour, niacin, iron, ascorbic acid, thiamine mononitrate, riboflavin, folic acid, microbial enzyme)",['wheat']
9961,"gum blend (guar gum, locust bean gum and xanthan gum)]",[]
9962,"enriched bleached wheat flour (wheat flour, niacin, reduced iron, benzoyl peroxide, ascorbic acid added as a dough conditioner, thiamine mononitrate, riboflavin, alpha amylase, folic acid, chlorine)",['wheat']
9963,"macaroni and cheese (blanched macaroni product [water, semolina, egg whites], skim milk, water, cheddar cheese [milk, cheese cultures, salt, enzymes, annatto color], cheddar club cheese [cheddar cheese {cultured milk, salt, enzymes}, water, salt, annatto color], soybean oil, 2% or less of bleached wheat flour, modified cornstarch, salt, potassium chloride, whey, mono- & diglycerides, whey protein concentrate, lactic acid, calcium lactate)","['dairy', 'eggs', 'soybeans', 'wheat']"
9964,chamomile extract,[]
9965,natural and artificial flavors (milk),['dairy']
9966,potassium sorbate and carbon dioxide (to maintain freshness),[]
9967,"artificial colors (yellow #5, red #40, yellow #6, blue #1)",[]
9968,"color (beta carotene, caramel)",[]
9969,"cherries (cherries, sugar, sunflower oil)",[]
9970,"contains 2% or less of dijon mustard (vinegar, water, mustard seed, white wine, salt, citric acid, tartaric acid, turmeric [color], spices)",['mustard']
9971,"crispy beet strips (beet, enriched flour [wheat flour, niacin, reduced iron, thiamin mononitrate, riboflavin, folic acid], sunflower and/or safflower oil, seasoning [maltodextrin, salt, brown sugar, sugar, white distilled vinegar, beet powder [color], molasses powder, citric acid, malic acid, natural flavors])",['wheat']
9972,"dried figs (figs, rice flour, dextrose)",[]
9973,ground bay leaf,[]
9974,natural beer flavor,[]
9975,flaxseed flour,[]
9976,green tea powder extract,[]
9977,disodium nosinate,[]
9978,preserved with sodium benzoate and potassium sorbate,[]
9979,grade a caltured pasteurized skim milk,['dairy']
9980,"soy lecithin; dough conditioners (mono and diglycerides, sodium and/or calcium stearoyl lactylate, yeast nutrients (contains one or more of the following: monocalcium phosphate, potassium bromate, calcium sulfate, ammonium sulfate); calcium propionate (preservative), potassium sorbate (preservative)","['soybeans', 'wheat']"
9981,"barley malt extract (barley malt, water)","['gluten', 'wheat']"
9982,sodium citratem malic acid,[]
9983,"oregano seasoning (salt, modified food starch, extractives of origanum)",[]
9984,"carnauba wax) corn syrup, high fructose corn syruo, whole eggs spices, baking soda, ginger. salt, modified soy protein, titanium dioxide (color)","['eggs', 'soybeans']"
9985,"yogurt (pasteurized skim milk, pasteurized cream, apples, cane sugar, madagascar bourbon vanilla, fruit pectin, cinnamon, nutmeg, live active cultures)",['dairy']
9986,lowfat milk with vitamin a palmitate and vitamin d3 added,['dairy']
9987,"color (fd&c yellow #5, yellow #6)",[]
9988,"color (caramel, yellow 5, yellow 6)",[]
9989,vitamin blend: iron (ferric orthophosphate),[]
9990,contains 2% or less of the following: vinegar,[]
9991,chili peppers and other spices,[]
9992,"banana peppers (banana peppers, water, vinegar, salt, calcium chloride [firming agent], 1/10 of 1% benzoate of soda [preservative], fd&c yellow #5, sodium bisulfite [color retainer])",['sulphites']
9993,"chili seasoning (spices, sugar, salt, flavoring, paprika)",[]
9994,grilled yellow capsicum,[]
9995,vitamin a palmitate added],[]
9996,"enriched flour (bleached and unbleached wheat flour, malted barley, niacin, reduced iron, thiamine mononitrate, riboflavin, folic acid)",['wheat']
9997,rennet whey,['dairy']
9998,contains less than 2% of food starch modified,[]
9999,"enriched vermicelli (durum flour, niacin, ferrous sulfate, thiamin mononitrate, riboflavin, folic acid)",['wheat']
